{"stats":{"minecraft:killed":{"minecraft:spider":1,"minecraft:skeleton":2,"minecraft:bee":1,"minecraft:pig":5,"minecraft:creeper":1,"minecraft:sheep":3,"minecraft:zombie":3,"minecraft:donkey":1,"minecraft:cow":3},"minecraft:mined":{"minecraft:white_bed":7,"minecraft:oak_sapling":1,"minecraft:grass_block":34,"minecraft:spruce_leaves":12,"minecraft:large_fern":7,"minecraft:fire":14,"minecraft:peony":5,"minecraft:tripwire":3,"minecraft:dandelion":3,"minecraft:crafting_table":2,"minecraft:cornflower":2,"minecraft:poppy":2,"minecraft:tall_grass":11,"minecraft:oak_planks":2,"minecraft:sugar_cane":54,"minecraft:wall_torch":1,"minecraft:birch_log":1,"minecraft:spruce_log":6,"minecraft:birch_leaves":2,"minecraft:bee_nest":1,"minecraft:grass":81,"minecraft:oak_log":135,"minecraft:dirt":36,"minecraft:fern":1,"minecraft:oak_leaves":42},"minecraft:dropped":{"minecraft:iron_ingot":39,"minecraft:iron_sword":3,"minecraft:wheat_seeds":3,"minecraft:cooked_beef":24,"minecraft:oak_log":38,"minecraft:crafting_table":3,"minecraft:cooked_porkchop":12,"minecraft:cobblestone":274,"minecraft:leather":9,"minecraft:coal":3,"minecraft:stick":19,"minecraft:flint":6,"minecraft:dirt":28,"minecraft:cornflower":8,"minecraft:string":3717,"minecraft:white_wool":9,"minecraft:bucket":4,"minecraft:dandelion":16,"minecraft:gravel":3,"minecraft:furnace":6,"minecraft:stone_axe":1,"minecraft:sugar_cane":27,"minecraft:chicken":3,"minecraft:rotten_flesh":2,"minecraft:oak_planks":64,"minecraft:white_bed":1,"minecraft:shield":3,"minecraft:spruce_planks":129,"minecraft:andesite":24,"minecraft:spider_eye":3,"minecraft:raw_gold":20},"minecraft:picked_up":{"minecraft:iron_chestplate":2,"minecraft:crafting_table":6,"minecraft:chicken":3,"minecraft:shield":3,"minecraft:cornflower":8,"minecraft:string":11378,"minecraft:iron_axe":1,"minecraft:large_fern":1,"minecraft:bucket":4,"minecraft:spruce_planks":137,"minecraft:beef":3,"minecraft:iron_nugget":12,"minecraft:poppy":3,"minecraft:sugar_cane":215,"minecraft:egg":3,"minecraft:iron_boots":1,"minecraft:furnace":6,"minecraft:golden_helmet":1,"minecraft:stick":34,"minecraft:torch":3,"minecraft:porkchop":12,"minecraft:golden_axe":1,"minecraft:arrow":4,"minecraft:rotten_flesh":11,"minecraft:pumpkin_pie":1,"minecraft:peony":2,"minecraft:saddle":1,"minecraft:mutton":7,"minecraft:white_wool":12,"minecraft:cobblestone":286,"minecraft:birch_log":1,"minecraft:feather":10,"minecraft:cooked_beef":24,"minecraft:andesite":24,"minecraft:leather":17,"minecraft:potato":7,"minecraft:flint":6,"minecraft:oak_log":137,"minecraft:gunpowder":10,"minecraft:dirt":113,"minecraft:paper":124,"minecraft:bone":10,"minecraft:apple":8,"minecraft:wheat_seeds":15,"minecraft:raw_gold":20,"minecraft:iron_ingot":39,"minecraft:oak_planks":366,"minecraft:iron_sword":3,"minecraft:cooked_porkchop":12,"minecraft:dandelion":18,"minecraft:gravel":3,"minecraft:white_bed":8,"minecraft:spruce_log":5,"minecraft:spider_eye":3,"minecraft:spruce_boat":9,"minecraft:stone_axe":1,"minecraft:iron_helmet":1,"minecraft:diamond_axe":1,"minecraft:bread":8,"minecraft:emerald":60,"minecraft:oak_sapling":29,"minecraft:coal":10},"minecraft:custom":{"minecraft:mob_kills":20,"minecraft:inspect_hopper":2,"minecraft:interact_with_crafting_table":7,"minecraft:open_barrel":4,"minecraft:bell_ring":62,"minecraft:leave_game":5,"minecraft:time_since_death":206,"minecraft:climb_one_cm":292,"minecraft:sprint_one_cm":466915,"minecraft:walk_one_cm":255147,"minecraft:drop":2343,"minecraft:talked_to_villager":94,"minecraft:play_time":128332,"minecraft:deaths":7,"minecraft:sneak_time":1521,"minecraft:walk_under_water_one_cm":28516,"minecraft:boat_one_cm":157246,"minecraft:jump":3257,"minecraft:interact_with_brewingstand":1,"minecraft:walk_on_water_one_cm":25404,"minecraft:total_world_time":128332,"minecraft:interact_with_furnace":1,"minecraft:traded_with_villager":349,"minecraft:sleep_in_bed":3,"minecraft:time_since_rest":230,"minecraft:open_enderchest":9,"minecraft:damage_taken":2542,"minecraft:damage_dealt":3565,"minecraft:swim_one_cm":65257,"minecraft:fly_one_cm":2220684,"minecraft:player_kills":1,"minecraft:open_chest":99,"minecraft:crouch_one_cm":2399,"minecraft:fall_one_cm":133595},"minecraft:used":{"minecraft:chest":1,"minecraft:iron_sword":3,"minecraft:rotten_flesh":1,"minecraft:torch":1,"minecraft:dirt":57,"minecraft:mutton":4,"minecraft:carrot":8,"minecraft:spruce_boat":8,"minecraft:iron_axe":168,"minecraft:beef":3,"minecraft:oak_sapling":7,"minecraft:potato":6,"minecraft:oak_planks":2,"minecraft:cookie":2,"minecraft:crafting_table":3,"minecraft:white_bed":7,"minecraft:apple":8,"minecraft:bread":8,"minecraft:string":6,"minecraft:stone_axe":1,"minecraft:porkchop":12,"minecraft:birch_log":1,"minecraft:bone_meal":20},"minecraft:killed_by":{"minecraft:creeper":1,"minecraft:iron_golem":1,"minecraft:zombie":3},"minecraft:crafted":{"minecraft:oak_planks":304,"minecraft:bone_meal":21,"minecraft:diamond_helmet":1,"minecraft:diamond_leggings":1,"minecraft:chest":1,"minecraft:diamond_boots":1,"minecraft:spruce_boat":1,"minecraft:emerald":343,"minecraft:diamond_axe":1,"minecraft:crafting_table":1,"minecraft:spruce_planks":20,"minecraft:air":0,"minecraft:paper":90,"minecraft:diamond_pickaxe":1,"minecraft:white_bed":1,"minecraft:diamond_chestplate":1}},"DataVersion":3337}