{"stats":{"minecraft:dropped":{"minecraft:wheat_seeds":2,"minecraft:wooden_axe":1,"minecraft:lily_pad":1},"minecraft:used":{"minecraft:wooden_axe":27,"minecraft:wooden_hoe":36,"minecraft:bread":13,"minecraft:oak_planks":21,"minecraft:spruce_sapling":1,"minecraft:blue_bed":1,"minecraft:dirt":21,"minecraft:sweet_berries":54,"minecraft:crafting_table":6,"minecraft:white_bed":2,"minecraft:oak_boat":7,"minecraft:snowball":18},"minecraft:custom":{"minecraft:time_since_rest":12308,"minecraft:sprint_one_cm":173787,"minecraft:damage_taken":765,"minecraft:walk_one_cm":72478,"minecraft:mob_kills":4,"minecraft:drop":4,"minecraft:damage_dealt":1065,"minecraft:swim_one_cm":4897,"minecraft:interact_with_crafting_table":7,"minecraft:fly_one_cm":333485,"minecraft:crouch_one_cm":2152,"minecraft:play_time":61620,"minecraft:sneak_time":2123,"minecraft:walk_under_water_one_cm":2056,"minecraft:boat_one_cm":288497,"minecraft:jump":2067,"minecraft:leave_game":9,"minecraft:time_since_death":61620,"minecraft:walk_on_water_one_cm":9817,"minecraft:sleep_in_bed":3,"minecraft:total_world_time":61620,"minecraft:climb_one_cm":1643,"minecraft:fall_one_cm":48455},"minecraft:killed":{"minecraft:iron_golem":1},"minecraft:mined":{"minecraft:large_fern":7,"minecraft:hay_block":35,"minecraft:white_bed":4,"minecraft:sweet_berry_bush":24,"minecraft:birch_leaves":6,"minecraft:crafting_table":6,"minecraft:grass":40,"minecraft:grass_block":5,"minecraft:oak_log":10,"minecraft:sunflower":2,"minecraft:dirt":2,"minecraft:spruce_leaves":12,"minecraft:oak_planks":5,"minecraft:oak_leaves":5,"minecraft:blue_bed":1,"minecraft:fern":2},"minecraft:picked_up":{"minecraft:crafting_table":6,"minecraft:sweet_berries":54,"minecraft:oak_log":10,"minecraft:lily_pad":19,"minecraft:spruce_sapling":1,"minecraft:white_bed":4,"minecraft:dirt":21,"minecraft:blue_bed":1,"minecraft:wheat_seeds":2,"minecraft:hay_block":35,"minecraft:iron_ingot":3,"minecraft:oak_boat":7,"minecraft:oak_planks":5,"minecraft:snowball":18},"minecraft:crafted":{"minecraft:oak_boat":1,"minecraft:oak_planks":40,"minecraft:wooden_hoe":1,"minecraft:shield":1,"minecraft:crafting_table":1,"minecraft:stick":8,"minecraft:wooden_axe":1,"minecraft:iron_sword":1,"minecraft:bread":105,"minecraft:wheat":315}},"DataVersion":3337}