{"stats":{"minecraft:used":{"minecraft:stone_pickaxe":3,"minecraft:wooden_pickaxe":35,"minecraft:white_wool":4,"minecraft:torch":1,"minecraft:dirt":7,"minecraft:crafting_table":3,"minecraft:apple":1,"minecraft:spruce_sapling":2,"minecraft:stone_axe":66,"minecraft:furnace":3,"minecraft:oak_sapling":1,"minecraft:egg":10,"minecraft:cooked_beef":2},"minecraft:custom":{"minecraft:interact_with_furnace":29,"minecraft:mob_kills":36,"minecraft:interact_with_crafting_table":5,"minecraft:leave_game":2,"minecraft:time_since_death":18167,"minecraft:time_since_rest":18167,"minecraft:sprint_one_cm":111414,"minecraft:walk_one_cm":27223,"minecraft:drop":10,"minecraft:damage_dealt":2150,"minecraft:swim_one_cm":1345,"minecraft:fly_one_cm":80489,"minecraft:crouch_one_cm":2652,"minecraft:play_time":18167,"minecraft:sneak_time":1033,"minecraft:walk_under_water_one_cm":56,"minecraft:jump":395,"minecraft:walk_on_water_one_cm":589,"minecraft:total_world_time":18167,"minecraft:fall_one_cm":9099},"minecraft:killed":{"minecraft:pig":1,"minecraft:sheep":6,"minecraft:chicken":21,"minecraft:cow":8},"minecraft:mined":{"minecraft:crafting_table":3,"minecraft:torch":7,"minecraft:grass_block":3,"minecraft:campfire":1,"minecraft:spruce_leaves":10,"minecraft:purple_bed":1,"minecraft:furnace":3,"minecraft:wheat":12,"minecraft:sweet_berry_bush":6,"minecraft:spruce_log":16,"minecraft:birch_leaves":1,"minecraft:pumpkin_stem":1,"minecraft:potatoes":1,"minecraft:oak_log":12,"minecraft:dirt":4,"minecraft:stone":33,"minecraft:oak_leaves":19,"minecraft:fern":1},"minecraft:dropped":{"minecraft:sweet_berries":14,"minecraft:wheat_seeds":59,"minecraft:wheat":2,"minecraft:potato":1,"minecraft:brown_wool":1,"minecraft:wooden_pickaxe":2,"minecraft:spruce_sapling":3},"minecraft:picked_up":{"minecraft:charcoal":2,"minecraft:crafting_table":3,"minecraft:wheat":11,"minecraft:feather":23,"minecraft:chicken":30,"minecraft:brown_wool":2,"minecraft:leather":7,"minecraft:wooden_pickaxe":1,"minecraft:potato":1,"minecraft:oak_log":12,"minecraft:dirt":7,"minecraft:apple":1,"minecraft:wheat_seeds":59,"minecraft:beef":18,"minecraft:light_gray_wool":1,"minecraft:oak_planks":56,"minecraft:egg":10,"minecraft:furnace":3,"minecraft:stick":3,"minecraft:sweet_berries":14,"minecraft:torch":7,"minecraft:porkchop":3,"minecraft:spruce_sapling":5,"minecraft:spruce_log":16,"minecraft:purple_bed":1,"minecraft:oak_sapling":1,"minecraft:mutton":7,"minecraft:white_wool":4,"minecraft:cobblestone":33},"minecraft:crafted":{"minecraft:cooked_beef":18,"minecraft:oak_planks":48,"minecraft:cooked_porkchop":3,"minecraft:crafting_table":1,"minecraft:spruce_planks":64,"minecraft:wooden_pickaxe":1,"minecraft:cooked_chicken":12,"minecraft:furnace":3,"minecraft:stone_axe":1,"minecraft:bread":3,"minecraft:cooked_mutton":7,"minecraft:air":0,"minecraft:stick":16,"minecraft:stone_pickaxe":1}},"DataVersion":3337}