{"stats":{"minecraft:used":{"minecraft:stone_sword":18,"minecraft:stone_pickaxe":19,"minecraft:shield":2,"minecraft:spruce_planks":1,"minecraft:wooden_pickaxe":15,"minecraft:stone_axe":3,"minecraft:dirt":2,"minecraft:sweet_berries":12,"minecraft:crafting_table":3,"minecraft:furnace":2},"minecraft:custom":{"minecraft:time_since_rest":8652,"minecraft:interact_with_furnace":3,"minecraft:sprint_one_cm":40334,"minecraft:damage_taken":110,"minecraft:walk_one_cm":8176,"minecraft:damage_blocked_by_shield":60,"minecraft:mob_kills":9,"minecraft:damage_dealt":800,"minecraft:swim_one_cm":1796,"minecraft:interact_with_crafting_table":6,"minecraft:fly_one_cm":49835,"minecraft:crouch_one_cm":411,"minecraft:play_time":8652,"minecraft:sneak_time":174,"minecraft:walk_under_water_one_cm":189,"minecraft:jump":280,"minecraft:walk_on_water_one_cm":1824,"minecraft:time_since_death":8652,"minecraft:total_world_time":8652,"minecraft:fall_one_cm":8554},"minecraft:killed":{"minecraft:sheep":4,"minecraft:skeleton":1,"minecraft:pig":1,"minecraft:fox":1,"minecraft:chicken":2},"minecraft:mined":{"minecraft:furnace":1,"minecraft:iron_ore":1,"minecraft:sweet_berry_bush":4,"minecraft:spruce_log":6,"minecraft:crafting_table":3,"minecraft:grass_block":2,"minecraft:coal_ore":13,"minecraft:spruce_leaves":4,"minecraft:stone":19},"minecraft:picked_up":{"minecraft:crafting_table":3,"minecraft:raw_iron":1,"minecraft:feather":3,"minecraft:chicken":2,"minecraft:sweet_berries":12,"minecraft:porkchop":2,"minecraft:spruce_log":6,"minecraft:dirt":2,"minecraft:mutton":4,"minecraft:coal":13,"minecraft:white_wool":4,"minecraft:cobblestone":19,"minecraft:furnace":1},"minecraft:crafted":{"minecraft:shield":1,"minecraft:crafting_table":1,"minecraft:spruce_planks":24,"minecraft:stick":8,"minecraft:iron_ingot":1,"minecraft:wooden_pickaxe":1,"minecraft:stone_pickaxe":1,"minecraft:stone_sword":1,"minecraft:furnace":1,"minecraft:stone_axe":1,"minecraft:air":0}},"DataVersion":3337}