{"stats":{"minecraft:used":{"minecraft:cooked_mutton":4,"minecraft:stone_sword":40,"minecraft:stone_pickaxe":19,"minecraft:shield":4,"minecraft:spruce_planks":1,"minecraft:wooden_pickaxe":15,"minecraft:stone_axe":3,"minecraft:sand":3,"minecraft:dirt":12,"minecraft:sweet_berries":12,"minecraft:crafting_table":3,"minecraft:furnace":2,"minecraft:cooked_porkchop":1},"minecraft:custom":{"minecraft:time_since_rest":15910,"minecraft:interact_with_furnace":8,"minecraft:sprint_one_cm":58092,"minecraft:damage_taken":455,"minecraft:walk_one_cm":13590,"minecraft:damage_blocked_by_shield":110,"minecraft:mob_kills":13,"minecraft:drop":3,"minecraft:damage_dealt":1755,"minecraft:swim_one_cm":3843,"minecraft:interact_with_crafting_table":6,"minecraft:fly_one_cm":68999,"minecraft:crouch_one_cm":585,"minecraft:play_time":15910,"minecraft:sneak_time":235,"minecraft:walk_under_water_one_cm":1473,"minecraft:jump":420,"minecraft:leave_game":1,"minecraft:walk_on_water_one_cm":5254,"minecraft:time_since_death":15910,"minecraft:total_world_time":15910,"minecraft:fall_one_cm":10624},"minecraft:killed":{"minecraft:sheep":4,"minecraft:skeleton":3,"minecraft:zombie":2,"minecraft:pig":1,"minecraft:fox":1,"minecraft:chicken":2},"minecraft:mined":{"minecraft:furnace":1,"minecraft:iron_ore":1,"minecraft:sweet_berry_bush":4,"minecraft:spruce_log":6,"minecraft:crafting_table":3,"minecraft:grass_block":12,"minecraft:coal_ore":13,"minecraft:dirt":3,"minecraft:sand":3,"minecraft:spruce_leaves":4,"minecraft:stone":19},"minecraft:dropped":{"minecraft:feather":3},"minecraft:picked_up":{"minecraft:crafting_table":3,"minecraft:raw_iron":1,"minecraft:feather":3,"minecraft:chicken":2,"minecraft:sweet_berries":12,"minecraft:sand":3,"minecraft:porkchop":2,"minecraft:spruce_log":6,"minecraft:dirt":15,"minecraft:bone":1,"minecraft:rotten_flesh":1,"minecraft:mutton":4,"minecraft:coal":13,"minecraft:white_wool":4,"minecraft:cobblestone":19,"minecraft:furnace":1},"minecraft:crafted":{"minecraft:cooked_porkchop":2,"minecraft:shield":1,"minecraft:crafting_table":1,"minecraft:spruce_planks":24,"minecraft:stick":8,"minecraft:cooked_chicken":2,"minecraft:iron_ingot":1,"minecraft:wooden_pickaxe":1,"minecraft:stone_pickaxe":1,"minecraft:stone_sword":1,"minecraft:furnace":1,"minecraft:stone_axe":1,"minecraft:cooked_mutton":4,"minecraft:air":0}},"DataVersion":3337}