{"stats":{"minecraft:killed":{"minecraft:spider":4,"minecraft:skeleton":11,"minecraft:fox":1,"minecraft:chicken":4,"minecraft:pig":11,"minecraft:bat":1,"minecraft:sheep":26,"minecraft:donkey":7,"minecraft:zombie":10,"minecraft:villager":1,"minecraft:enderman":19,"minecraft:cow":7},"minecraft:mined":{"minecraft:white_bed":6,"minecraft:mossy_cobblestone":1,"minecraft:deepslate_diamond_ore":3,"minecraft:cobblestone_stairs":1,"minecraft:end_stone":28,"minecraft:obsidian":3,"minecraft:granite":2,"minecraft:grass_block":23,"minecraft:spruce_leaves":22,"minecraft:spawner":1,"minecraft:nether_wart":2,"minecraft:glowstone":1,"minecraft:furnace":13,"minecraft:iron_ore":38,"minecraft:cobbled_deepslate":2,"minecraft:deepslate_lapis_ore":5,"minecraft:dirt_path":2,"minecraft:deepslate_iron_ore":10,"minecraft:oak_stairs":50,"minecraft:stripped_oak_log":4,"minecraft:stone":186,"minecraft:white_wool":2,"minecraft:tripwire":1,"minecraft:glass_pane":3,"minecraft:cornflower":2,"minecraft:crafting_table":14,"minecraft:lectern":1,"minecraft:tall_grass":3,"minecraft:cobblestone":92,"minecraft:oak_planks":37,"minecraft:deepslate_gold_ore":15,"minecraft:lapis_ore":5,"minecraft:diorite":2,"minecraft:wall_torch":4,"minecraft:coarse_dirt":1,"minecraft:sweet_berry_bush":11,"minecraft:spruce_log":16,"minecraft:birch_leaves":7,"minecraft:grass":17,"minecraft:coal_ore":54,"minecraft:oak_log":43,"minecraft:sand":13,"minecraft:dirt":16,"minecraft:stone_bricks":1,"minecraft:gold_ore":3,"minecraft:netherrack":16,"minecraft:deepslate":50,"minecraft:oak_leaves":18,"minecraft:fern":1},"minecraft:dropped":{"minecraft:iron_sword":2,"minecraft:netherite_pickaxe":1,"minecraft:wheat_seeds":2,"minecraft:lapis_lazuli":11,"minecraft:mossy_cobblestone":1,"minecraft:glass_bottle":2,"minecraft:crafting_table":1,"minecraft:netherite_axe":1,"minecraft:netherite_chestplate":1,"minecraft:netherite_helmet":1,"minecraft:iron_helmet":2,"minecraft:feather":7,"minecraft:leather":2,"minecraft:apple":64,"minecraft:fletching_table":2,"minecraft:chainmail_helmet":1,"minecraft:emerald":42,"minecraft:stick":7,"minecraft:dirt":1,"minecraft:diorite":18,"minecraft:cornflower":3,"minecraft:potion":1,"minecraft:iron_leggings":1,"minecraft:iron_axe":1,"minecraft:iron_pickaxe":2,"minecraft:string":16,"minecraft:white_wool":1,"minecraft:redstone":2,"minecraft:bone":7,"minecraft:furnace":3,"minecraft:stone_axe":3,"minecraft:blackstone":1,"minecraft:sugar_cane":25,"minecraft:stone_sword":1,"minecraft:diamond_hoe":1,"minecraft:netherite_sword":1,"minecraft:raw_iron":5,"minecraft:chicken":1,"minecraft:rotten_flesh":2,"minecraft:iron_boots":8,"minecraft:diamond_shovel":1,"minecraft:ender_eye":8,"minecraft:netherite_leggings":1,"minecraft:diamond_sword":2,"minecraft:poppy":1,"minecraft:spruce_boat":1,"minecraft:shield":1,"minecraft:diamond_chestplate":1,"minecraft:iron_chestplate":2,"minecraft:purple_bed":1,"minecraft:chainmail_boots":4,"minecraft:bow":2,"minecraft:arrow":7,"minecraft:stone_pickaxe":2},"minecraft:picked_up":{"minecraft:iron_chestplate":2,"minecraft:coarse_dirt":1,"minecraft:crafting_table":15,"minecraft:chainmail_boots":4,"minecraft:chicken":4,"minecraft:nether_wart":5,"minecraft:diamond_sword":2,"minecraft:oak_stairs":47,"minecraft:enchanted_book":2,"minecraft:potion":1,"minecraft:shield":3,"minecraft:cornflower":3,"minecraft:string":5941,"minecraft:iron_axe":2,"minecraft:iron_leggings":1,"minecraft:blackstone":1,"minecraft:cracked_stone_bricks":2,"minecraft:cobbled_deepslate":86,"minecraft:netherite_sword":1,"minecraft:spruce_planks":4,"minecraft:beef":6,"minecraft:oak_boat":6,"minecraft:ender_eye":8,"minecraft:poppy":1,"minecraft:iron_pickaxe":2,"minecraft:lectern":1,"minecraft:sugar_cane":3,"minecraft:egg":1,"minecraft:birch_sapling":1,"minecraft:diamond_hoe":1,"minecraft:iron_boots":8,"minecraft:furnace":14,"minecraft:raw_iron":64,"minecraft:stick":32,"minecraft:end_stone":26,"minecraft:oak_door":1,"minecraft:torch":9,"minecraft:porkchop":22,"minecraft:pointed_dripstone":1,"minecraft:diorite":20,"minecraft:redstone":3,"minecraft:netherite_pickaxe":1,"minecraft:arrow":9,"minecraft:rotten_flesh":9,"minecraft:diamond_chestplate":1,"minecraft:netherite_chestplate":1,"minecraft:mutton":27,"minecraft:obsidian":1,"minecraft:white_wool":27,"minecraft:blaze_powder":2,"minecraft:cobblestone":347,"minecraft:oxeye_daisy":1,"minecraft:stripped_oak_log":4,"minecraft:feather":11,"minecraft:cooked_beef":7,"minecraft:water_bucket":1,"minecraft:leather":14,"minecraft:tuff":1,"minecraft:oak_log":54,"minecraft:cobblestone_stairs":2,"minecraft:netherite_leggings":1,"minecraft:lapis_lazuli":171,"minecraft:dirt":70,"minecraft:cooked_mutton":11,"minecraft:bone":14,"minecraft:apple":55,"minecraft:stone_bricks":4,"minecraft:bow":2,"minecraft:wheat_seeds":4,"minecraft:raw_gold":70,"minecraft:iron_ingot":35,"minecraft:netherite_axe":1,"minecraft:mossy_stone_bricks":3,"minecraft:fletching_table":2,"minecraft:glass_bottle":1,"minecraft:glowstone_dust":4,"minecraft:oak_planks":66,"minecraft:iron_sword":2,"minecraft:birch_boat":1,"minecraft:cooked_porkchop":3,"minecraft:sweet_berries":30,"minecraft:dandelion":1,"minecraft:gravel":1,"minecraft:sand":12,"minecraft:spruce_sapling":1,"minecraft:white_bed":6,"minecraft:spruce_log":15,"minecraft:dragon_egg":1,"minecraft:mossy_cobblestone":1,"minecraft:diamond_shovel":1,"minecraft:purple_bed":1,"minecraft:stone_axe":2,"minecraft:diamond":15,"minecraft:spruce_boat":16,"minecraft:netherite_helmet":1,"minecraft:iron_helmet":2,"minecraft:granite":8,"minecraft:golden_apple":9,"minecraft:gray_wool":1,"minecraft:chainmail_helmet":1,"minecraft:emerald":10,"minecraft:bread":29,"minecraft:netherrack":78,"minecraft:oak_sapling":3,"minecraft:black_wool":1,"minecraft:chorus_fruit":2,"minecraft:coal":142,"minecraft:ender_pearl":12},"minecraft:custom":{"minecraft:interact_with_anvil":17,"minecraft:mob_kills":103,"minecraft:inspect_hopper":15,"minecraft:interact_with_crafting_table":42,"minecraft:open_barrel":15,"minecraft:bell_ring":5,"minecraft:leave_game":17,"minecraft:time_since_death":198580,"minecraft:sprint_one_cm":1098366,"minecraft:walk_one_cm":335813,"minecraft:damage_blocked_by_shield":1505,"minecraft:drop":98,"minecraft:talked_to_villager":206,"minecraft:play_time":281551,"minecraft:sneak_time":8849,"minecraft:deaths":2,"minecraft:walk_under_water_one_cm":15747,"minecraft:boat_one_cm":152255,"minecraft:jump":9305,"minecraft:interact_with_brewingstand":4,"minecraft:walk_on_water_one_cm":49095,"minecraft:total_world_time":281551,"minecraft:interact_with_furnace":113,"minecraft:traded_with_villager":583,"minecraft:interact_with_grindstone":5,"minecraft:sleep_in_bed":13,"minecraft:time_since_rest":53892,"minecraft:damage_absorbed":454,"minecraft:damage_taken":4231,"minecraft:damage_dealt":20629,"minecraft:player_kills":1,"minecraft:swim_one_cm":44507,"minecraft:fly_one_cm":2262018,"minecraft:open_chest":316,"minecraft:crouch_one_cm":22021,"minecraft:fall_one_cm":232404},"minecraft:used":{"minecraft:stone_sword":54,"minecraft:spruce_planks":8,"minecraft:shield":25,"minecraft:nether_wart":2,"minecraft:iron_sword":96,"minecraft:cooked_chicken":3,"minecraft:rotten_flesh":7,"minecraft:netherrack":14,"minecraft:torch":2,"minecraft:dirt":53,"minecraft:mutton":9,"minecraft:obsidian":1,"minecraft:granite":2,"minecraft:spruce_boat":16,"minecraft:wooden_axe":7,"minecraft:iron_axe":103,"minecraft:birch_sapling":1,"minecraft:stone_bricks":4,"minecraft:diamond_chestplate":1,"minecraft:glowstone":1,"minecraft:beef":6,"minecraft:sweet_berries":30,"minecraft:oak_sapling":3,"minecraft:furnace":16,"minecraft:egg":1,"minecraft:cooked_beef":7,"minecraft:cobbled_deepslate":53,"minecraft:pointed_dripstone":1,"minecraft:cooked_mutton":24,"minecraft:water_bucket":32,"minecraft:mossy_stone_bricks":3,"minecraft:diorite":2,"minecraft:cobblestone_stairs":2,"minecraft:diamond_boots":1,"minecraft:glass_bottle":6,"minecraft:stone_pickaxe":138,"minecraft:oak_planks":140,"minecraft:ender_pearl":11,"minecraft:wooden_pickaxe":29,"minecraft:birch_boat":1,"minecraft:cracked_stone_bricks":2,"minecraft:cookie":8,"minecraft:white_wool":16,"minecraft:golden_apple":13,"minecraft:sand":3,"minecraft:crafting_table":14,"minecraft:white_bed":6,"minecraft:end_stone":25,"minecraft:diamond_pickaxe":278,"minecraft:apple":13,"minecraft:iron_pickaxe":100,"minecraft:string":6,"minecraft:bread":29,"minecraft:lectern":1,"minecraft:gravel":1,"minecraft:spruce_sapling":1,"minecraft:stone_axe":66,"minecraft:diamond_sword":210,"minecraft:potion":4,"minecraft:cobblestone":269,"minecraft:porkchop":14,"minecraft:cooked_porkchop":9,"minecraft:dandelion":1,"minecraft:coarse_dirt":1,"minecraft:oak_boat":6,"minecraft:air":1,"minecraft:bucket":33},"minecraft:killed_by":{"minecraft:player":1},"minecraft:crafted":{"minecraft:oak_planks":172,"minecraft:cooked_chicken":3,"minecraft:furnace":6,"minecraft:cooked_mutton":13,"minecraft:flint_and_steel":1,"minecraft:glass":6,"minecraft:diamond_helmet":1,"minecraft:diamond_leggings":1,"minecraft:iron_boots":1,"minecraft:stone_pickaxe":2,"minecraft:diamond_boots":1,"minecraft:spruce_boat":1,"minecraft:glass_bottle":3,"minecraft:diamond_sword":1,"minecraft:emerald":538,"minecraft:cooked_porkchop":6,"minecraft:crafting_table":3,"minecraft:spruce_planks":52,"minecraft:wooden_pickaxe":2,"minecraft:iron_helmet":1,"minecraft:iron_sword":1,"minecraft:bucket":1,"minecraft:stone_axe":2,"minecraft:glowstone":1,"minecraft:enchanted_book":13,"minecraft:air":0,"minecraft:apple":64,"minecraft:oak_boat":1,"minecraft:iron_chestplate":1,"minecraft:book":13,"minecraft:paper":69,"minecraft:diamond_pickaxe":1,"minecraft:golden_apple":11,"minecraft:shield":1,"minecraft:stick":28,"minecraft:iron_ingot":15,"minecraft:iron_pickaxe":1,"minecraft:wooden_axe":1,"minecraft:stone_sword":1,"minecraft:iron_leggings":1,"minecraft:gold_ingot":91,"minecraft:white_bed":1,"minecraft:lapis_lazuli":11,"minecraft:diamond_chestplate":1}},"DataVersion":3337}