{"stats":{"minecraft:broken":{"minecraft:flint_and_steel":1,"minecraft:stone_pickaxe":1,"minecraft:golden_sword":1,"minecraft:iron_pickaxe":1},"minecraft:used":{"minecraft:flint_and_steel":100,"minecraft:chest":2,"minecraft:shield":37,"minecraft:iron_sword":172,"minecraft:oak_door":2,"minecraft:torch":2,"minecraft:dirt":6,"minecraft:carrot":22,"minecraft:tuff":26,"minecraft:wooden_axe":28,"minecraft:iron_axe":13,"minecraft:stone_bricks":1,"minecraft:smooth_basalt":8,"minecraft:golden_sword":32,"minecraft:magma_block":4,"minecraft:bow":5,"minecraft:sweet_berries":53,"minecraft:furnace":6,"minecraft:cooked_beef":11,"minecraft:cobbled_deepslate":183,"minecraft:calcite":4,"minecraft:cooked_mutton":3,"minecraft:amethyst_block":4,"minecraft:birch_planks":1,"minecraft:oak_planks":25,"minecraft:stone_pickaxe":252,"minecraft:wooden_pickaxe":10,"minecraft:sugar_cane":11,"minecraft:rail":2,"minecraft:crafting_table":10,"minecraft:white_bed":3,"minecraft:dripstone_block":4,"minecraft:diamond_pickaxe":16,"minecraft:iron_pickaxe":467,"minecraft:gravel":2,"minecraft:stone_axe":2,"minecraft:cobblestone":58,"minecraft:cooked_porkchop":19,"minecraft:andesite":13},"minecraft:custom":{"minecraft:mob_kills":71,"minecraft:interact_with_crafting_table":31,"minecraft:bell_ring":3,"minecraft:leave_game":3,"minecraft:time_since_death":100003,"minecraft:climb_one_cm":295,"minecraft:sprint_one_cm":300701,"minecraft:walk_one_cm":121056,"minecraft:damage_blocked_by_shield":1640,"minecraft:drop":55,"minecraft:talked_to_villager":2,"minecraft:play_time":100003,"minecraft:sneak_time":21097,"minecraft:walk_under_water_one_cm":12328,"minecraft:jump":3221,"minecraft:interact_with_blast_furnace":6,"minecraft:walk_on_water_one_cm":22207,"minecraft:total_world_time":100003,"minecraft:interact_with_furnace":58,"minecraft:sleep_in_bed":1,"minecraft:time_since_rest":33826,"minecraft:damage_taken":3603,"minecraft:damage_dealt":11798,"minecraft:swim_one_cm":30880,"minecraft:fly_one_cm":525074,"minecraft:open_chest":47,"minecraft:crouch_one_cm":49574,"minecraft:fall_one_cm":125015},"minecraft:killed":{"minecraft:spider":5,"minecraft:skeleton":18,"minecraft:pig":2,"minecraft:creeper":3,"minecraft:sheep":6,"minecraft:zombie":18,"minecraft:enderman":2,"minecraft:cow":14},"minecraft:mined":{"minecraft:diamond_ore":2,"minecraft:tuff":28,"minecraft:white_bed":1,"minecraft:deepslate_diamond_ore":74,"minecraft:mossy_stone_brick_slab":3,"minecraft:oak_door":1,"minecraft:obsidian":4,"minecraft:granite":10,"minecraft:grass_block":3,"minecraft:spruce_leaves":8,"minecraft:magma_block":6,"minecraft:furnace":4,"minecraft:carrots":11,"minecraft:iron_ore":13,"minecraft:cobbled_deepslate":8,"minecraft:fire":12,"minecraft:andesite":38,"minecraft:deepslate_lapis_ore":11,"minecraft:gold_block":1,"minecraft:pointed_dripstone":1,"minecraft:potatoes":5,"minecraft:deepslate_iron_ore":74,"minecraft:rail":2,"minecraft:stone":144,"minecraft:stone_brick_slab":2,"minecraft:crafting_table":7,"minecraft:calcite":4,"minecraft:chest":1,"minecraft:tall_grass":1,"minecraft:cobblestone":9,"minecraft:deepslate_coal_ore":4,"minecraft:deepslate_gold_ore":60,"minecraft:sugar_cane":4,"minecraft:oak_planks":1,"minecraft:diorite":3,"minecraft:wall_torch":2,"minecraft:amethyst_block":4,"minecraft:wheat":2,"minecraft:sweet_berry_bush":25,"minecraft:stone_brick_stairs":1,"minecraft:grass":5,"minecraft:oak_log":19,"minecraft:coal_ore":16,"minecraft:gravel":5,"minecraft:dirt":10,"minecraft:smooth_basalt":9,"minecraft:stone_bricks":1,"minecraft:netherrack":3,"minecraft:mossy_stone_bricks":1,"minecraft:oak_leaves":3,"minecraft:deepslate":195,"minecraft:fern":1},"minecraft:picked_up":{"minecraft:crafting_table":7,"minecraft:wheat":1,"minecraft:gold_block":1,"minecraft:stone_brick_stairs":1,"minecraft:amethyst_block":4,"minecraft:string":5,"minecraft:cobbled_deepslate":229,"minecraft:beef":30,"minecraft:calcite":4,"minecraft:sugar_cane":4,"minecraft:chest":1,"minecraft:furnace":4,"minecraft:raw_iron":85,"minecraft:oak_door":1,"minecraft:torch":2,"minecraft:porkchop":5,"minecraft:pointed_dripstone":4,"minecraft:diorite":3,"minecraft:carrot":33,"minecraft:arrow":9,"minecraft:rotten_flesh":13,"minecraft:obsidian":4,"minecraft:mutton":10,"minecraft:rail":5,"minecraft:white_wool":7,"minecraft:cobblestone":153,"minecraft:magma_block":7,"minecraft:andesite":36,"minecraft:leather":13,"minecraft:potato":15,"minecraft:birch_planks":3,"minecraft:flint":3,"minecraft:tuff":28,"minecraft:oak_log":19,"minecraft:gunpowder":2,"minecraft:lapis_lazuli":72,"minecraft:dirt":13,"minecraft:bone":20,"minecraft:stone_bricks":4,"minecraft:bow":2,"minecraft:wheat_seeds":14,"minecraft:raw_gold":60,"minecraft:stone_pickaxe":1,"minecraft:mossy_stone_bricks":1,"minecraft:oak_planks":52,"minecraft:smooth_basalt":13,"minecraft:sweet_berries":59,"minecraft:stone_brick_slab":2,"minecraft:gravel":2,"minecraft:dripstone_block":5,"minecraft:ink_sac":2,"minecraft:white_bed":2,"minecraft:mossy_stone_brick_slab":8,"minecraft:diamond":75,"minecraft:granite":10,"minecraft:netherrack":4,"minecraft:coal":23},"minecraft:dropped":{"minecraft:iron_ingot":4,"minecraft:birch_planks":2,"minecraft:wheat_seeds":14,"minecraft:diamond":64,"minecraft:cobblestone":66,"minecraft:granite":10,"minecraft:rail":3,"minecraft:gold_block":3,"minecraft:dirt":7,"minecraft:diorite":3,"minecraft:ink_sac":2,"minecraft:wooden_axe":1,"minecraft:stone_brick_slab":2,"minecraft:smooth_basalt":5,"minecraft:sweet_berries":6,"minecraft:cobbled_deepslate":25,"minecraft:wheat":1,"minecraft:pointed_dripstone":4,"minecraft:rotten_flesh":5,"minecraft:oak_planks":51,"minecraft:mossy_stone_brick_slab":8,"minecraft:andesite":23,"minecraft:mossy_stone_bricks":1,"minecraft:stone_bricks":3,"minecraft:wooden_pickaxe":1,"minecraft:stone_pickaxe":2,"minecraft:magma_block":3,"minecraft:stone_brick_stairs":1,"minecraft:netherrack":4},"minecraft:crafted":{"minecraft:oak_door":3,"minecraft:oak_planks":76,"minecraft:furnace":2,"minecraft:cooked_mutton":3,"minecraft:bow":1,"minecraft:iron_boots":1,"minecraft:iron_axe":1,"minecraft:stone_pickaxe":2,"minecraft:chest":1,"minecraft:cooked_beef":30,"minecraft:cooked_porkchop":4,"minecraft:crafting_table":3,"minecraft:wooden_pickaxe":1,"minecraft:iron_helmet":1,"minecraft:iron_sword":1,"minecraft:stone_axe":1,"minecraft:air":0,"minecraft:book":1,"minecraft:paper":3,"minecraft:diamond_pickaxe":1,"minecraft:shield":1,"minecraft:stick":20,"minecraft:iron_ingot":24,"minecraft:iron_pickaxe":2,"minecraft:wooden_axe":1,"minecraft:white_bed":1}},"DataVersion":3337}