{"stats":{"minecraft:broken":{"minecraft:stone_pickaxe":1,"minecraft:golden_sword":1,"minecraft:iron_pickaxe":1},"minecraft:used":{"minecraft:flint_and_steel":36,"minecraft:chest":1,"minecraft:shield":15,"minecraft:iron_sword":29,"minecraft:oak_door":2,"minecraft:torch":2,"minecraft:dirt":3,"minecraft:tuff":26,"minecraft:wooden_axe":28,"minecraft:iron_axe":12,"minecraft:smooth_basalt":8,"minecraft:golden_sword":32,"minecraft:sweet_berries":53,"minecraft:furnace":4,"minecraft:cooked_beef":5,"minecraft:cobbled_deepslate":176,"minecraft:calcite":4,"minecraft:cooked_mutton":3,"minecraft:amethyst_block":4,"minecraft:stone_pickaxe":252,"minecraft:oak_planks":3,"minecraft:wooden_pickaxe":10,"minecraft:rail":2,"minecraft:crafting_table":10,"minecraft:white_bed":1,"minecraft:diamond_pickaxe":7,"minecraft:iron_pickaxe":308,"minecraft:stone_axe":2,"minecraft:cobblestone":30,"minecraft:cooked_porkchop":7,"minecraft:andesite":6},"minecraft:custom":{"minecraft:mob_kills":25,"minecraft:interact_with_crafting_table":27,"minecraft:leave_game":1,"minecraft:time_since_death":62574,"minecraft:climb_one_cm":295,"minecraft:sprint_one_cm":199392,"minecraft:walk_one_cm":64546,"minecraft:damage_blocked_by_shield":545,"minecraft:drop":31,"minecraft:talked_to_villager":2,"minecraft:play_time":62574,"minecraft:sneak_time":16292,"minecraft:walk_under_water_one_cm":7890,"minecraft:jump":1672,"minecraft:walk_on_water_one_cm":13644,"minecraft:total_world_time":62574,"minecraft:interact_with_furnace":33,"minecraft:time_since_rest":62574,"minecraft:damage_taken":1548,"minecraft:damage_dealt":3775,"minecraft:swim_one_cm":29872,"minecraft:fly_one_cm":285561,"minecraft:open_chest":24,"minecraft:crouch_one_cm":35940,"minecraft:fall_one_cm":57269},"minecraft:killed":{"minecraft:spider":1,"minecraft:skeleton":6,"minecraft:pig":2,"minecraft:sheep":6,"minecraft:zombie":6,"minecraft:cow":3},"minecraft:mined":{"minecraft:diamond_ore":2,"minecraft:tuff":27,"minecraft:deepslate_diamond_ore":67,"minecraft:oak_door":1,"minecraft:mossy_stone_brick_slab":3,"minecraft:obsidian":1,"minecraft:granite":10,"minecraft:grass_block":1,"minecraft:spruce_leaves":8,"minecraft:magma_block":4,"minecraft:furnace":4,"minecraft:iron_ore":6,"minecraft:cobbled_deepslate":8,"minecraft:fire":10,"minecraft:andesite":38,"minecraft:deepslate_lapis_ore":5,"minecraft:gold_block":1,"minecraft:pointed_dripstone":1,"minecraft:deepslate_iron_ore":15,"minecraft:rail":2,"minecraft:stone":117,"minecraft:stone_brick_slab":2,"minecraft:crafting_table":7,"minecraft:calcite":4,"minecraft:chest":1,"minecraft:tall_grass":1,"minecraft:cobblestone":4,"minecraft:deepslate_gold_ore":39,"minecraft:diorite":3,"minecraft:wall_torch":2,"minecraft:amethyst_block":4,"minecraft:sweet_berry_bush":25,"minecraft:stone_brick_stairs":1,"minecraft:grass":2,"minecraft:coal_ore":7,"minecraft:oak_log":19,"minecraft:dirt":9,"minecraft:gravel":3,"minecraft:smooth_basalt":9,"minecraft:stone_bricks":1,"minecraft:netherrack":3,"minecraft:mossy_stone_bricks":1,"minecraft:oak_leaves":3,"minecraft:deepslate":181,"minecraft:fern":1},"minecraft:dropped":{"minecraft:wheat_seeds":1,"minecraft:diamond":64,"minecraft:cobblestone":58,"minecraft:granite":8,"minecraft:rail":3,"minecraft:dirt":7,"minecraft:diorite":3,"minecraft:wooden_axe":1,"minecraft:stone_brick_slab":2,"minecraft:smooth_basalt":5,"minecraft:sweet_berries":6,"minecraft:cobbled_deepslate":24,"minecraft:pointed_dripstone":4,"minecraft:rotten_flesh":5,"minecraft:mossy_stone_brick_slab":2,"minecraft:andesite":12,"minecraft:mossy_stone_bricks":1,"minecraft:stone_pickaxe":2,"minecraft:wooden_pickaxe":1,"minecraft:magma_block":1,"minecraft:stone_brick_stairs":1,"minecraft:netherrack":1},"minecraft:picked_up":{"minecraft:crafting_table":7,"minecraft:gold_block":1,"minecraft:stone_brick_stairs":1,"minecraft:amethyst_block":4,"minecraft:string":2,"minecraft:cobbled_deepslate":200,"minecraft:beef":6,"minecraft:calcite":4,"minecraft:chest":1,"minecraft:furnace":4,"minecraft:raw_iron":21,"minecraft:oak_door":1,"minecraft:torch":2,"minecraft:porkchop":5,"minecraft:pointed_dripstone":4,"minecraft:diorite":3,"minecraft:arrow":3,"minecraft:rotten_flesh":5,"minecraft:mutton":10,"minecraft:obsidian":1,"minecraft:white_wool":6,"minecraft:rail":5,"minecraft:cobblestone":121,"minecraft:magma_block":1,"minecraft:andesite":36,"minecraft:leather":4,"minecraft:flint":2,"minecraft:tuff":26,"minecraft:oak_log":19,"minecraft:lapis_lazuli":32,"minecraft:dirt":10,"minecraft:bone":7,"minecraft:wheat_seeds":1,"minecraft:raw_gold":39,"minecraft:stone_pickaxe":1,"minecraft:mossy_stone_bricks":1,"minecraft:smooth_basalt":13,"minecraft:sweet_berries":59,"minecraft:stone_brick_slab":2,"minecraft:mossy_stone_brick_slab":2,"minecraft:diamond":68,"minecraft:granite":10,"minecraft:netherrack":1,"minecraft:coal":11},"minecraft:crafted":{"minecraft:oak_door":3,"minecraft:oak_planks":76,"minecraft:furnace":2,"minecraft:cooked_mutton":3,"minecraft:iron_boots":1,"minecraft:iron_axe":1,"minecraft:stone_pickaxe":2,"minecraft:chest":1,"minecraft:cooked_beef":5,"minecraft:cooked_porkchop":4,"minecraft:crafting_table":3,"minecraft:wooden_pickaxe":1,"minecraft:iron_helmet":1,"minecraft:iron_sword":1,"minecraft:stone_axe":1,"minecraft:air":0,"minecraft:diamond_pickaxe":1,"minecraft:shield":1,"minecraft:stick":20,"minecraft:iron_ingot":21,"minecraft:iron_pickaxe":2,"minecraft:wooden_axe":1,"minecraft:white_bed":1}},"DataVersion":3337}