{"stats":{"minecraft:used":{"minecraft:stone_pickaxe":1,"minecraft:jungle_stairs":1,"minecraft:spruce_planks":6,"minecraft:wooden_pickaxe":12,"minecraft:leather_boots":1,"minecraft:stone_axe":74,"minecraft:dirt":4,"minecraft:cobblestone":6,"minecraft:sweet_berries":29,"minecraft:crafting_table":1,"minecraft:carrot":18},"minecraft:custom":{"minecraft:time_since_rest":35999,"minecraft:sprint_one_cm":145816,"minecraft:damage_taken":470,"minecraft:walk_one_cm":24436,"minecraft:mob_kills":25,"minecraft:drop":4,"minecraft:damage_dealt":3420,"minecraft:talked_to_villager":1,"minecraft:swim_one_cm":57586,"minecraft:interact_with_crafting_table":2,"minecraft:fly_one_cm":576887,"minecraft:open_chest":8,"minecraft:crouch_one_cm":6296,"minecraft:play_time":35999,"minecraft:sneak_time":2218,"minecraft:walk_under_water_one_cm":7088,"minecraft:jump":1757,"minecraft:time_since_death":35999,"minecraft:walk_on_water_one_cm":8510,"minecraft:total_world_time":35999,"minecraft:fall_one_cm":45500},"minecraft:killed":{"minecraft:sheep":12,"minecraft:pig":5,"minecraft:spider":1,"minecraft:iron_golem":1,"minecraft:cow":5,"minecraft:polar_bear":1},"minecraft:mined":{"minecraft:hay_block":36,"minecraft:spruce_planks":3,"minecraft:sweet_berry_bush":19,"minecraft:ice":1,"minecraft:spruce_log":29,"minecraft:oak_fence":1,"minecraft:jungle_stairs":1,"minecraft:grass":4,"minecraft:grass_block":1,"minecraft:chest":1,"minecraft:dirt":3,"minecraft:tall_grass":1,"minecraft:birch_slab":1,"minecraft:spruce_leaves":5,"minecraft:stone":12,"minecraft:sugar_cane":3,"minecraft:oak_leaves":1,"minecraft:spruce_slab":1,"minecraft:fern":2},"minecraft:picked_up":{"minecraft:stick":2,"minecraft:birch_slab":1,"minecraft:sweet_berries":48,"minecraft:oak_fence":1,"minecraft:leather":4,"minecraft:porkchop":12,"minecraft:spruce_sapling":1,"minecraft:spruce_log":29,"minecraft:lapis_lazuli":8,"minecraft:dirt":4,"minecraft:wheat_seeds":1,"minecraft:stone_axe":1,"minecraft:gold_nugget":8,"minecraft:jungle_stairs":1,"minecraft:spruce_planks":3,"minecraft:hay_block":36,"minecraft:beef":13,"minecraft:iron_ingot":8,"minecraft:gold_ingot":10,"minecraft:emerald":5,"minecraft:iron_nugget":16,"minecraft:poppy":4,"minecraft:spruce_slab":1,"minecraft:chest":1,"minecraft:sugar_cane":12,"minecraft:mutton":21,"minecraft:white_wool":12,"minecraft:cobblestone":12},"minecraft:dropped":{"minecraft:filled_map":1,"minecraft:poppy":2,"minecraft:stone_axe":1,"minecraft:spruce_sapling":1},"minecraft:crafted":{"minecraft:crafting_table":1,"minecraft:spruce_planks":116,"minecraft:stick":8,"minecraft:wooden_pickaxe":1,"minecraft:stone_pickaxe":1,"minecraft:wooden_axe":1,"minecraft:stone_axe":1}},"DataVersion":3337}