{"stats":{"minecraft:used":{"minecraft:stone_pickaxe":1,"minecraft:spruce_planks":2,"minecraft:wooden_pickaxe":12,"minecraft:leather_boots":1,"minecraft:stone_axe":37,"minecraft:dirt":4,"minecraft:cobblestone":6,"minecraft:sweet_berries":29,"minecraft:crafting_table":1,"minecraft:carrot":10},"minecraft:custom":{"minecraft:time_since_rest":23999,"minecraft:sprint_one_cm":103743,"minecraft:damage_taken":310,"minecraft:walk_one_cm":12017,"minecraft:mob_kills":5,"minecraft:drop":1,"minecraft:damage_dealt":700,"minecraft:swim_one_cm":39712,"minecraft:interact_with_crafting_table":2,"minecraft:fly_one_cm":441448,"minecraft:open_chest":2,"minecraft:crouch_one_cm":3809,"minecraft:play_time":23999,"minecraft:sneak_time":1412,"minecraft:walk_under_water_one_cm":3578,"minecraft:jump":1263,"minecraft:time_since_death":23999,"minecraft:walk_on_water_one_cm":6956,"minecraft:total_world_time":23999,"minecraft:fall_one_cm":31439},"minecraft:killed":{"minecraft:sheep":3,"minecraft:spider":1,"minecraft:polar_bear":1},"minecraft:mined":{"minecraft:spruce_planks":3,"minecraft:sweet_berry_bush":19,"minecraft:ice":1,"minecraft:spruce_log":29,"minecraft:jungle_stairs":1,"minecraft:grass":1,"minecraft:grass_block":1,"minecraft:chest":1,"minecraft:dirt":3,"minecraft:spruce_leaves":5,"minecraft:stone":12,"minecraft:sugar_cane":3,"minecraft:spruce_slab":1,"minecraft:fern":2},"minecraft:dropped":{"minecraft:spruce_sapling":1},"minecraft:picked_up":{"minecraft:stick":2,"minecraft:sweet_berries":48,"minecraft:spruce_sapling":1,"minecraft:spruce_log":29,"minecraft:lapis_lazuli":8,"minecraft:dirt":4,"minecraft:gold_nugget":8,"minecraft:jungle_stairs":1,"minecraft:spruce_planks":3,"minecraft:iron_ingot":4,"minecraft:gold_ingot":10,"minecraft:emerald":5,"minecraft:iron_nugget":16,"minecraft:spruce_slab":1,"minecraft:chest":1,"minecraft:sugar_cane":12,"minecraft:mutton":5,"minecraft:white_wool":3,"minecraft:cobblestone":12},"minecraft:crafted":{"minecraft:crafting_table":1,"minecraft:spruce_planks":116,"minecraft:stick":8,"minecraft:wooden_pickaxe":1,"minecraft:stone_pickaxe":1,"minecraft:wooden_axe":1,"minecraft:stone_axe":1}},"DataVersion":3337}