{"stats":{"minecraft:used":{"minecraft:wooden_axe":28,"minecraft:stone_pickaxe":48,"minecraft:wooden_pickaxe":10,"minecraft:crafting_table":2,"minecraft:sweet_berries":6},"minecraft:custom":{"minecraft:time_since_rest":7418,"minecraft:sprint_one_cm":24619,"minecraft:damage_taken":231,"minecraft:walk_one_cm":4772,"minecraft:mob_kills":5,"minecraft:damage_dealt":600,"minecraft:swim_one_cm":7852,"minecraft:interact_with_crafting_table":5,"minecraft:fly_one_cm":29834,"minecraft:crouch_one_cm":5433,"minecraft:play_time":7418,"minecraft:sneak_time":2336,"minecraft:walk_under_water_one_cm":1801,"minecraft:jump":131,"minecraft:time_since_death":7418,"minecraft:walk_on_water_one_cm":3310,"minecraft:total_world_time":7418,"minecraft:fall_one_cm":2723},"minecraft:killed":{"minecraft:sheep":2,"minecraft:pig":1,"minecraft:cow":2},"minecraft:mined":{"minecraft:sweet_berry_bush":24,"minecraft:crafting_table":1,"minecraft:granite":6,"minecraft:grass":2,"minecraft:coal_ore":7,"minecraft:grass_block":1,"minecraft:oak_log":19,"minecraft:dirt":9,"minecraft:spruce_leaves":4,"minecraft:stone":43,"minecraft:oak_leaves":2,"minecraft:fern":1},"minecraft:picked_up":{"minecraft:crafting_table":1,"minecraft:sweet_berries":59,"minecraft:leather":3,"minecraft:porkchop":3,"minecraft:oak_log":19,"minecraft:dirt":10,"minecraft:wheat_seeds":1,"minecraft:beef":5,"minecraft:granite":6,"minecraft:mutton":3,"minecraft:coal":7,"minecraft:white_wool":2,"minecraft:cobblestone":43},"minecraft:crafted":{"minecraft:oak_planks":76,"minecraft:crafting_table":1,"minecraft:stick":8,"minecraft:wooden_pickaxe":1,"minecraft:stone_pickaxe":1,"minecraft:wooden_axe":1,"minecraft:stone_axe":1}},"DataVersion":3337}