{"stats":{"minecraft:used":{"minecraft:stone_axe":21,"minecraft:dirt":4,"minecraft:sweet_berries":22,"minecraft:crafting_table":1,"minecraft:wooden_pickaxe":12},"minecraft:custom":{"minecraft:time_since_rest":11999,"minecraft:crouch_one_cm":2315,"minecraft:play_time":11999,"minecraft:sprint_one_cm":55983,"minecraft:damage_taken":135,"minecraft:walk_one_cm":5430,"minecraft:sneak_time":820,"minecraft:walk_under_water_one_cm":674,"minecraft:drop":1,"minecraft:jump":624,"minecraft:walk_on_water_one_cm":1070,"minecraft:time_since_death":11999,"minecraft:total_world_time":11999,"minecraft:swim_one_cm":20342,"minecraft:interact_with_crafting_table":2,"minecraft:fall_one_cm":17917,"minecraft:fly_one_cm":206320},"minecraft:mined":{"minecraft:grass":1,"minecraft:grass_block":1,"minecraft:dirt":3,"minecraft:sweet_berry_bush":19,"minecraft:spruce_leaves":5,"minecraft:spruce_log":29,"minecraft:stone":12,"minecraft:sugar_cane":3,"minecraft:fern":2},"minecraft:dropped":{"minecraft:spruce_sapling":1},"minecraft:picked_up":{"minecraft:stick":2,"minecraft:sweet_berries":48,"minecraft:spruce_sapling":1,"minecraft:spruce_log":29,"minecraft:sugar_cane":12,"minecraft:dirt":4,"minecraft:cobblestone":12},"minecraft:crafted":{"minecraft:stone_axe":1,"minecraft:crafting_table":1,"minecraft:spruce_planks":32,"minecraft:stick":8,"minecraft:stone_pickaxe":1,"minecraft:wooden_pickaxe":1,"minecraft:wooden_axe":1}},"DataVersion":3337}