{"stats":{"minecraft:used":{"minecraft:stone_pickaxe":179,"minecraft:wooden_pickaxe":10,"minecraft:oak_door":2,"minecraft:dirt":3,"minecraft:crafting_table":4,"minecraft:wooden_axe":28,"minecraft:iron_axe":3,"minecraft:iron_pickaxe":57,"minecraft:cobblestone":8,"minecraft:sweet_berries":14,"minecraft:furnace":2,"minecraft:cooked_porkchop":1,"minecraft:andesite":6},"minecraft:custom":{"minecraft:interact_with_furnace":18,"minecraft:mob_kills":5,"minecraft:interact_with_crafting_table":14,"minecraft:time_since_death":19418,"minecraft:time_since_rest":19418,"minecraft:sprint_one_cm":37613,"minecraft:damage_taken":261,"minecraft:walk_one_cm":14179,"minecraft:drop":2,"minecraft:damage_dealt":600,"minecraft:swim_one_cm":21432,"minecraft:fly_one_cm":31085,"minecraft:crouch_one_cm":15831,"minecraft:play_time":19418,"minecraft:sneak_time":7417,"minecraft:walk_under_water_one_cm":6998,"minecraft:jump":172,"minecraft:walk_on_water_one_cm":9293,"minecraft:total_world_time":19418,"minecraft:fall_one_cm":3501},"minecraft:killed":{"minecraft:pig":1,"minecraft:sheep":2,"minecraft:cow":2},"minecraft:mined":{"minecraft:diamond_ore":2,"minecraft:deepslate_diamond_ore":17,"minecraft:oak_door":1,"minecraft:crafting_table":3,"minecraft:granite":8,"minecraft:grass_block":1,"minecraft:calcite":3,"minecraft:cobblestone":2,"minecraft:spruce_leaves":4,"minecraft:deepslate_gold_ore":8,"minecraft:diorite":3,"minecraft:amethyst_block":4,"minecraft:magma_block":1,"minecraft:furnace":2,"minecraft:iron_ore":6,"minecraft:sweet_berry_bush":24,"minecraft:andesite":20,"minecraft:grass":2,"minecraft:oak_log":19,"minecraft:coal_ore":7,"minecraft:deepslate_iron_ore":4,"minecraft:rail":1,"minecraft:gravel":1,"minecraft:dirt":9,"minecraft:smooth_basalt":6,"minecraft:stone":86,"minecraft:deepslate":63,"minecraft:oak_leaves":2,"minecraft:fern":1},"minecraft:dropped":{"minecraft:stone_pickaxe":2},"minecraft:picked_up":{"minecraft:crafting_table":3,"minecraft:magma_block":1,"minecraft:andesite":18,"minecraft:leather":3,"minecraft:flint":1,"minecraft:oak_log":19,"minecraft:amethyst_block":4,"minecraft:dirt":10,"minecraft:wheat_seeds":1,"minecraft:cobbled_deepslate":63,"minecraft:raw_gold":8,"minecraft:beef":5,"minecraft:stone_pickaxe":1,"minecraft:calcite":3,"minecraft:furnace":2,"minecraft:raw_iron":10,"minecraft:smooth_basalt":5,"minecraft:oak_door":1,"minecraft:sweet_berries":59,"minecraft:porkchop":3,"minecraft:diorite":3,"minecraft:diamond":19,"minecraft:granite":8,"minecraft:rail":1,"minecraft:mutton":3,"minecraft:coal":10,"minecraft:white_wool":2,"minecraft:cobblestone":88},"minecraft:crafted":{"minecraft:cooked_beef":5,"minecraft:oak_door":3,"minecraft:oak_planks":76,"minecraft:cooked_porkchop":3,"minecraft:crafting_table":2,"minecraft:wooden_pickaxe":1,"minecraft:furnace":2,"minecraft:stone_axe":1,"minecraft:cooked_mutton":3,"minecraft:air":0,"minecraft:iron_axe":1,"minecraft:stick":16,"minecraft:iron_ingot":6,"minecraft:iron_pickaxe":1,"minecraft:stone_pickaxe":2,"minecraft:wooden_axe":1}},"DataVersion":3337}