{"stats":{"minecraft:broken":{"minecraft:stone_pickaxe":1,"minecraft:iron_pickaxe":1},"minecraft:used":{"minecraft:calcite":4,"minecraft:amethyst_block":4,"minecraft:stone_pickaxe":252,"minecraft:oak_planks":3,"minecraft:chest":1,"minecraft:wooden_pickaxe":10,"minecraft:iron_sword":6,"minecraft:oak_door":2,"minecraft:torch":2,"minecraft:dirt":3,"minecraft:rail":2,"minecraft:crafting_table":8,"minecraft:tuff":26,"minecraft:wooden_axe":28,"minecraft:diamond_pickaxe":2,"minecraft:iron_axe":11,"minecraft:iron_pickaxe":259,"minecraft:smooth_basalt":8,"minecraft:stone_axe":2,"minecraft:cobblestone":29,"minecraft:sweet_berries":18,"minecraft:furnace":4,"minecraft:cooked_porkchop":3,"minecraft:andesite":6,"minecraft:cooked_beef":2,"minecraft:cobbled_deepslate":120},"minecraft:custom":{"minecraft:interact_with_furnace":30,"minecraft:mob_kills":9,"minecraft:interact_with_crafting_table":26,"minecraft:time_since_death":43418,"minecraft:climb_one_cm":295,"minecraft:time_since_rest":43418,"minecraft:sprint_one_cm":127980,"minecraft:damage_taken":439,"minecraft:walk_one_cm":38924,"minecraft:drop":18,"minecraft:damage_dealt":1131,"minecraft:swim_one_cm":24617,"minecraft:fly_one_cm":116288,"minecraft:open_chest":17,"minecraft:crouch_one_cm":29377,"minecraft:play_time":43418,"minecraft:sneak_time":14063,"minecraft:walk_under_water_one_cm":7152,"minecraft:jump":789,"minecraft:walk_on_water_one_cm":10623,"minecraft:total_world_time":43418,"minecraft:fall_one_cm":12556},"minecraft:killed":{"minecraft:pig":1,"minecraft:sheep":5,"minecraft:zombie":1,"minecraft:cow":2},"minecraft:mined":{"minecraft:diamond_ore":2,"minecraft:tuff":27,"minecraft:deepslate_diamond_ore":65,"minecraft:oak_door":1,"minecraft:crafting_table":7,"minecraft:granite":8,"minecraft:grass_block":1,"minecraft:calcite":4,"minecraft:chest":1,"minecraft:cobblestone":3,"minecraft:spruce_leaves":6,"minecraft:deepslate_gold_ore":22,"minecraft:diorite":3,"minecraft:wall_torch":2,"minecraft:amethyst_block":4,"minecraft:magma_block":1,"minecraft:furnace":4,"minecraft:cobbled_deepslate":5,"minecraft:iron_ore":6,"minecraft:sweet_berry_bush":24,"minecraft:andesite":38,"minecraft:deepslate_lapis_ore":5,"minecraft:gold_block":1,"minecraft:grass":2,"minecraft:pointed_dripstone":1,"minecraft:oak_log":19,"minecraft:coal_ore":7,"minecraft:deepslate_iron_ore":15,"minecraft:rail":2,"minecraft:gravel":3,"minecraft:dirt":9,"minecraft:smooth_basalt":9,"minecraft:stone":108,"minecraft:deepslate":178,"minecraft:oak_leaves":2,"minecraft:fern":1},"minecraft:dropped":{"minecraft:wheat_seeds":1,"minecraft:cobbled_deepslate":24,"minecraft:diamond":64,"minecraft:pointed_dripstone":2,"minecraft:granite":8,"minecraft:rail":3,"minecraft:dirt":7,"minecraft:diorite":3,"minecraft:andesite":12,"minecraft:wooden_axe":1,"minecraft:wooden_pickaxe":1,"minecraft:stone_pickaxe":2,"minecraft:magma_block":1,"minecraft:smooth_basalt":5},"minecraft:picked_up":{"minecraft:crafting_table":7,"minecraft:magma_block":1,"minecraft:andesite":36,"minecraft:leather":3,"minecraft:gold_block":1,"minecraft:flint":2,"minecraft:tuff":26,"minecraft:oak_log":19,"minecraft:amethyst_block":4,"minecraft:lapis_lazuli":32,"minecraft:dirt":10,"minecraft:wheat_seeds":1,"minecraft:cobbled_deepslate":195,"minecraft:raw_gold":22,"minecraft:beef":5,"minecraft:stone_pickaxe":1,"minecraft:calcite":4,"minecraft:chest":1,"minecraft:furnace":4,"minecraft:raw_iron":21,"minecraft:smooth_basalt":13,"minecraft:oak_door":1,"minecraft:sweet_berries":59,"minecraft:torch":2,"minecraft:porkchop":3,"minecraft:pointed_dripstone":4,"minecraft:diorite":3,"minecraft:diamond":67,"minecraft:granite":8,"minecraft:rail":5,"minecraft:mutton":8,"minecraft:coal":11,"minecraft:white_wool":5,"minecraft:cobblestone":111},"minecraft:crafted":{"minecraft:cooked_beef":5,"minecraft:oak_door":3,"minecraft:oak_planks":76,"minecraft:cooked_porkchop":3,"minecraft:crafting_table":3,"minecraft:wooden_pickaxe":1,"minecraft:iron_helmet":1,"minecraft:iron_sword":1,"minecraft:furnace":2,"minecraft:stone_axe":1,"minecraft:cooked_mutton":3,"minecraft:air":0,"minecraft:iron_boots":1,"minecraft:diamond_pickaxe":1,"minecraft:shield":1,"minecraft:iron_axe":1,"minecraft:stick":20,"minecraft:iron_ingot":21,"minecraft:iron_pickaxe":2,"minecraft:stone_pickaxe":2,"minecraft:wooden_axe":1,"minecraft:chest":1}},"DataVersion":3337}