{"stats":{"minecraft:used":{"minecraft:calcite":4,"minecraft:amethyst_block":4,"minecraft:stone_pickaxe":246,"minecraft:chest":1,"minecraft:wooden_pickaxe":10,"minecraft:oak_door":2,"minecraft:torch":1,"minecraft:dirt":3,"minecraft:rail":2,"minecraft:crafting_table":5,"minecraft:wooden_axe":28,"minecraft:iron_axe":6,"minecraft:iron_pickaxe":173,"minecraft:cobblestone":29,"minecraft:sweet_berries":17,"minecraft:furnace":2,"minecraft:cooked_porkchop":2,"minecraft:andesite":6,"minecraft:cobbled_deepslate":20},"minecraft:custom":{"minecraft:interact_with_furnace":18,"minecraft:mob_kills":6,"minecraft:interact_with_crafting_table":17,"minecraft:time_since_death":31418,"minecraft:time_since_rest":31418,"minecraft:sprint_one_cm":73932,"minecraft:damage_taken":311,"minecraft:walk_one_cm":30131,"minecraft:drop":14,"minecraft:damage_dealt":801,"minecraft:swim_one_cm":21432,"minecraft:fly_one_cm":43253,"minecraft:open_chest":15,"minecraft:crouch_one_cm":26223,"minecraft:play_time":31418,"minecraft:sneak_time":12039,"minecraft:walk_under_water_one_cm":6998,"minecraft:jump":336,"minecraft:walk_on_water_one_cm":9556,"minecraft:total_world_time":31418,"minecraft:fall_one_cm":4250},"minecraft:killed":{"minecraft:pig":1,"minecraft:sheep":2,"minecraft:zombie":1,"minecraft:cow":2},"minecraft:mined":{"minecraft:diamond_ore":2,"minecraft:tuff":25,"minecraft:deepslate_diamond_ore":65,"minecraft:oak_door":1,"minecraft:crafting_table":3,"minecraft:granite":8,"minecraft:grass_block":1,"minecraft:calcite":4,"minecraft:cobblestone":3,"minecraft:spruce_leaves":4,"minecraft:deepslate_gold_ore":22,"minecraft:diorite":3,"minecraft:wall_torch":1,"minecraft:amethyst_block":4,"minecraft:magma_block":1,"minecraft:furnace":2,"minecraft:cobbled_deepslate":3,"minecraft:iron_ore":6,"minecraft:sweet_berry_bush":24,"minecraft:andesite":20,"minecraft:deepslate_lapis_ore":5,"minecraft:grass":2,"minecraft:oak_log":19,"minecraft:coal_ore":7,"minecraft:deepslate_iron_ore":9,"minecraft:rail":2,"minecraft:gravel":3,"minecraft:dirt":9,"minecraft:smooth_basalt":6,"minecraft:stone":86,"minecraft:deepslate":141,"minecraft:oak_leaves":2,"minecraft:fern":1},"minecraft:dropped":{"minecraft:wheat_seeds":1,"minecraft:cobbled_deepslate":13,"minecraft:diamond":64,"minecraft:granite":8,"minecraft:rail":3,"minecraft:diorite":3,"minecraft:andesite":12,"minecraft:wooden_axe":1,"minecraft:wooden_pickaxe":1,"minecraft:stone_pickaxe":2,"minecraft:magma_block":1,"minecraft:smooth_basalt":5},"minecraft:picked_up":{"minecraft:crafting_table":3,"minecraft:magma_block":1,"minecraft:andesite":18,"minecraft:leather":3,"minecraft:flint":2,"minecraft:tuff":24,"minecraft:oak_log":19,"minecraft:amethyst_block":4,"minecraft:lapis_lazuli":32,"minecraft:dirt":10,"minecraft:wheat_seeds":1,"minecraft:cobbled_deepslate":157,"minecraft:raw_gold":22,"minecraft:beef":5,"minecraft:stone_pickaxe":1,"minecraft:calcite":4,"minecraft:furnace":2,"minecraft:raw_iron":15,"minecraft:smooth_basalt":10,"minecraft:oak_door":1,"minecraft:sweet_berries":59,"minecraft:torch":1,"minecraft:porkchop":3,"minecraft:diorite":3,"minecraft:diamond":67,"minecraft:granite":8,"minecraft:rail":5,"minecraft:mutton":3,"minecraft:coal":10,"minecraft:white_wool":2,"minecraft:cobblestone":89},"minecraft:crafted":{"minecraft:cooked_beef":5,"minecraft:oak_door":3,"minecraft:oak_planks":76,"minecraft:cooked_porkchop":3,"minecraft:crafting_table":3,"minecraft:wooden_pickaxe":1,"minecraft:furnace":2,"minecraft:stone_axe":1,"minecraft:cooked_mutton":3,"minecraft:air":0,"minecraft:iron_axe":1,"minecraft:stick":16,"minecraft:iron_ingot":6,"minecraft:iron_pickaxe":1,"minecraft:stone_pickaxe":2,"minecraft:wooden_axe":1,"minecraft:chest":1}},"DataVersion":3337}