{"stats":{"minecraft:killed":{"minecraft:zombified_piglin":9,"minecraft:witch":1,"minecraft:spider":3,"minecraft:shulker":2,"minecraft:skeleton":27,"minecraft:chicken":1,"minecraft:silverfish":2,"minecraft:piglin_brute":7,"minecraft:cat":1,"minecraft:magma_cube":13,"minecraft:piglin":34,"minecraft:pig":6,"minecraft:iron_golem":6,"minecraft:ender_dragon":1,"minecraft:creeper":6,"minecraft:sheep":33,"minecraft:zombie":16,"minecraft:ghast":7,"minecraft:cow":9,"minecraft:blaze":25,"minecraft:drowned":1,"minecraft:hoglin":9,"minecraft:polar_bear":1,"minecraft:wither_skeleton":5,"minecraft:villager":2,"minecraft:enderman":35},"minecraft:mined":{"minecraft:spruce_planks":4,"minecraft:white_bed":7,"minecraft:sculk_vein":27,"minecraft:brewing_stand":3,"minecraft:obsidian":4,"minecraft:granite":3,"minecraft:grass_block":11,"minecraft:cracked_polished_blackstone_bricks":45,"minecraft:soul_soil":6,"minecraft:nether_wart":22,"minecraft:polished_blackstone_bricks":104,"minecraft:tall_seagrass":2,"minecraft:magma_block":6,"minecraft:sculk_catalyst":2,"minecraft:glowstone":6,"minecraft:fire":11,"minecraft:cobbled_deepslate":15,"minecraft:deepslate_lapis_ore":23,"minecraft:twisting_vines":3,"minecraft:dirt_path":1,"minecraft:iron_bars":2,"minecraft:end_stone_bricks":2,"minecraft:spruce_slab":1,"minecraft:tripwire":14,"minecraft:blackstone":261,"minecraft:twisting_vines_plant":1,"minecraft:crimson_nylium":45,"minecraft:soul_fire":6,"minecraft:purpur_stairs":1,"minecraft:clay":1,"minecraft:torch":6,"minecraft:jungle_stairs":1,"minecraft:chest":1,"minecraft:cobblestone":33,"minecraft:nether_quartz_ore":46,"minecraft:oak_planks":5,"minecraft:sugar_cane":45,"minecraft:grindstone":1,"minecraft:wall_torch":4,"minecraft:cauldron":1,"minecraft:birch_log":68,"minecraft:birch_trapdoor":4,"minecraft:jukebox":3,"minecraft:warped_fungus":1,"minecraft:stone_brick_stairs":1,"minecraft:grass":10,"minecraft:oak_log":3,"minecraft:sand":5,"minecraft:dirt":16,"minecraft:tripwire_hook":1,"minecraft:ancient_debris":21,"minecraft:netherrack":1515,"minecraft:deepslate":406,"minecraft:oak_leaves":14,"minecraft:tuff":50,"minecraft:deepslate_diamond_ore":109,"minecraft:end_stone":11,"minecraft:nether_bricks":24,"minecraft:crimson_roots":3,"minecraft:birch_slab":3,"minecraft:spruce_leaves":23,"minecraft:cartography_table":1,"minecraft:large_fern":6,"minecraft:hay_block":54,"minecraft:furnace":12,"minecraft:andesite":6,"minecraft:gold_block":38,"minecraft:nether_brick_fence":6,"minecraft:bookshelf":23,"minecraft:deepslate_iron_ore":13,"minecraft:stone":176,"minecraft:birch_stairs":2,"minecraft:soul_sand":17,"minecraft:magenta_stained_glass":2,"minecraft:basalt":1100,"minecraft:oak_fence":1,"minecraft:crafting_table":5,"minecraft:cornflower":1,"minecraft:warped_roots":2,"minecraft:sculk_sensor":2,"minecraft:lectern":11,"minecraft:copper_ore":3,"minecraft:tall_grass":3,"minecraft:deepslate_gold_ore":51,"minecraft:lily_pad":15,"minecraft:sculk":305,"minecraft:warped_wart_block":1,"minecraft:birch_planks":14,"minecraft:sweet_berry_bush":48,"minecraft:ice":1,"minecraft:birch_leaves":6,"minecraft:spruce_log":59,"minecraft:yellow_bed":9,"minecraft:end_rod":1,"minecraft:gravel":1,"minecraft:dripstone_block":2,"minecraft:lodestone":1,"minecraft:fern":5},"minecraft:dropped":{"minecraft:iron_sword":2,"minecraft:soul_sand":42,"minecraft:birch_planks":4,"minecraft:diamond_axe":1,"minecraft:lapis_lazuli":47,"minecraft:ender_pearl":8,"minecraft:glass_bottle":6,"minecraft:diamond":38,"minecraft:cooked_porkchop":22,"minecraft:crossbow":1,"minecraft:weeping_vines":4,"minecraft:warped_roots":3,"minecraft:leather":3,"minecraft:birch_slab":2,"minecraft:emerald":128,"minecraft:gold_block":27,"minecraft:cracked_polished_blackstone_bricks":1,"minecraft:dirt":30,"minecraft:birch_fence":1,"minecraft:netherite_scrap":2,"minecraft:cornflower":6,"minecraft:crimson_roots":10,"minecraft:gold_nugget":2,"minecraft:sand":3,"minecraft:white_wool":2,"minecraft:gold_ingot":127,"minecraft:bone":14,"minecraft:stone_axe":4,"minecraft:blackstone":19,"minecraft:sugar_cane":33,"minecraft:ancient_debris":2,"minecraft:iron_nugget":14,"minecraft:cobbled_deepslate":166,"minecraft:twisting_vines":6,"minecraft:birch_sapling":2,"minecraft:obsidian":5,"minecraft:rotten_flesh":29,"minecraft:oak_planks":12,"minecraft:diamond_shovel":1,"minecraft:glowstone_dust":1,"minecraft:cooked_mutton":9,"minecraft:nether_brick_fence":6,"minecraft:carrot":9,"minecraft:shulker_shell":1,"minecraft:poppy":13,"minecraft:gunpowder":1,"minecraft:chest":2,"minecraft:spruce_slab":2,"minecraft:basalt":117,"minecraft:iron_bars":2,"minecraft:arrow":4,"minecraft:warped_wart_block":1,"minecraft:quartz":49,"minecraft:splash_potion":1,"minecraft:netherrack":492,"minecraft:lectern":3,"minecraft:bread":64,"minecraft:iron_ingot":30,"minecraft:wheat_seeds":22,"minecraft:golden_helmet":1,"minecraft:mossy_cobblestone":1,"minecraft:dripstone_block":1,"minecraft:diamond_leggings":2,"minecraft:oak_fence":2,"minecraft:feather":5,"minecraft:cobblestone":59,"minecraft:book":6,"minecraft:granite":4,"minecraft:music_disc_pigstep":1,"minecraft:golden_apple":8,"minecraft:stick":4,"minecraft:end_rod":1,"minecraft:diorite":2,"minecraft:torch":6,"minecraft:wooden_axe":2,"minecraft:nether_wart_block":2,"minecraft:diamond_helmet":2,"minecraft:fire_charge":1,"minecraft:iron_axe":2,"minecraft:paper":32,"minecraft:string":2811,"minecraft:lily_pad":3,"minecraft:spruce_sapling":1,"minecraft:dandelion":4,"minecraft:redstone":4,"minecraft:kelp":6,"minecraft:sweet_berries":18,"minecraft:warped_nylium":2,"minecraft:soul_soil":22,"minecraft:netherite_ingot":1,"minecraft:stone_sword":3,"minecraft:blaze_rod":2,"minecraft:jukebox":1,"minecraft:bowl":3,"minecraft:tuff":22,"minecraft:stone_shovel":1,"minecraft:ender_eye":6,"minecraft:nether_bricks":36,"minecraft:filled_map":2,"minecraft:diamond_sword":4,"minecraft:potato":19,"minecraft:spruce_boat":10,"minecraft:spruce_planks":35,"minecraft:diamond_pickaxe":1,"minecraft:andesite":3,"minecraft:yellow_bed":1,"minecraft:oak_sapling":7,"minecraft:golden_sword":2,"minecraft:spider_eye":2,"minecraft:bamboo":1,"minecraft:diamond_boots":1,"minecraft:bow":2,"minecraft:stone_pickaxe":5,"minecraft:wooden_pickaxe":2,"minecraft:raw_gold":1,"minecraft:magma_cream":4,"minecraft:nautilus_shell":1,"minecraft:magma_block":1},"minecraft:picked_up":{"minecraft:shulker_shell":2,"minecraft:iron_chestplate":2,"minecraft:wheat":4,"minecraft:nether_brick_fence":6,"minecraft:diamond_sword":2,"minecraft:enchanted_book":1,"minecraft:gilded_blackstone":1,"minecraft:brewing_stand":3,"minecraft:golden_sword":2,"minecraft:string":24432,"minecraft:soul_soil":18,"minecraft:iron_leggings":1,"minecraft:diamond_leggings":4,"minecraft:gold_nugget":10,"minecraft:cobbled_deepslate":500,"minecraft:spruce_planks":317,"minecraft:cobblestone_slab":2,"minecraft:ender_eye":8,"minecraft:iron_pickaxe":5,"minecraft:iron_boots":1,"minecraft:furnace":27,"minecraft:stick":27,"minecraft:jukebox":2,"minecraft:birch_trapdoor":5,"minecraft:oak_fence":2,"minecraft:torch":20,"minecraft:porkchop":12,"minecraft:diorite":2,"minecraft:music_disc_pigstep":5,"minecraft:cauldron":4,"minecraft:stone_sword":4,"minecraft:rotten_flesh":30,"minecraft:end_rod":1,"minecraft:blaze_rod":16,"minecraft:obsidian":18,"minecraft:iron_bars":2,"minecraft:blaze_powder":22,"minecraft:cobblestone":311,"minecraft:nautilus_shell":5,"minecraft:birch_log":68,"minecraft:magma_block":1,"minecraft:feather":2,"minecraft:cooked_beef":90,"minecraft:magma_cream":4,"minecraft:birch_slab":4,"minecraft:water_bucket":1,"minecraft:andesite":11,"minecraft:golden_leggings":1,"minecraft:potato":88,"minecraft:tuff":101,"minecraft:lapis_lazuli":242,"minecraft:dirt":66,"minecraft:twisting_vines":6,"minecraft:leather_boots":2,"minecraft:glass":1,"minecraft:bone":24,"minecraft:bow":2,"minecraft:wheat_seeds":26,"minecraft:raw_gold":78,"minecraft:grindstone":4,"minecraft:diamond_helmet":4,"minecraft:glowstone_dust":23,"minecraft:oak_planks":18,"minecraft:ghast_tear":1,"minecraft:cooked_porkchop":92,"minecraft:warped_wart_block":1,"minecraft:sand":22,"minecraft:mossy_cobblestone":1,"minecraft:diamond":154,"minecraft:spruce_boat":15,"minecraft:cracked_polished_blackstone_bricks":42,"minecraft:crossbow":1,"minecraft:granite":7,"minecraft:golden_apple":3,"minecraft:emerald":72,"minecraft:bread":445,"minecraft:oak_sapling":7,"minecraft:netherrack":1192,"minecraft:crimson_roots":10,"minecraft:diamond_pickaxe":4,"minecraft:end_stone_bricks":2,"minecraft:crafting_table":14,"minecraft:chicken":1,"minecraft:nether_wart":24,"minecraft:gold_block":58,"minecraft:shield":2,"minecraft:cornflower":11,"minecraft:iron_axe":7,"minecraft:flint_and_steel":1,"minecraft:netherite_scrap":2,"minecraft:blackstone":159,"minecraft:cartography_table":4,"minecraft:beef":24,"minecraft:oak_boat":1,"minecraft:iron_nugget":16,"minecraft:poppy":16,"minecraft:spruce_slab":2,"minecraft:lectern":15,"minecraft:sugar_cane":174,"minecraft:chest":2,"minecraft:birch_sapling":2,"minecraft:egg":1,"minecraft:raw_iron":32,"minecraft:end_stone":12,"minecraft:polished_blackstone_bricks":76,"minecraft:stone_shovel":1,"minecraft:arrow":20,"minecraft:weeping_vines":4,"minecraft:diamond_chestplate":2,"minecraft:jungle_stairs":1,"minecraft:nether_bricks":26,"minecraft:shears":1,"minecraft:diamond_boots":3,"minecraft:hay_block":54,"minecraft:gold_ingot":18,"minecraft:mutton":66,"minecraft:white_wool":52,"minecraft:basalt":841,"minecraft:tripwire_hook":1,"minecraft:leather":64,"minecraft:birch_planks":36,"minecraft:purpur_stairs":1,"minecraft:oak_log":3,"minecraft:lily_pad":25,"minecraft:ancient_debris":21,"minecraft:yellow_bed":13,"minecraft:nether_wart_block":2,"minecraft:gunpowder":1,"minecraft:paper":16,"minecraft:cooked_mutton":67,"minecraft:apple":3,"minecraft:kelp":6,"minecraft:iron_ingot":68,"minecraft:stone_pickaxe":6,"minecraft:glass_bottle":3,"minecraft:iron_sword":4,"minecraft:soul_sand":99,"minecraft:book":339,"minecraft:sweet_berries":116,"minecraft:quartz":56,"minecraft:dandelion":6,"minecraft:dripstone_block":2,"minecraft:gravel":1,"minecraft:birch_stairs":2,"minecraft:spruce_sapling":1,"minecraft:blast_furnace":1,"minecraft:white_bed":14,"minecraft:spruce_log":57,"minecraft:spider_eye":2,"minecraft:leather_helmet":1,"minecraft:diamond_shovel":2,"minecraft:stone_axe":6,"minecraft:diamond_axe":2,"minecraft:warped_roots":3,"minecraft:lodestone":1,"minecraft:warped_nylium":2,"minecraft:coal":39,"minecraft:ender_pearl":38},"minecraft:broken":{"minecraft:leather_helmet":1,"minecraft:leather_boots":1,"minecraft:iron_pickaxe":1},"minecraft:custom":{"minecraft:interact_with_crafting_table":89,"minecraft:open_barrel":38,"minecraft:leave_game":26,"minecraft:time_since_death":457052,"minecraft:sprint_one_cm":1814079,"minecraft:damage_blocked_by_shield":1755,"minecraft:drop":421,"minecraft:talked_to_villager":371,"minecraft:play_time":581294,"minecraft:deaths":8,"minecraft:jump":19831,"minecraft:interact_with_brewingstand":21,"minecraft:walk_on_water_one_cm":109801,"minecraft:enchant_item":1,"minecraft:interact_with_furnace":192,"minecraft:play_record":6,"minecraft:traded_with_villager":723,"minecraft:sleep_in_bed":28,"minecraft:open_enderchest":1,"minecraft:damage_dealt":58938,"minecraft:player_kills":9,"minecraft:crouch_one_cm":219649,"minecraft:interact_with_smithing_table":7,"minecraft:interact_with_anvil":19,"minecraft:mob_kills":288,"minecraft:inspect_hopper":8,"minecraft:climb_one_cm":2986,"minecraft:walk_one_cm":992234,"minecraft:sneak_time":61654,"minecraft:walk_under_water_one_cm":38810,"minecraft:boat_one_cm":148487,"minecraft:total_world_time":581294,"minecraft:time_since_rest":157942,"minecraft:damage_absorbed":484,"minecraft:damage_taken":14975,"minecraft:swim_one_cm":256553,"minecraft:fly_one_cm":3736366,"minecraft:open_chest":375,"minecraft:fall_one_cm":654167},"minecraft:used":{"minecraft:poppy":1,"minecraft:diamond_hoe":333,"minecraft:chest":1,"minecraft:shield":23,"minecraft:nether_wart":21,"minecraft:iron_sword":230,"minecraft:soul_sand":30,"minecraft:birch_pressure_plate":4,"minecraft:carrot":28,"minecraft:tuff":28,"minecraft:spruce_boat":4,"minecraft:lava_bucket":1,"minecraft:music_disc_pigstep":6,"minecraft:iron_helmet":1,"minecraft:birch_trapdoor":6,"minecraft:bow":191,"minecraft:hay_block":1,"minecraft:sweet_berries":84,"minecraft:furnace":19,"minecraft:gold_block":5,"minecraft:egg":1,"minecraft:diamond_boots":2,"minecraft:oak_planks":64,"minecraft:stone_pickaxe":12,"minecraft:ender_pearl":4,"minecraft:blackstone":76,"minecraft:wooden_pickaxe":27,"minecraft:diamond_axe":28,"minecraft:golden_apple":13,"minecraft:white_wool":48,"minecraft:sand":1,"minecraft:purpur_stairs":1,"minecraft:dripstone_block":1,"minecraft:end_stone":12,"minecraft:birch_fence":2,"minecraft:birch_slab":2,"minecraft:bread":187,"minecraft:string":42,"minecraft:lectern":10,"minecraft:gravel":1,"minecraft:diamond_sword":272,"minecraft:andesite":8,"minecraft:experience_bottle":12,"minecraft:netherite_sword":245,"minecraft:stone_sword":50,"minecraft:flint_and_steel":17,"minecraft:spruce_planks":45,"minecraft:netherrack":734,"minecraft:torch":104,"minecraft:brewing_stand":5,"minecraft:dirt":29,"minecraft:diamond_helmet":3,"minecraft:granite":3,"minecraft:wooden_axe":18,"minecraft:bookshelf":3,"minecraft:iron_axe":138,"minecraft:iron_boots":1,"minecraft:tripwire_hook":1,"minecraft:basalt":574,"minecraft:soul_soil":7,"minecraft:netherite_pickaxe":81,"minecraft:cooked_beef":2,"minecraft:cobbled_deepslate":402,"minecraft:cooked_mutton":20,"minecraft:water_bucket":32,"minecraft:lodestone":2,"minecraft:birch_planks":168,"minecraft:glass_bottle":10,"minecraft:birch_boat":2,"minecraft:cauldron":1,"minecraft:cobblestone_slab":6,"minecraft:leather_boots":1,"minecraft:polished_blackstone_bricks":76,"minecraft:gilded_blackstone":1,"minecraft:crafting_table":10,"minecraft:white_bed":8,"minecraft:cornflower":1,"minecraft:ender_eye":27,"minecraft:diamond_pickaxe":3616,"minecraft:apple":30,"minecraft:cracked_polished_blackstone_bricks":41,"minecraft:iron_pickaxe":430,"minecraft:suspicious_stew":3,"minecraft:jungle_stairs":1,"minecraft:stone_axe":94,"minecraft:fishing_rod":4,"minecraft:potion":4,"minecraft:cobblestone":222,"minecraft:cooked_porkchop":20,"minecraft:bucket":34,"minecraft:yellow_bed":9,"minecraft:diamond_leggings":1,"minecraft:splash_potion":2,"minecraft:jukebox":2,"minecraft:birch_stairs":6},"minecraft:killed_by":{"minecraft:creeper":1,"minecraft:zombie":1,"minecraft:player":5},"minecraft:crafted":{"minecraft:oak_planks":12,"minecraft:cobblestone_slab":6,"minecraft:blaze_powder":26,"minecraft:birch_boat":2,"minecraft:birch_slab":6,"minecraft:bookshelf":3,"minecraft:cooked_mutton":33,"minecraft:glass":8,"minecraft:diamond_helmet":1,"minecraft:bow":1,"minecraft:diamond_leggings":1,"minecraft:iron_boots":1,"minecraft:chest":1,"minecraft:ender_eye":25,"minecraft:glass_bottle":9,"minecraft:emerald":660,"minecraft:cooked_porkchop":10,"minecraft:diamond_axe":1,"minecraft:crafting_table":7,"minecraft:spruce_planks":228,"minecraft:wooden_pickaxe":3,"minecraft:iron_helmet":1,"minecraft:birch_pressure_plate":4,"minecraft:brewing_stand":1,"minecraft:birch_planks":272,"minecraft:apple":8,"minecraft:iron_chestplate":1,"minecraft:paper":63,"minecraft:diamond_pickaxe":2,"minecraft:shield":2,"minecraft:birch_fence":3,"minecraft:stick":68,"minecraft:iron_ingot":20,"minecraft:iron_pickaxe":3,"minecraft:stone_sword":1,"minecraft:gold_ingot":356,"minecraft:netherite_ingot":5,"minecraft:birch_stairs":4,"minecraft:netherite_sword":1,"minecraft:jukebox":1,"minecraft:diamond_hoe":1,"minecraft:experience_bottle":12,"minecraft:furnace":8,"minecraft:iron_axe":2,"minecraft:stone_pickaxe":2,"minecraft:diamond_boots":1,"minecraft:spruce_boat":4,"minecraft:netherite_scrap":22,"minecraft:wheat":473,"minecraft:cooked_beef":19,"minecraft:netherite_pickaxe":1,"minecraft:diamond_sword":4,"minecraft:iron_sword":2,"minecraft:bucket":1,"minecraft:stone_axe":2,"minecraft:enchanted_book":16,"minecraft:air":0,"minecraft:bread":321,"minecraft:oak_boat":4,"minecraft:golden_apple":41,"minecraft:wooden_axe":3,"minecraft:birch_trapdoor":2,"minecraft:iron_leggings":1,"minecraft:torch":84,"minecraft:diamond_chestplate":1}},"DataVersion":3337}