{"stats":{"minecraft:broken":{"minecraft:stone_pickaxe":1,"minecraft:golden_sword":1,"minecraft:iron_pickaxe":1},"minecraft:used":{"minecraft:flint_and_steel":36,"minecraft:chest":1,"minecraft:shield":15,"minecraft:iron_sword":59,"minecraft:oak_door":2,"minecraft:torch":2,"minecraft:dirt":6,"minecraft:carrot":14,"minecraft:tuff":26,"minecraft:wooden_axe":28,"minecraft:iron_axe":12,"minecraft:smooth_basalt":8,"minecraft:golden_sword":32,"minecraft:sweet_berries":53,"minecraft:furnace":6,"minecraft:cooked_beef":5,"minecraft:cobbled_deepslate":176,"minecraft:calcite":4,"minecraft:cooked_mutton":3,"minecraft:amethyst_block":4,"minecraft:birch_planks":1,"minecraft:stone_pickaxe":252,"minecraft:oak_planks":19,"minecraft:wooden_pickaxe":10,"minecraft:sugar_cane":11,"minecraft:rail":2,"minecraft:crafting_table":10,"minecraft:white_bed":3,"minecraft:diamond_pickaxe":10,"minecraft:iron_pickaxe":338,"minecraft:stone_axe":2,"minecraft:cobblestone":58,"minecraft:cooked_porkchop":13,"minecraft:andesite":13},"minecraft:custom":{"minecraft:mob_kills":38,"minecraft:interact_with_crafting_table":28,"minecraft:bell_ring":3,"minecraft:leave_game":1,"minecraft:time_since_death":76135,"minecraft:climb_one_cm":295,"minecraft:sprint_one_cm":233198,"minecraft:walk_one_cm":83906,"minecraft:damage_blocked_by_shield":545,"minecraft:drop":38,"minecraft:talked_to_villager":2,"minecraft:play_time":76135,"minecraft:sneak_time":17146,"minecraft:walk_under_water_one_cm":8045,"minecraft:jump":2325,"minecraft:interact_with_blast_furnace":2,"minecraft:walk_on_water_one_cm":16695,"minecraft:total_world_time":76135,"minecraft:interact_with_furnace":33,"minecraft:sleep_in_bed":1,"minecraft:time_since_rest":9958,"minecraft:damage_taken":2226,"minecraft:damage_dealt":5526,"minecraft:swim_one_cm":30637,"minecraft:fly_one_cm":404566,"minecraft:open_chest":36,"minecraft:crouch_one_cm":37390,"minecraft:fall_one_cm":77703},"minecraft:killed":{"minecraft:spider":1,"minecraft:skeleton":8,"minecraft:pig":2,"minecraft:sheep":6,"minecraft:zombie":6,"minecraft:cow":14},"minecraft:mined":{"minecraft:diamond_ore":2,"minecraft:tuff":27,"minecraft:white_bed":1,"minecraft:deepslate_diamond_ore":67,"minecraft:mossy_stone_brick_slab":3,"minecraft:oak_door":1,"minecraft:obsidian":4,"minecraft:granite":10,"minecraft:grass_block":3,"minecraft:spruce_leaves":8,"minecraft:magma_block":4,"minecraft:furnace":4,"minecraft:carrots":11,"minecraft:iron_ore":6,"minecraft:cobbled_deepslate":8,"minecraft:fire":10,"minecraft:andesite":38,"minecraft:deepslate_lapis_ore":5,"minecraft:gold_block":1,"minecraft:potatoes":5,"minecraft:pointed_dripstone":1,"minecraft:deepslate_iron_ore":15,"minecraft:rail":2,"minecraft:stone":142,"minecraft:stone_brick_slab":2,"minecraft:crafting_table":7,"minecraft:calcite":4,"minecraft:chest":1,"minecraft:tall_grass":1,"minecraft:cobblestone":7,"minecraft:deepslate_gold_ore":39,"minecraft:sugar_cane":4,"minecraft:diorite":3,"minecraft:wall_torch":2,"minecraft:amethyst_block":4,"minecraft:wheat":2,"minecraft:sweet_berry_bush":25,"minecraft:stone_brick_stairs":1,"minecraft:grass":5,"minecraft:oak_log":19,"minecraft:coal_ore":7,"minecraft:gravel":4,"minecraft:dirt":10,"minecraft:smooth_basalt":9,"minecraft:stone_bricks":1,"minecraft:netherrack":3,"minecraft:mossy_stone_bricks":1,"minecraft:oak_leaves":3,"minecraft:deepslate":181,"minecraft:fern":1},"minecraft:dropped":{"minecraft:wheat_seeds":5,"minecraft:diamond":64,"minecraft:cobblestone":66,"minecraft:granite":10,"minecraft:rail":3,"minecraft:gold_block":3,"minecraft:dirt":7,"minecraft:diorite":3,"minecraft:ink_sac":1,"minecraft:wooden_axe":1,"minecraft:stone_brick_slab":2,"minecraft:smooth_basalt":5,"minecraft:sweet_berries":6,"minecraft:cobbled_deepslate":24,"minecraft:wheat":1,"minecraft:pointed_dripstone":4,"minecraft:rotten_flesh":5,"minecraft:mossy_stone_brick_slab":2,"minecraft:andesite":23,"minecraft:mossy_stone_bricks":1,"minecraft:wooden_pickaxe":1,"minecraft:stone_pickaxe":2,"minecraft:magma_block":1,"minecraft:stone_brick_stairs":1,"minecraft:netherrack":1},"minecraft:picked_up":{"minecraft:crafting_table":7,"minecraft:wheat":1,"minecraft:gold_block":1,"minecraft:stone_brick_stairs":1,"minecraft:amethyst_block":4,"minecraft:string":2,"minecraft:cobbled_deepslate":200,"minecraft:beef":30,"minecraft:calcite":4,"minecraft:sugar_cane":4,"minecraft:chest":1,"minecraft:furnace":4,"minecraft:raw_iron":21,"minecraft:oak_door":1,"minecraft:torch":2,"minecraft:porkchop":5,"minecraft:pointed_dripstone":4,"minecraft:diorite":3,"minecraft:carrot":33,"minecraft:arrow":4,"minecraft:rotten_flesh":5,"minecraft:mutton":10,"minecraft:obsidian":4,"minecraft:white_wool":7,"minecraft:rail":5,"minecraft:cobblestone":149,"minecraft:magma_block":3,"minecraft:andesite":36,"minecraft:leather":13,"minecraft:potato":15,"minecraft:birch_planks":1,"minecraft:flint":3,"minecraft:tuff":26,"minecraft:oak_log":19,"minecraft:lapis_lazuli":32,"minecraft:dirt":13,"minecraft:bone":9,"minecraft:stone_bricks":1,"minecraft:wheat_seeds":5,"minecraft:raw_gold":39,"minecraft:stone_pickaxe":1,"minecraft:mossy_stone_bricks":1,"minecraft:smooth_basalt":13,"minecraft:sweet_berries":59,"minecraft:stone_brick_slab":2,"minecraft:ink_sac":2,"minecraft:white_bed":2,"minecraft:mossy_stone_brick_slab":4,"minecraft:diamond":68,"minecraft:granite":10,"minecraft:netherrack":2,"minecraft:coal":11},"minecraft:crafted":{"minecraft:oak_door":3,"minecraft:oak_planks":76,"minecraft:furnace":2,"minecraft:cooked_mutton":3,"minecraft:iron_boots":1,"minecraft:iron_axe":1,"minecraft:stone_pickaxe":2,"minecraft:chest":1,"minecraft:cooked_beef":5,"minecraft:cooked_porkchop":4,"minecraft:crafting_table":3,"minecraft:wooden_pickaxe":1,"minecraft:iron_helmet":1,"minecraft:iron_sword":1,"minecraft:stone_axe":1,"minecraft:air":0,"minecraft:book":1,"minecraft:paper":3,"minecraft:diamond_pickaxe":1,"minecraft:shield":1,"minecraft:stick":20,"minecraft:iron_ingot":21,"minecraft:iron_pickaxe":2,"minecraft:wooden_axe":1,"minecraft:white_bed":1}},"DataVersion":3337}