{"stats":{"minecraft:used":{"minecraft:stone_pickaxe":1,"minecraft:spruce_planks":6,"minecraft:wooden_pickaxe":12,"minecraft:iron_sword":13,"minecraft:leather_boots":1,"minecraft:white_wool":4,"minecraft:dirt":4,"minecraft:crafting_table":2,"minecraft:white_bed":1,"minecraft:carrot":28,"minecraft:spruce_boat":1,"minecraft:iron_axe":20,"minecraft:bread":13,"minecraft:suspicious_stew":1,"minecraft:iron_pickaxe":1,"minecraft:jungle_stairs":1,"minecraft:stone_axe":74,"minecraft:cobblestone":6,"minecraft:sweet_berries":30},"minecraft:custom":{"minecraft:interact_with_furnace":1,"minecraft:mob_kills":28,"minecraft:interact_with_crafting_table":9,"minecraft:leave_game":5,"minecraft:time_since_death":58936,"minecraft:sleep_in_bed":1,"minecraft:time_since_rest":20779,"minecraft:sprint_one_cm":239164,"minecraft:damage_taken":1185,"minecraft:walk_one_cm":44971,"minecraft:drop":21,"minecraft:damage_dealt":4138,"minecraft:swim_one_cm":62877,"minecraft:talked_to_villager":1,"minecraft:fly_one_cm":846728,"minecraft:open_chest":10,"minecraft:crouch_one_cm":7566,"minecraft:play_time":58936,"minecraft:sneak_time":2508,"minecraft:walk_under_water_one_cm":8853,"minecraft:boat_one_cm":60975,"minecraft:jump":3050,"minecraft:walk_on_water_one_cm":9615,"minecraft:total_world_time":58936,"minecraft:fall_one_cm":95549},"minecraft:killed":{"minecraft:pig":5,"minecraft:spider":1,"minecraft:iron_golem":1,"minecraft:polar_bear":1,"minecraft:sheep":12,"minecraft:skeleton":2,"minecraft:zombie":1,"minecraft:cow":5},"minecraft:mined":{"minecraft:spruce_planks":3,"minecraft:white_bed":2,"minecraft:oak_fence":1,"minecraft:crafting_table":1,"minecraft:jungle_stairs":1,"minecraft:grass_block":1,"minecraft:chest":1,"minecraft:lectern":2,"minecraft:tall_grass":1,"minecraft:birch_slab":1,"minecraft:spruce_leaves":6,"minecraft:grindstone":1,"minecraft:sugar_cane":3,"minecraft:cartography_table":1,"minecraft:hay_block":36,"minecraft:sweet_berry_bush":19,"minecraft:ice":1,"minecraft:spruce_log":29,"minecraft:grass":5,"minecraft:bookshelf":16,"minecraft:dirt":3,"minecraft:stone":12,"minecraft:oak_leaves":1,"minecraft:spruce_slab":1,"minecraft:fern":2},"minecraft:dropped":{"minecraft:stone_axe":2,"minecraft:sweet_berries":18,"minecraft:wheat_seeds":6,"minecraft:bowl":1,"minecraft:oak_fence":2,"minecraft:carrot":9,"minecraft:birch_slab":2,"minecraft:filled_map":2,"minecraft:poppy":2,"minecraft:wooden_axe":1,"minecraft:chest":2,"minecraft:spruce_slab":2,"minecraft:arrow":2,"minecraft:wooden_pickaxe":1,"minecraft:spruce_sapling":1},"minecraft:picked_up":{"minecraft:crafting_table":1,"minecraft:wheat":4,"minecraft:birch_slab":2,"minecraft:leather":4,"minecraft:lapis_lazuli":8,"minecraft:dirt":4,"minecraft:gold_nugget":8,"minecraft:wheat_seeds":7,"minecraft:cartography_table":1,"minecraft:spruce_planks":3,"minecraft:iron_ingot":9,"minecraft:grindstone":1,"minecraft:beef":13,"minecraft:poppy":4,"minecraft:iron_nugget":16,"minecraft:spruce_slab":2,"minecraft:lectern":2,"minecraft:sugar_cane":12,"minecraft:chest":2,"minecraft:book":48,"minecraft:stick":2,"minecraft:sweet_berries":48,"minecraft:oak_fence":2,"minecraft:porkchop":12,"minecraft:spruce_sapling":1,"minecraft:white_bed":2,"minecraft:spruce_log":29,"minecraft:arrow":2,"minecraft:rotten_flesh":2,"minecraft:spruce_boat":2,"minecraft:stone_axe":1,"minecraft:jungle_stairs":1,"minecraft:hay_block":36,"minecraft:bread":39,"minecraft:gold_ingot":10,"minecraft:emerald":5,"minecraft:mutton":21,"minecraft:white_wool":12,"minecraft:cobblestone":12},"minecraft:crafted":{"minecraft:crafting_table":2,"minecraft:spruce_planks":116,"minecraft:wooden_pickaxe":1,"minecraft:iron_sword":1,"minecraft:stone_axe":1,"minecraft:bread":108,"minecraft:iron_chestplate":1,"minecraft:iron_axe":1,"minecraft:stick":12,"minecraft:iron_ingot":4,"minecraft:iron_pickaxe":1,"minecraft:stone_pickaxe":1,"minecraft:wooden_axe":1,"minecraft:iron_leggings":1,"minecraft:wheat":320}},"DataVersion":3337}