{"stats":{"minecraft:broken":{"minecraft:flint_and_steel":2,"minecraft:stone_pickaxe":1,"minecraft:golden_sword":1,"minecraft:iron_pickaxe":2},"minecraft:used":{"minecraft:enchanting_table":1,"minecraft:flint_and_steel":128,"minecraft:chest":2,"minecraft:shield":64,"minecraft:iron_sword":231,"minecraft:oak_door":2,"minecraft:torch":4,"minecraft:dirt":8,"minecraft:anvil":1,"minecraft:carrot":22,"minecraft:tuff":28,"minecraft:wooden_axe":28,"minecraft:iron_axe":25,"minecraft:iron_boots":1,"minecraft:stone_bricks":1,"minecraft:smooth_basalt":8,"minecraft:golden_sword":32,"minecraft:magma_block":4,"minecraft:bow":5,"minecraft:sweet_berries":53,"minecraft:furnace":6,"minecraft:cooked_beef":23,"minecraft:cobbled_deepslate":234,"minecraft:iron_leggings":1,"minecraft:pointed_dripstone":3,"minecraft:calcite":4,"minecraft:cooked_mutton":3,"minecraft:diorite":12,"minecraft:amethyst_block":4,"minecraft:birch_planks":1,"minecraft:oak_planks":32,"minecraft:stone_pickaxe":252,"minecraft:wooden_pickaxe":10,"minecraft:sugar_cane":24,"minecraft:rail":2,"minecraft:crafting_table":10,"minecraft:white_bed":3,"minecraft:dripstone_block":7,"minecraft:diamond_pickaxe":113,"minecraft:iron_pickaxe":502,"minecraft:gravel":2,"minecraft:stone_axe":2,"minecraft:diamond_sword":7,"minecraft:cobblestone":118,"minecraft:cooked_porkchop":19,"minecraft:andesite":13},"minecraft:custom":{"minecraft:interact_with_anvil":3,"minecraft:mob_kills":97,"minecraft:interact_with_crafting_table":43,"minecraft:bell_ring":3,"minecraft:leave_game":4,"minecraft:time_since_death":123728,"minecraft:climb_one_cm":295,"minecraft:sprint_one_cm":363243,"minecraft:walk_one_cm":157080,"minecraft:damage_blocked_by_shield":2565,"minecraft:drop":65,"minecraft:talked_to_villager":4,"minecraft:play_time":123728,"minecraft:sneak_time":22884,"minecraft:walk_under_water_one_cm":12328,"minecraft:jump":4135,"minecraft:interact_with_blast_furnace":17,"minecraft:walk_on_water_one_cm":22980,"minecraft:enchant_item":10,"minecraft:total_world_time":123728,"minecraft:interact_with_furnace":104,"minecraft:sleep_in_bed":1,"minecraft:time_since_rest":57551,"minecraft:damage_taken":4572,"minecraft:damage_dealt":15290,"minecraft:swim_one_cm":30880,"minecraft:fly_one_cm":683675,"minecraft:open_chest":61,"minecraft:crouch_one_cm":54624,"minecraft:fall_one_cm":164281},"minecraft:killed":{"minecraft:spider":7,"minecraft:slime":2,"minecraft:skeleton":25,"minecraft:pig":2,"minecraft:creeper":5,"minecraft:sheep":7,"minecraft:zombie":21,"minecraft:cow":22,"minecraft:enderman":2},"minecraft:mined":{"minecraft:diamond_ore":2,"minecraft:tuff":28,"minecraft:white_bed":1,"minecraft:deepslate_diamond_ore":74,"minecraft:mossy_stone_brick_slab":3,"minecraft:oak_door":1,"minecraft:obsidian":4,"minecraft:granite":10,"minecraft:grass_block":4,"minecraft:spruce_leaves":8,"minecraft:magma_block":6,"minecraft:furnace":4,"minecraft:carrots":11,"minecraft:iron_ore":21,"minecraft:cobbled_deepslate":9,"minecraft:fire":14,"minecraft:andesite":38,"minecraft:deepslate_lapis_ore":11,"minecraft:gold_block":1,"minecraft:pointed_dripstone":1,"minecraft:potatoes":5,"minecraft:deepslate_iron_ore":88,"minecraft:rail":2,"minecraft:stone":207,"minecraft:stone_brick_slab":2,"minecraft:crafting_table":7,"minecraft:calcite":4,"minecraft:chest":1,"minecraft:copper_ore":2,"minecraft:tall_grass":2,"minecraft:cobblestone":9,"minecraft:deepslate_coal_ore":4,"minecraft:deepslate_gold_ore":67,"minecraft:sugar_cane":8,"minecraft:oak_planks":1,"minecraft:diorite":17,"minecraft:wall_torch":3,"minecraft:amethyst_block":4,"minecraft:wheat":2,"minecraft:sweet_berry_bush":25,"minecraft:stone_brick_stairs":1,"minecraft:grass":7,"minecraft:oak_log":29,"minecraft:coal_ore":16,"minecraft:gravel":5,"minecraft:dripstone_block":4,"minecraft:dirt":11,"minecraft:smooth_basalt":9,"minecraft:stone_bricks":1,"minecraft:netherrack":3,"minecraft:mossy_stone_bricks":1,"minecraft:oak_leaves":3,"minecraft:deepslate":214,"minecraft:fern":1},"minecraft:picked_up":{"minecraft:crafting_table":7,"minecraft:wheat":1,"minecraft:gold_block":1,"minecraft:stone_brick_stairs":1,"minecraft:amethyst_block":4,"minecraft:string":1217,"minecraft:raw_copper":4,"minecraft:iron_leggings":1,"minecraft:cobbled_deepslate":259,"minecraft:beef":44,"minecraft:calcite":4,"minecraft:sugar_cane":17,"minecraft:chest":1,"minecraft:furnace":4,"minecraft:raw_iron":106,"minecraft:oak_door":1,"minecraft:torch":4,"minecraft:porkchop":5,"minecraft:pointed_dripstone":16,"minecraft:diorite":15,"minecraft:carrot":33,"minecraft:arrow":14,"minecraft:rotten_flesh":16,"minecraft:obsidian":4,"minecraft:mutton":12,"minecraft:rail":5,"minecraft:white_wool":8,"minecraft:cobblestone":216,"minecraft:magma_block":7,"minecraft:andesite":36,"minecraft:leather":24,"minecraft:potato":15,"minecraft:birch_planks":3,"minecraft:flint":3,"minecraft:tuff":28,"minecraft:oak_log":28,"minecraft:gunpowder":2,"minecraft:lapis_lazuli":72,"minecraft:dirt":15,"minecraft:bone":27,"minecraft:stone_bricks":4,"minecraft:bow":2,"minecraft:wheat_seeds":14,"minecraft:raw_gold":67,"minecraft:stone_pickaxe":1,"minecraft:mossy_stone_bricks":1,"minecraft:oak_planks":52,"minecraft:smooth_basalt":13,"minecraft:sweet_berries":59,"minecraft:stone_brick_slab":2,"minecraft:dandelion":2,"minecraft:dripstone_block":14,"minecraft:gravel":2,"minecraft:ink_sac":2,"minecraft:white_bed":2,"minecraft:mossy_stone_brick_slab":8,"minecraft:slime_ball":11,"minecraft:diamond":75,"minecraft:granite":10,"minecraft:netherrack":4,"minecraft:coal":23},"minecraft:dropped":{"minecraft:iron_ingot":4,"minecraft:iron_sword":1,"minecraft:birch_planks":2,"minecraft:wheat_seeds":14,"minecraft:diamond":66,"minecraft:cobblestone":66,"minecraft:granite":10,"minecraft:rail":3,"minecraft:gold_block":3,"minecraft:dirt":7,"minecraft:diorite":3,"minecraft:ink_sac":2,"minecraft:wooden_axe":1,"minecraft:dandelion":2,"minecraft:stone_brick_slab":2,"minecraft:smooth_basalt":5,"minecraft:sweet_berries":6,"minecraft:cobbled_deepslate":25,"minecraft:raw_copper":4,"minecraft:wheat":1,"minecraft:pointed_dripstone":10,"minecraft:rotten_flesh":13,"minecraft:oak_planks":51,"minecraft:mossy_stone_brick_slab":8,"minecraft:andesite":23,"minecraft:mossy_stone_bricks":1,"minecraft:stone_bricks":3,"minecraft:wooden_pickaxe":1,"minecraft:stone_pickaxe":2,"minecraft:magma_block":3,"minecraft:stone_brick_stairs":1,"minecraft:netherrack":4},"minecraft:crafted":{"minecraft:oak_door":3,"minecraft:oak_planks":112,"minecraft:furnace":2,"minecraft:cooked_mutton":9,"minecraft:bow":3,"minecraft:iron_boots":2,"minecraft:iron_axe":1,"minecraft:stone_pickaxe":2,"minecraft:chest":1,"minecraft:cooked_beef":30,"minecraft:diamond_sword":2,"minecraft:cooked_porkchop":4,"minecraft:crafting_table":3,"minecraft:enchanting_table":1,"minecraft:wooden_pickaxe":1,"minecraft:iron_helmet":2,"minecraft:iron_sword":1,"minecraft:stone_axe":1,"minecraft:air":0,"minecraft:iron_chestplate":1,"minecraft:book":1,"minecraft:paper":3,"minecraft:diamond_pickaxe":1,"minecraft:shield":1,"minecraft:stick":28,"minecraft:iron_ingot":116,"minecraft:iron_pickaxe":2,"minecraft:wooden_axe":1,"minecraft:iron_block":6,"minecraft:anvil":1,"minecraft:white_bed":1}},"DataVersion":3337}