{"stats":{"minecraft:broken":{"minecraft:stone_pickaxe":1,"minecraft:iron_pickaxe":1},"minecraft:used":{"minecraft:calcite":4,"minecraft:amethyst_block":4,"minecraft:flint_and_steel":20,"minecraft:shield":4,"minecraft:stone_pickaxe":252,"minecraft:oak_planks":3,"minecraft:chest":1,"minecraft:wooden_pickaxe":10,"minecraft:iron_sword":15,"minecraft:oak_door":2,"minecraft:torch":2,"minecraft:dirt":3,"minecraft:rail":2,"minecraft:crafting_table":10,"minecraft:white_bed":1,"minecraft:tuff":26,"minecraft:wooden_axe":28,"minecraft:diamond_pickaxe":6,"minecraft:iron_axe":11,"minecraft:iron_pickaxe":286,"minecraft:smooth_basalt":8,"minecraft:stone_axe":2,"minecraft:golden_sword":23,"minecraft:cobblestone":30,"minecraft:sweet_berries":44,"minecraft:furnace":4,"minecraft:cooked_porkchop":3,"minecraft:andesite":6,"minecraft:cooked_beef":5,"minecraft:cobbled_deepslate":146},"minecraft:custom":{"minecraft:interact_with_furnace":33,"minecraft:mob_kills":18,"minecraft:interact_with_crafting_table":27,"minecraft:time_since_death":55418,"minecraft:climb_one_cm":295,"minecraft:time_since_rest":55418,"minecraft:sprint_one_cm":179818,"minecraft:damage_blocked_by_shield":210,"minecraft:damage_taken":1027,"minecraft:walk_one_cm":53093,"minecraft:drop":30,"minecraft:damage_dealt":2573,"minecraft:talked_to_villager":2,"minecraft:swim_one_cm":26907,"minecraft:fly_one_cm":228268,"minecraft:open_chest":24,"minecraft:crouch_one_cm":32606,"minecraft:play_time":55418,"minecraft:sneak_time":15060,"minecraft:walk_under_water_one_cm":7865,"minecraft:jump":1347,"minecraft:walk_on_water_one_cm":12205,"minecraft:total_world_time":55418,"minecraft:fall_one_cm":41507},"minecraft:killed":{"minecraft:pig":2,"minecraft:skeleton":2,"minecraft:sheep":6,"minecraft:zombie":5,"minecraft:cow":3},"minecraft:mined":{"minecraft:diamond_ore":2,"minecraft:tuff":27,"minecraft:deepslate_diamond_ore":66,"minecraft:mossy_stone_brick_slab":3,"minecraft:oak_door":1,"minecraft:stone_brick_slab":2,"minecraft:obsidian":1,"minecraft:crafting_table":7,"minecraft:granite":8,"minecraft:grass_block":1,"minecraft:calcite":4,"minecraft:chest":1,"minecraft:tall_grass":1,"minecraft:cobblestone":4,"minecraft:spruce_leaves":8,"minecraft:deepslate_gold_ore":33,"minecraft:diorite":3,"minecraft:wall_torch":2,"minecraft:amethyst_block":4,"minecraft:magma_block":4,"minecraft:furnace":4,"minecraft:fire":2,"minecraft:cobbled_deepslate":5,"minecraft:iron_ore":6,"minecraft:sweet_berry_bush":25,"minecraft:andesite":38,"minecraft:stone_brick_stairs":1,"minecraft:deepslate_lapis_ore":5,"minecraft:gold_block":1,"minecraft:grass":2,"minecraft:pointed_dripstone":1,"minecraft:oak_log":19,"minecraft:coal_ore":7,"minecraft:deepslate_iron_ore":15,"minecraft:rail":2,"minecraft:gravel":3,"minecraft:dirt":9,"minecraft:smooth_basalt":9,"minecraft:stone_bricks":1,"minecraft:stone":109,"minecraft:netherrack":3,"minecraft:mossy_stone_bricks":1,"minecraft:deepslate":180,"minecraft:oak_leaves":3,"minecraft:fern":1},"minecraft:dropped":{"minecraft:wheat_seeds":1,"minecraft:cobbled_deepslate":24,"minecraft:diamond":64,"minecraft:pointed_dripstone":4,"minecraft:rotten_flesh":5,"minecraft:cobblestone":58,"minecraft:mossy_stone_brick_slab":2,"minecraft:granite":8,"minecraft:rail":3,"minecraft:dirt":7,"minecraft:diorite":3,"minecraft:andesite":12,"minecraft:wooden_axe":1,"minecraft:mossy_stone_bricks":1,"minecraft:wooden_pickaxe":1,"minecraft:stone_pickaxe":2,"minecraft:magma_block":1,"minecraft:stone_brick_stairs":1,"minecraft:netherrack":1,"minecraft:stone_brick_slab":2,"minecraft:smooth_basalt":5},"minecraft:picked_up":{"minecraft:crafting_table":7,"minecraft:magma_block":1,"minecraft:andesite":36,"minecraft:leather":4,"minecraft:gold_block":1,"minecraft:flint":2,"minecraft:tuff":26,"minecraft:stone_brick_stairs":1,"minecraft:oak_log":19,"minecraft:amethyst_block":4,"minecraft:lapis_lazuli":32,"minecraft:dirt":10,"minecraft:bone":2,"minecraft:wheat_seeds":1,"minecraft:cobbled_deepslate":197,"minecraft:raw_gold":33,"minecraft:beef":6,"minecraft:stone_pickaxe":1,"minecraft:calcite":4,"minecraft:mossy_stone_bricks":1,"minecraft:chest":1,"minecraft:furnace":4,"minecraft:raw_iron":21,"minecraft:smooth_basalt":13,"minecraft:oak_door":1,"minecraft:sweet_berries":59,"minecraft:stone_brick_slab":2,"minecraft:torch":2,"minecraft:porkchop":5,"minecraft:pointed_dripstone":4,"minecraft:diorite":3,"minecraft:mossy_stone_brick_slab":2,"minecraft:rotten_flesh":5,"minecraft:diamond":67,"minecraft:granite":8,"minecraft:obsidian":1,"minecraft:netherrack":1,"minecraft:rail":5,"minecraft:mutton":10,"minecraft:coal":11,"minecraft:white_wool":6,"minecraft:cobblestone":113},"minecraft:crafted":{"minecraft:cooked_beef":5,"minecraft:oak_door":3,"minecraft:oak_planks":76,"minecraft:cooked_porkchop":4,"minecraft:crafting_table":3,"minecraft:wooden_pickaxe":1,"minecraft:iron_helmet":1,"minecraft:iron_sword":1,"minecraft:furnace":2,"minecraft:stone_axe":1,"minecraft:cooked_mutton":3,"minecraft:air":0,"minecraft:iron_boots":1,"minecraft:diamond_pickaxe":1,"minecraft:shield":1,"minecraft:iron_axe":1,"minecraft:stick":20,"minecraft:iron_ingot":21,"minecraft:iron_pickaxe":2,"minecraft:stone_pickaxe":2,"minecraft:wooden_axe":1,"minecraft:chest":1,"minecraft:white_bed":1}},"DataVersion":3337}