{"stats":{"minecraft:broken":{"minecraft:stone_pickaxe":1},"minecraft:used":{"minecraft:cooked_mutton":14,"minecraft:diorite":4,"minecraft:stone_pickaxe":174,"minecraft:spruce_planks":1,"minecraft:wooden_pickaxe":26,"minecraft:white_wool":1,"minecraft:dirt":8,"minecraft:mutton":8,"minecraft:crafting_table":7,"minecraft:granite":17,"minecraft:spruce_boat":6,"minecraft:bread":4,"minecraft:iron_pickaxe":32,"minecraft:stone_axe":79,"minecraft:cobblestone":42,"minecraft:furnace":7,"minecraft:cooked_beef":3},"minecraft:killed_by":{"minecraft:iron_golem":1},"minecraft:custom":{"minecraft:interact_with_furnace":39,"minecraft:mob_kills":20,"minecraft:interact_with_crafting_table":13,"minecraft:leave_game":2,"minecraft:time_since_death":702,"minecraft:sleep_in_bed":1,"minecraft:time_since_rest":727,"minecraft:sprint_one_cm":181006,"minecraft:damage_taken":1651,"minecraft:walk_one_cm":46379,"minecraft:damage_dealt":2194,"minecraft:swim_one_cm":23032,"minecraft:fly_one_cm":1012919,"minecraft:open_chest":1,"minecraft:crouch_one_cm":3845,"minecraft:play_time":59860,"minecraft:deaths":1,"minecraft:sneak_time":1931,"minecraft:walk_under_water_one_cm":6899,"minecraft:boat_one_cm":338532,"minecraft:jump":1269,"minecraft:walk_on_water_one_cm":4195,"minecraft:total_world_time":59860,"minecraft:fall_one_cm":50777},"minecraft:killed":{"minecraft:spider":1,"minecraft:sheep":15,"minecraft:skeleton":1,"minecraft:cow":2},"minecraft:mined":{"minecraft:white_bed":4,"minecraft:glass_pane":2,"minecraft:powder_snow":6,"minecraft:oak_fence":1,"minecraft:crafting_table":7,"minecraft:granite":17,"minecraft:emerald_ore":1,"minecraft:grass_block":6,"minecraft:copper_ore":2,"minecraft:cobblestone":4,"minecraft:spruce_leaves":3,"minecraft:oak_planks":1,"minecraft:diorite":4,"minecraft:hay_block":11,"minecraft:furnace":7,"minecraft:iron_ore":11,"minecraft:ice":8,"minecraft:spruce_log":13,"minecraft:andesite":8,"minecraft:yellow_bed":3,"minecraft:grass":1,"minecraft:coal_ore":9,"minecraft:deepslate_iron_ore":17,"minecraft:dirt":11,"minecraft:packed_ice":2,"minecraft:stone":94,"minecraft:white_wool":1,"minecraft:oak_leaves":11,"minecraft:deepslate":33},"minecraft:picked_up":{"minecraft:crafting_table":7,"minecraft:andesite":8,"minecraft:wooden_pickaxe":1,"minecraft:yellow_bed":3,"minecraft:string":2,"minecraft:dirt":16,"minecraft:raw_copper":6,"minecraft:kelp":2,"minecraft:wheat_seeds":1,"minecraft:cobbled_deepslate":32,"minecraft:spruce_planks":13,"minecraft:beef":7,"minecraft:oak_planks":1,"minecraft:furnace":7,"minecraft:raw_iron":49,"minecraft:diorite":4,"minecraft:white_bed":4,"minecraft:spruce_log":13,"minecraft:spruce_boat":3,"minecraft:hay_block":11,"minecraft:granite":17,"minecraft:emerald":1,"minecraft:oak_sapling":1,"minecraft:coal":42,"minecraft:mutton":35,"minecraft:cobblestone":98,"minecraft:white_wool":16},"minecraft:crafted":{"minecraft:cooked_beef":2,"minecraft:crafting_table":1,"minecraft:spruce_planks":52,"minecraft:wooden_pickaxe":1,"minecraft:furnace":1,"minecraft:stone_axe":1,"minecraft:bread":33,"minecraft:cooked_mutton":10,"minecraft:air":0,"minecraft:stick":16,"minecraft:iron_ingot":3,"minecraft:iron_pickaxe":1,"minecraft:stone_pickaxe":3,"minecraft:wooden_axe":1,"minecraft:spruce_boat":3,"minecraft:wheat":99}},"DataVersion":3337}