{"stats":{"minecraft:broken":{"minecraft:wooden_axe":1},"minecraft:used":{"minecraft:wooden_axe":47,"minecraft:stone_pickaxe":58,"minecraft:oak_planks":3,"minecraft:wooden_pickaxe":3,"minecraft:dirt":5,"minecraft:crafting_table":5,"minecraft:furnace":2,"minecraft:cooked_porkchop":2,"minecraft:birch_log":1},"minecraft:custom":{"minecraft:time_since_rest":10998,"minecraft:interact_with_furnace":6,"minecraft:sprint_one_cm":24533,"minecraft:damage_taken":80,"minecraft:walk_one_cm":15378,"minecraft:mob_kills":10,"minecraft:damage_dealt":961,"minecraft:swim_one_cm":7968,"minecraft:interact_with_crafting_table":7,"minecraft:fly_one_cm":31889,"minecraft:crouch_one_cm":445,"minecraft:play_time":10998,"minecraft:sneak_time":164,"minecraft:walk_under_water_one_cm":650,"minecraft:jump":188,"minecraft:walk_on_water_one_cm":2497,"minecraft:time_since_death":10998,"minecraft:total_world_time":10998,"minecraft:fall_one_cm":3437},"minecraft:killed":{"minecraft:sheep":3,"minecraft:pig":5,"minecraft:cow":2},"minecraft:mined":{"minecraft:coarse_dirt":1,"minecraft:furnace":1,"minecraft:birch_log":7,"minecraft:birch_leaves":1,"minecraft:crafting_table":4,"minecraft:grass":1,"minecraft:grass_block":2,"minecraft:oak_log":21,"minecraft:dirt":11,"minecraft:spruce_leaves":2,"minecraft:stone":52,"minecraft:oak_leaves":5},"minecraft:picked_up":{"minecraft:birch_log":7,"minecraft:coarse_dirt":1,"minecraft:crafting_table":4,"minecraft:leather":2,"minecraft:porkchop":16,"minecraft:oak_log":21,"minecraft:dirt":13,"minecraft:beef":4,"minecraft:oak_planks":3,"minecraft:mutton":6,"minecraft:white_wool":3,"minecraft:cobblestone":52,"minecraft:furnace":1},"minecraft:crafted":{"minecraft:oak_planks":84,"minecraft:cooked_porkchop":12,"minecraft:crafting_table":1,"minecraft:stick":12,"minecraft:wooden_pickaxe":1,"minecraft:stone_pickaxe":1,"minecraft:wooden_axe":1,"minecraft:furnace":2,"minecraft:birch_planks":24,"minecraft:air":0}},"DataVersion":3337}