{"stats":{"minecraft:broken":{"minecraft:stone_pickaxe":1},"minecraft:used":{"minecraft:cooked_mutton":3,"minecraft:diorite":4,"minecraft:stone_pickaxe":174,"minecraft:iron_pickaxe":3,"minecraft:wooden_pickaxe":26,"minecraft:stone_axe":13,"minecraft:white_wool":1,"minecraft:dirt":8,"minecraft:cobblestone":16,"minecraft:mutton":4,"minecraft:crafting_table":2,"minecraft:furnace":1,"minecraft:granite":17},"minecraft:custom":{"minecraft:time_since_rest":11932,"minecraft:interact_with_furnace":13,"minecraft:sprint_one_cm":24653,"minecraft:damage_taken":280,"minecraft:walk_one_cm":10503,"minecraft:mob_kills":4,"minecraft:damage_dealt":335,"minecraft:interact_with_crafting_table":9,"minecraft:fly_one_cm":42997,"minecraft:crouch_one_cm":2523,"minecraft:play_time":11932,"minecraft:sneak_time":1389,"minecraft:jump":227,"minecraft:time_since_death":11932,"minecraft:walk_on_water_one_cm":333,"minecraft:total_world_time":11932,"minecraft:fall_one_cm":7342},"minecraft:killed":{"minecraft:sheep":4},"minecraft:mined":{"minecraft:furnace":1,"minecraft:iron_ore":7,"minecraft:spruce_log":13,"minecraft:andesite":8,"minecraft:crafting_table":3,"minecraft:granite":17,"minecraft:grass_block":5,"minecraft:coal_ore":9,"minecraft:deepslate_iron_ore":17,"minecraft:dirt":9,"minecraft:copper_ore":2,"minecraft:cobblestone":2,"minecraft:spruce_leaves":3,"minecraft:stone":94,"minecraft:white_wool":1,"minecraft:deepslate":33,"minecraft:diorite":4},"minecraft:picked_up":{"minecraft:raw_iron":45,"minecraft:crafting_table":3,"minecraft:andesite":8,"minecraft:wooden_pickaxe":1,"minecraft:diorite":4,"minecraft:spruce_log":13,"minecraft:dirt":13,"minecraft:raw_copper":6,"minecraft:cobbled_deepslate":32,"minecraft:granite":17,"minecraft:coal":17,"minecraft:mutton":7,"minecraft:white_wool":5,"minecraft:cobblestone":96,"minecraft:furnace":1},"minecraft:crafted":{"minecraft:crafting_table":1,"minecraft:spruce_planks":52,"minecraft:stick":16,"minecraft:iron_pickaxe":1,"minecraft:iron_ingot":3,"minecraft:wooden_pickaxe":1,"minecraft:stone_pickaxe":3,"minecraft:wooden_axe":1,"minecraft:furnace":1,"minecraft:stone_axe":1,"minecraft:cooked_mutton":3,"minecraft:air":0}},"DataVersion":3337}