{"stats":{"minecraft:broken":{"minecraft:stone_pickaxe":1},"minecraft:used":{"minecraft:spruce_boat":3,"minecraft:cooked_mutton":8,"minecraft:diorite":4,"minecraft:stone_pickaxe":174,"minecraft:iron_pickaxe":7,"minecraft:wooden_pickaxe":26,"minecraft:stone_axe":26,"minecraft:white_wool":1,"minecraft:cobblestone":32,"minecraft:dirt":8,"minecraft:mutton":4,"minecraft:crafting_table":4,"minecraft:furnace":3,"minecraft:granite":17},"minecraft:custom":{"minecraft:time_since_rest":23864,"minecraft:interact_with_furnace":22,"minecraft:sprint_one_cm":46095,"minecraft:damage_taken":690,"minecraft:walk_one_cm":21378,"minecraft:mob_kills":10,"minecraft:damage_dealt":895,"minecraft:swim_one_cm":21599,"minecraft:interact_with_crafting_table":10,"minecraft:fly_one_cm":188820,"minecraft:crouch_one_cm":2866,"minecraft:play_time":23864,"minecraft:sneak_time":1598,"minecraft:walk_under_water_one_cm":3590,"minecraft:boat_one_cm":175028,"minecraft:jump":388,"minecraft:leave_game":1,"minecraft:time_since_death":23864,"minecraft:walk_on_water_one_cm":2711,"minecraft:total_world_time":23864,"minecraft:fall_one_cm":16974},"minecraft:killed":{"minecraft:sheep":9,"minecraft:spider":1},"minecraft:mined":{"minecraft:furnace":3,"minecraft:iron_ore":7,"minecraft:spruce_log":13,"minecraft:andesite":8,"minecraft:crafting_table":5,"minecraft:granite":17,"minecraft:grass":1,"minecraft:grass_block":6,"minecraft:coal_ore":9,"minecraft:deepslate_iron_ore":17,"minecraft:dirt":11,"minecraft:copper_ore":2,"minecraft:cobblestone":4,"minecraft:spruce_leaves":3,"minecraft:stone":94,"minecraft:oak_leaves":1,"minecraft:white_wool":1,"minecraft:diorite":4,"minecraft:deepslate":33},"minecraft:picked_up":{"minecraft:raw_iron":45,"minecraft:crafting_table":5,"minecraft:andesite":8,"minecraft:wooden_pickaxe":1,"minecraft:diorite":4,"minecraft:spruce_log":13,"minecraft:string":2,"minecraft:dirt":16,"minecraft:raw_copper":6,"minecraft:spruce_boat":2,"minecraft:cobbled_deepslate":32,"minecraft:granite":17,"minecraft:mutton":21,"minecraft:coal":30,"minecraft:white_wool":10,"minecraft:cobblestone":98,"minecraft:furnace":3},"minecraft:crafted":{"minecraft:crafting_table":1,"minecraft:spruce_planks":52,"minecraft:stick":16,"minecraft:wooden_pickaxe":1,"minecraft:iron_ingot":3,"minecraft:iron_pickaxe":1,"minecraft:stone_pickaxe":3,"minecraft:wooden_axe":1,"minecraft:furnace":1,"minecraft:spruce_boat":1,"minecraft:stone_axe":1,"minecraft:air":0,"minecraft:cooked_mutton":7}},"DataVersion":3337}