{"stats":{"minecraft:broken":{"minecraft:stone_sword":1,"minecraft:stone_pickaxe":1,"minecraft:golden_axe":1,"minecraft:iron_pickaxe":3,"minecraft:wooden_axe":1,"minecraft:wooden_hoe":1},"minecraft:used":{"minecraft:stone_sword":134,"minecraft:iron_shovel":9,"minecraft:chest":12,"minecraft:shield":3,"minecraft:iron_sword":2,"minecraft:bell":1,"minecraft:orange_bed":12,"minecraft:dirt":28,"minecraft:mutton":4,"minecraft:wooden_axe":49,"minecraft:iron_axe":52,"minecraft:acacia_slab":9,"minecraft:furnace":5,"minecraft:acacia_fence":1,"minecraft:acacia_wood":2,"minecraft:cobbled_deepslate":174,"minecraft:acacia_planks":28,"minecraft:golden_axe":55,"minecraft:wheat_seeds":44,"minecraft:water_bucket":2,"minecraft:diorite":21,"minecraft:acacia_trapdoor":5,"minecraft:oak_planks":23,"minecraft:stone_pickaxe":279,"minecraft:cartography_table":1,"minecraft:cobblestone_slab":18,"minecraft:wooden_pickaxe":9,"minecraft:diamond_axe":57,"minecraft:jungle_boat":1,"minecraft:red_bed":2,"minecraft:crafting_table":12,"minecraft:wooden_hoe":66,"minecraft:diamond_pickaxe":339,"minecraft:diamond_shovel":121,"minecraft:acacia_door":2,"minecraft:bread":35,"minecraft:iron_pickaxe":785,"minecraft:stone_axe":28,"minecraft:diamond_sword":33,"minecraft:cobblestone":188,"minecraft:porkchop":6,"minecraft:grindstone":1,"minecraft:cooked_porkchop":5,"minecraft:andesite":2,"minecraft:bucket":3,"minecraft:birch_log":1,"minecraft:gray_wool":1},"minecraft:killed_by":{"minecraft:iron_golem":1,"minecraft:cave_spider":1,"minecraft:skeleton":1,"minecraft:zombie":2},"minecraft:custom":{"minecraft:mob_kills":54,"minecraft:interact_with_crafting_table":74,"minecraft:bell_ring":371,"minecraft:leave_game":5,"minecraft:time_since_death":72568,"minecraft:climb_one_cm":2301,"minecraft:sprint_one_cm":466102,"minecraft:walk_one_cm":281105,"minecraft:damage_blocked_by_shield":90,"minecraft:drop":25,"minecraft:talked_to_villager":57,"minecraft:play_time":184106,"minecraft:sneak_time":6590,"minecraft:deaths":6,"minecraft:walk_under_water_one_cm":5151,"minecraft:boat_one_cm":34009,"minecraft:jump":3963,"minecraft:walk_on_water_one_cm":20846,"minecraft:total_world_time":184106,"minecraft:interact_with_furnace":30,"minecraft:traded_with_villager":1,"minecraft:interact_with_cartography_table":1,"minecraft:interact_with_grindstone":1,"minecraft:sleep_in_bed":3,"minecraft:time_since_rest":29440,"minecraft:damage_taken":3112,"minecraft:damage_dealt":10410,"minecraft:player_kills":1,"minecraft:swim_one_cm":51672,"minecraft:fly_one_cm":914834,"minecraft:open_chest":158,"minecraft:crouch_one_cm":12090,"minecraft:fall_one_cm":88268},"minecraft:killed":{"minecraft:spider":2,"minecraft:skeleton":4,"minecraft:horse":2,"minecraft:pig":9,"minecraft:iron_golem":2,"minecraft:sheep":11,"minecraft:zombie":13,"minecraft:villager":5,"minecraft:enderman":4,"minecraft:cow":2},"minecraft:mined":{"minecraft:yellow_terracotta":10,"minecraft:diamond_ore":6,"minecraft:tuff":23,"minecraft:attached_melon_stem":2,"minecraft:deepslate_diamond_ore":61,"minecraft:brewing_stand":1,"minecraft:granite":40,"minecraft:acacia_log":58,"minecraft:grass_block":30,"minecraft:jungle_log":3,"minecraft:spruce_leaves":13,"minecraft:acacia_slab":6,"minecraft:cartography_table":2,"minecraft:acacia_pressure_plate":2,"minecraft:spawner":1,"minecraft:hay_block":61,"minecraft:furnace":3,"minecraft:acacia_trapdoor":3,"minecraft:iron_ore":60,"minecraft:cobbled_deepslate":6,"minecraft:acacia_wood":12,"minecraft:andesite":53,"minecraft:deepslate_lapis_ore":6,"minecraft:bell":1,"minecraft:dirt_path":5,"minecraft:deepslate_iron_ore":1,"minecraft:cobblestone_slab":2,"minecraft:rail":1,"minecraft:stripped_acacia_log":12,"minecraft:stone":469,"minecraft:orange_bed":12,"minecraft:glass_pane":7,"minecraft:red_bed":2,"minecraft:melon_stem":3,"minecraft:torch":4,"minecraft:crafting_table":8,"minecraft:chest":5,"minecraft:copper_ore":2,"minecraft:tall_grass":6,"minecraft:cobblestone":35,"minecraft:lapis_ore":6,"minecraft:grindstone":1,"minecraft:sugar_cane":1,"minecraft:diorite":51,"minecraft:red_terracotta":1,"minecraft:coarse_dirt":1,"minecraft:birch_log":11,"minecraft:wheat":88,"minecraft:brown_wall_banner":3,"minecraft:birch_leaves":1,"minecraft:grass":85,"minecraft:oak_log":21,"minecraft:coal_ore":2,"minecraft:acacia_fence":9,"minecraft:sunflower":11,"minecraft:gravel":8,"minecraft:acacia_door":4,"minecraft:dirt":63,"minecraft:acacia_planks":5,"minecraft:oak_leaves":12,"minecraft:deepslate":511},"minecraft:dropped":{"minecraft:wheat_seeds":92,"minecraft:cobblestone":1,"minecraft:leather":2,"minecraft:acacia_log":8,"minecraft:stick":6,"minecraft:dirt":2,"minecraft:torch":1,"minecraft:map":3,"minecraft:white_wool":6,"minecraft:acacia_planks":6,"minecraft:bone":2,"minecraft:cobbled_deepslate":5,"minecraft:wheat":1,"minecraft:rotten_flesh":2,"minecraft:poppy":1,"minecraft:diamond_pickaxe":1,"minecraft:chest":1,"minecraft:acacia_fence":1,"minecraft:acacia_pressure_plate":1,"minecraft:cartography_table":1},"minecraft:picked_up":{"minecraft:iron_chestplate":3,"minecraft:coarse_dirt":1,"minecraft:crafting_table":8,"minecraft:wheat":81,"minecraft:splash_potion":1,"minecraft:wooden_pickaxe":1,"minecraft:acacia_pressure_plate":3,"minecraft:potion":1,"minecraft:enchanted_book":1,"minecraft:crimson_planks":28,"minecraft:brewing_stand":1,"minecraft:shield":1,"minecraft:string":2,"minecraft:red_bed":2,"minecraft:raw_copper":5,"minecraft:iron_axe":5,"minecraft:acacia_door":5,"minecraft:flint_and_steel":2,"minecraft:iron_leggings":2,"minecraft:compass":1,"minecraft:cartography_table":2,"minecraft:gold_nugget":65,"minecraft:cobbled_deepslate":682,"minecraft:beef":5,"minecraft:cobblestone_slab":4,"minecraft:iron_nugget":56,"minecraft:poppy":2,"minecraft:iron_pickaxe":5,"minecraft:sugar_cane":2,"minecraft:chest":7,"minecraft:furnace":3,"minecraft:iron_boots":4,"minecraft:egg":1,"minecraft:stick":11,"minecraft:raw_iron":61,"minecraft:acacia_fence":12,"minecraft:torch":23,"minecraft:acacia_log":68,"minecraft:porkchop":33,"minecraft:golden_axe":1,"minecraft:diorite":73,"minecraft:orange_bed":13,"minecraft:weeping_vines":5,"minecraft:stone_sword":3,"minecraft:arrow":9,"minecraft:rotten_flesh":33,"minecraft:hay_block":113,"minecraft:yellow_terracotta":10,"minecraft:gold_ingot":6,"minecraft:obsidian":6,"minecraft:mutton":32,"minecraft:rail":1,"minecraft:white_wool":16,"minecraft:cobblestone":1096,"minecraft:birch_log":12,"minecraft:jungle_boat":1,"minecraft:andesite":81,"minecraft:water_bucket":2,"minecraft:jungle_log":3,"minecraft:leather":13,"minecraft:filled_map":1,"minecraft:acacia_wood":12,"minecraft:birch_planks":24,"minecraft:flint":2,"minecraft:tuff":44,"minecraft:oak_log":21,"minecraft:lapis_lazuli":171,"minecraft:map":9,"minecraft:dirt":68,"minecraft:paper":1,"minecraft:twisting_vines":2,"minecraft:bone":12,"minecraft:acacia_planks":55,"minecraft:apple":3,"minecraft:wheat_seeds":258,"minecraft:acacia_trapdoor":3,"minecraft:raw_gold":3,"minecraft:bell":3,"minecraft:grindstone":1,"minecraft:iron_ingot":23,"minecraft:stone_pickaxe":2,"minecraft:iron_sword":1,"minecraft:oak_planks":11,"minecraft:acacia_sapling":2,"minecraft:sweet_berries":44,"minecraft:quartz":10,"minecraft:gravel":8,"minecraft:spruce_sapling":1,"minecraft:white_bed":1,"minecraft:spectral_arrow":29,"minecraft:red_terracotta":2,"minecraft:spider_eye":1,"minecraft:stripped_acacia_log":12,"minecraft:diamond":95,"minecraft:stone_axe":1,"minecraft:iron_helmet":2,"minecraft:warped_roots":1,"minecraft:granite":106,"minecraft:grass":2,"minecraft:warped_nylium":1,"minecraft:gray_wool":1,"minecraft:emerald":4,"minecraft:bread":127,"minecraft:oak_sapling":1,"minecraft:brown_banner":8,"minecraft:acacia_slab":10,"minecraft:melon_seeds":12,"minecraft:coal":24,"minecraft:ender_pearl":3,"minecraft:sunflower":6,"minecraft:diamond_pickaxe":2},"minecraft:crafted":{"minecraft:wooden_sword":1,"minecraft:oak_planks":84,"minecraft:cobblestone_slab":18,"minecraft:furnace":4,"minecraft:diamond_shovel":1,"minecraft:cooked_mutton":4,"minecraft:diamond_helmet":1,"minecraft:diamond_leggings":1,"minecraft:iron_boots":1,"minecraft:iron_axe":1,"minecraft:stone_pickaxe":2,"minecraft:chest":9,"minecraft:diamond_boots":1,"minecraft:wheat":549,"minecraft:diamond_sword":1,"minecraft:cooked_porkchop":12,"minecraft:diamond_axe":1,"minecraft:crafting_table":5,"minecraft:jungle_boat":1,"minecraft:acacia_slab":6,"minecraft:wooden_pickaxe":2,"minecraft:iron_helmet":1,"minecraft:iron_sword":1,"minecraft:acacia_trapdoor":2,"minecraft:birch_planks":44,"minecraft:stone_axe":1,"minecraft:bread":191,"minecraft:acacia_boat":1,"minecraft:air":0,"minecraft:jungle_planks":12,"minecraft:wooden_hoe":1,"minecraft:iron_chestplate":1,"minecraft:diamond_pickaxe":2,"minecraft:shield":1,"minecraft:stick":52,"minecraft:iron_ingot":33,"minecraft:iron_pickaxe":4,"minecraft:wooden_axe":2,"minecraft:stone_sword":1,"minecraft:iron_shovel":1,"minecraft:iron_leggings":1,"minecraft:acacia_planks":312,"minecraft:diamond_chestplate":1}},"DataVersion":3337}