{"stats":{"minecraft:broken":{"minecraft:stone_sword":1,"minecraft:stone_pickaxe":1,"minecraft:golden_axe":1,"minecraft:iron_pickaxe":3,"minecraft:wooden_axe":1,"minecraft:wooden_hoe":1},"minecraft:used":{"minecraft:stone_sword":134,"minecraft:iron_shovel":9,"minecraft:chest":12,"minecraft:iron_sword":2,"minecraft:bell":1,"minecraft:orange_bed":12,"minecraft:dirt":28,"minecraft:mutton":4,"minecraft:wooden_axe":49,"minecraft:iron_axe":52,"minecraft:acacia_slab":9,"minecraft:furnace":5,"minecraft:acacia_fence":1,"minecraft:acacia_wood":2,"minecraft:cobbled_deepslate":174,"minecraft:acacia_planks":28,"minecraft:golden_axe":55,"minecraft:water_bucket":2,"minecraft:diorite":21,"minecraft:acacia_trapdoor":5,"minecraft:stone_pickaxe":279,"minecraft:oak_planks":23,"minecraft:cartography_table":1,"minecraft:wooden_pickaxe":9,"minecraft:diamond_axe":40,"minecraft:jungle_boat":1,"minecraft:crafting_table":12,"minecraft:red_bed":2,"minecraft:wooden_hoe":66,"minecraft:diamond_pickaxe":322,"minecraft:diamond_shovel":62,"minecraft:acacia_door":2,"minecraft:bread":23,"minecraft:iron_pickaxe":785,"minecraft:stone_axe":28,"minecraft:diamond_sword":5,"minecraft:cobblestone":158,"minecraft:grindstone":1,"minecraft:porkchop":6,"minecraft:cooked_porkchop":5,"minecraft:birch_log":1,"minecraft:andesite":2,"minecraft:bucket":3,"minecraft:gray_wool":1},"minecraft:killed_by":{"minecraft:iron_golem":1,"minecraft:cave_spider":1,"minecraft:skeleton":1,"minecraft:zombie":2},"minecraft:custom":{"minecraft:mob_kills":51,"minecraft:interact_with_crafting_table":62,"minecraft:bell_ring":371,"minecraft:leave_game":1,"minecraft:time_since_death":41826,"minecraft:climb_one_cm":2207,"minecraft:sprint_one_cm":433008,"minecraft:walk_one_cm":244729,"minecraft:drop":24,"minecraft:talked_to_villager":57,"minecraft:play_time":153364,"minecraft:deaths":6,"minecraft:sneak_time":6361,"minecraft:walk_under_water_one_cm":4493,"minecraft:boat_one_cm":34009,"minecraft:jump":3520,"minecraft:walk_on_water_one_cm":17731,"minecraft:total_world_time":153364,"minecraft:interact_with_furnace":24,"minecraft:traded_with_villager":1,"minecraft:interact_with_cartography_table":1,"minecraft:interact_with_grindstone":1,"minecraft:sleep_in_bed":2,"minecraft:time_since_rest":41851,"minecraft:damage_taken":2653,"minecraft:damage_dealt":8789,"minecraft:swim_one_cm":51152,"minecraft:fly_one_cm":607589,"minecraft:open_chest":102,"minecraft:crouch_one_cm":11388,"minecraft:fall_one_cm":73775},"minecraft:killed":{"minecraft:spider":2,"minecraft:horse":2,"minecraft:skeleton":4,"minecraft:pig":9,"minecraft:iron_golem":2,"minecraft:sheep":11,"minecraft:zombie":13,"minecraft:villager":5,"minecraft:cow":2},"minecraft:mined":{"minecraft:diamond_ore":6,"minecraft:tuff":23,"minecraft:deepslate_diamond_ore":61,"minecraft:brewing_stand":1,"minecraft:granite":40,"minecraft:acacia_log":58,"minecraft:grass_block":9,"minecraft:jungle_log":3,"minecraft:spruce_leaves":13,"minecraft:acacia_slab":3,"minecraft:cartography_table":2,"minecraft:acacia_pressure_plate":1,"minecraft:spawner":1,"minecraft:hay_block":61,"minecraft:furnace":3,"minecraft:acacia_trapdoor":3,"minecraft:cobbled_deepslate":6,"minecraft:iron_ore":60,"minecraft:acacia_wood":11,"minecraft:andesite":53,"minecraft:deepslate_lapis_ore":6,"minecraft:bell":1,"minecraft:deepslate_iron_ore":1,"minecraft:dirt_path":4,"minecraft:rail":1,"minecraft:stripped_acacia_log":10,"minecraft:stone":469,"minecraft:orange_bed":12,"minecraft:glass_pane":4,"minecraft:red_bed":2,"minecraft:crafting_table":8,"minecraft:chest":5,"minecraft:cobblestone":32,"minecraft:copper_ore":2,"minecraft:tall_grass":5,"minecraft:lapis_ore":6,"minecraft:grindstone":1,"minecraft:sugar_cane":1,"minecraft:diorite":51,"minecraft:red_terracotta":1,"minecraft:coarse_dirt":1,"minecraft:birch_log":11,"minecraft:wheat":40,"minecraft:brown_wall_banner":3,"minecraft:birch_leaves":1,"minecraft:grass":75,"minecraft:coal_ore":2,"minecraft:oak_log":21,"minecraft:acacia_fence":8,"minecraft:sunflower":10,"minecraft:gravel":8,"minecraft:acacia_door":4,"minecraft:dirt":35,"minecraft:acacia_planks":4,"minecraft:oak_leaves":12,"minecraft:deepslate":511},"minecraft:dropped":{"minecraft:wheat_seeds":92,"minecraft:cobblestone":1,"minecraft:leather":2,"minecraft:acacia_log":8,"minecraft:stick":6,"minecraft:dirt":2,"minecraft:torch":1,"minecraft:map":3,"minecraft:white_wool":6,"minecraft:acacia_planks":6,"minecraft:bone":2,"minecraft:cobbled_deepslate":5,"minecraft:wheat":1,"minecraft:rotten_flesh":2,"minecraft:poppy":1,"minecraft:chest":1,"minecraft:acacia_fence":1,"minecraft:acacia_pressure_plate":1,"minecraft:cartography_table":1},"minecraft:picked_up":{"minecraft:iron_chestplate":1,"minecraft:crafting_table":8,"minecraft:coarse_dirt":1,"minecraft:wheat":37,"minecraft:wooden_pickaxe":1,"minecraft:acacia_pressure_plate":2,"minecraft:brewing_stand":1,"minecraft:string":2,"minecraft:red_bed":2,"minecraft:raw_copper":5,"minecraft:iron_axe":3,"minecraft:acacia_door":5,"minecraft:flint_and_steel":1,"minecraft:cartography_table":2,"minecraft:gold_nugget":3,"minecraft:cobbled_deepslate":618,"minecraft:beef":4,"minecraft:poppy":2,"minecraft:iron_pickaxe":3,"minecraft:sugar_cane":2,"minecraft:chest":7,"minecraft:iron_boots":2,"minecraft:furnace":3,"minecraft:raw_iron":61,"minecraft:stick":11,"minecraft:acacia_fence":12,"minecraft:torch":7,"minecraft:acacia_log":68,"minecraft:porkchop":23,"minecraft:golden_axe":1,"minecraft:diorite":73,"minecraft:orange_bed":13,"minecraft:stone_sword":3,"minecraft:arrow":9,"minecraft:rotten_flesh":13,"minecraft:hay_block":61,"minecraft:cobblestone":975,"minecraft:mutton":30,"minecraft:rail":1,"minecraft:white_wool":16,"minecraft:birch_log":12,"minecraft:jungle_boat":1,"minecraft:andesite":81,"minecraft:jungle_log":3,"minecraft:leather":6,"minecraft:acacia_wood":11,"minecraft:flint":2,"minecraft:birch_planks":12,"minecraft:tuff":44,"minecraft:oak_log":21,"minecraft:lapis_lazuli":113,"minecraft:map":9,"minecraft:dirt":50,"minecraft:paper":1,"minecraft:bone":7,"minecraft:acacia_planks":54,"minecraft:acacia_trapdoor":3,"minecraft:wheat_seeds":127,"minecraft:bell":3,"minecraft:grindstone":1,"minecraft:stone_pickaxe":1,"minecraft:iron_ingot":20,"minecraft:oak_planks":3,"minecraft:acacia_sapling":2,"minecraft:gravel":8,"minecraft:spruce_sapling":1,"minecraft:red_terracotta":2,"minecraft:spider_eye":1,"minecraft:stripped_acacia_log":9,"minecraft:diamond":67,"minecraft:stone_axe":1,"minecraft:iron_helmet":1,"minecraft:granite":106,"minecraft:grass":2,"minecraft:gray_wool":1,"minecraft:emerald":4,"minecraft:bread":127,"minecraft:acacia_slab":9,"minecraft:brown_banner":8,"minecraft:oak_sapling":1,"minecraft:melon_seeds":4,"minecraft:coal":2,"minecraft:sunflower":5},"minecraft:crafted":{"minecraft:wooden_sword":1,"minecraft:oak_planks":84,"minecraft:furnace":4,"minecraft:diamond_shovel":1,"minecraft:cooked_mutton":4,"minecraft:diamond_helmet":1,"minecraft:diamond_leggings":1,"minecraft:iron_boots":1,"minecraft:iron_axe":1,"minecraft:stone_pickaxe":2,"minecraft:chest":9,"minecraft:diamond_boots":1,"minecraft:wheat":549,"minecraft:diamond_sword":1,"minecraft:cooked_porkchop":12,"minecraft:diamond_axe":1,"minecraft:crafting_table":5,"minecraft:acacia_slab":6,"minecraft:jungle_boat":1,"minecraft:wooden_pickaxe":2,"minecraft:iron_helmet":1,"minecraft:iron_sword":1,"minecraft:acacia_trapdoor":2,"minecraft:birch_planks":44,"minecraft:stone_axe":1,"minecraft:bread":191,"minecraft:air":0,"minecraft:jungle_planks":12,"minecraft:iron_chestplate":1,"minecraft:wooden_hoe":1,"minecraft:diamond_pickaxe":2,"minecraft:stick":52,"minecraft:iron_ingot":33,"minecraft:iron_pickaxe":4,"minecraft:wooden_axe":2,"minecraft:stone_sword":1,"minecraft:iron_shovel":1,"minecraft:iron_leggings":1,"minecraft:acacia_planks":192,"minecraft:diamond_chestplate":1}},"DataVersion":3337}