{"stats":{"minecraft:broken":{"minecraft:wooden_axe":1},"minecraft:used":{"minecraft:stone_sword":37,"minecraft:stone_pickaxe":127,"minecraft:oak_planks":23,"minecraft:wooden_pickaxe":9,"minecraft:jungle_boat":1,"minecraft:dirt":18,"minecraft:mutton":4,"minecraft:crafting_table":8,"minecraft:wooden_axe":49,"minecraft:stone_axe":1,"minecraft:cobblestone":10,"minecraft:cooked_porkchop":5,"minecraft:furnace":2,"minecraft:porkchop":6,"minecraft:andesite":2,"minecraft:birch_log":1,"minecraft:gray_wool":1},"minecraft:killed_by":{"minecraft:cave_spider":1,"minecraft:skeleton":1},"minecraft:custom":{"minecraft:interact_with_furnace":8,"minecraft:mob_kills":27,"minecraft:interact_with_crafting_table":13,"minecraft:leave_game":1,"minecraft:time_since_death":6878,"minecraft:climb_one_cm":2207,"minecraft:time_since_rest":6908,"minecraft:sprint_one_cm":189211,"minecraft:damage_taken":1175,"minecraft:walk_one_cm":67803,"minecraft:damage_dealt":2957,"minecraft:swim_one_cm":50286,"minecraft:fly_one_cm":365899,"minecraft:open_chest":1,"minecraft:crouch_one_cm":2805,"minecraft:play_time":45364,"minecraft:deaths":3,"minecraft:sneak_time":1175,"minecraft:walk_under_water_one_cm":3238,"minecraft:boat_one_cm":34009,"minecraft:jump":1719,"minecraft:walk_on_water_one_cm":8934,"minecraft:total_world_time":45364,"minecraft:fall_one_cm":44730},"minecraft:killed":{"minecraft:pig":8,"minecraft:spider":1,"minecraft:horse":2,"minecraft:sheep":11,"minecraft:skeleton":1,"minecraft:zombie":1,"minecraft:cow":2},"minecraft:mined":{"minecraft:crafting_table":7,"minecraft:grass_block":3,"minecraft:jungle_log":3,"minecraft:tall_grass":2,"minecraft:spruce_leaves":13,"minecraft:lapis_ore":6,"minecraft:sugar_cane":1,"minecraft:diorite":6,"minecraft:spawner":1,"minecraft:coarse_dirt":1,"minecraft:furnace":2,"minecraft:birch_log":11,"minecraft:iron_ore":21,"minecraft:birch_leaves":1,"minecraft:andesite":3,"minecraft:grass":11,"minecraft:oak_log":21,"minecraft:coal_ore":2,"minecraft:rail":1,"minecraft:dirt":16,"minecraft:stone":84,"minecraft:oak_leaves":12},"minecraft:picked_up":{"minecraft:birch_log":12,"minecraft:coarse_dirt":1,"minecraft:crafting_table":7,"minecraft:jungle_boat":1,"minecraft:jungle_log":3,"minecraft:andesite":3,"minecraft:leather":4,"minecraft:birch_planks":12,"minecraft:oak_log":21,"minecraft:lapis_lazuli":35,"minecraft:dirt":19,"minecraft:bone":1,"minecraft:beef":4,"minecraft:sugar_cane":2,"minecraft:oak_planks":3,"minecraft:furnace":2,"minecraft:raw_iron":21,"minecraft:porkchop":21,"minecraft:spruce_sapling":1,"minecraft:diorite":6,"minecraft:arrow":1,"minecraft:rotten_flesh":2,"minecraft:gray_wool":1,"minecraft:oak_sapling":1,"minecraft:mutton":21,"minecraft:coal":2,"minecraft:white_wool":10,"minecraft:rail":1,"minecraft:cobblestone":83},"minecraft:crafted":{"minecraft:wooden_sword":1,"minecraft:oak_planks":84,"minecraft:cooked_porkchop":12,"minecraft:crafting_table":3,"minecraft:jungle_boat":1,"minecraft:wooden_pickaxe":2,"minecraft:furnace":2,"minecraft:birch_planks":44,"minecraft:stone_axe":1,"minecraft:cooked_mutton":4,"minecraft:air":0,"minecraft:jungle_planks":12,"minecraft:stick":28,"minecraft:stone_pickaxe":2,"minecraft:wooden_axe":2,"minecraft:stone_sword":1}},"DataVersion":3337}