{"stats":{"minecraft:broken":{"minecraft:stone_pickaxe":1,"minecraft:wooden_axe":1,"minecraft:stone_sword":1,"minecraft:golden_axe":1,"minecraft:iron_pickaxe":3,"minecraft:wooden_hoe":1},"minecraft:used":{"minecraft:iron_shovel":9,"minecraft:chest":12,"minecraft:shield":3,"minecraft:iron_sword":2,"minecraft:bell":1,"minecraft:mutton":4,"minecraft:furnace":5,"minecraft:acacia_fence":1,"minecraft:diorite":21,"minecraft:acacia_trapdoor":5,"minecraft:stone_pickaxe":279,"minecraft:oak_planks":23,"minecraft:blackstone":20,"minecraft:wooden_pickaxe":9,"minecraft:diamond_axe":57,"minecraft:jungle_boat":1,"minecraft:acacia_door":2,"minecraft:bread":48,"minecraft:diamond_sword":208,"minecraft:grindstone":1,"minecraft:birch_log":1,"minecraft:andesite":2,"minecraft:stone_sword":134,"minecraft:orange_bed":12,"minecraft:dirt":28,"minecraft:wooden_axe":49,"minecraft:iron_axe":52,"minecraft:acacia_slab":9,"minecraft:acacia_wood":2,"minecraft:acacia_planks":28,"minecraft:cobbled_deepslate":174,"minecraft:golden_axe":55,"minecraft:wheat_seeds":44,"minecraft:water_bucket":2,"minecraft:cartography_table":1,"minecraft:cobblestone_slab":18,"minecraft:crafting_table":12,"minecraft:red_bed":2,"minecraft:wooden_hoe":66,"minecraft:diamond_pickaxe":519,"minecraft:diamond_shovel":121,"minecraft:iron_pickaxe":785,"minecraft:stone_axe":28,"minecraft:cobblestone":188,"minecraft:cooked_porkchop":5,"minecraft:porkchop":6,"minecraft:bucket":3,"minecraft:gray_wool":1},"minecraft:killed_by":{"minecraft:cave_spider":1,"minecraft:zombie":2,"minecraft:iron_golem":1,"minecraft:skeleton":1},"minecraft:custom":{"minecraft:interact_with_crafting_table":74,"minecraft:bell_ring":371,"minecraft:leave_game":6,"minecraft:time_since_death":5411,"minecraft:sprint_one_cm":481624,"minecraft:damage_blocked_by_shield":90,"minecraft:drop":70,"minecraft:talked_to_villager":57,"minecraft:play_time":206959,"minecraft:deaths":9,"minecraft:jump":4678,"minecraft:walk_on_water_one_cm":20846,"minecraft:interact_with_furnace":30,"minecraft:traded_with_villager":1,"minecraft:interact_with_cartography_table":1,"minecraft:sleep_in_bed":3,"minecraft:damage_dealt":18211,"minecraft:player_kills":1,"minecraft:crouch_one_cm":14374,"minecraft:mob_kills":87,"minecraft:climb_one_cm":2301,"minecraft:walk_one_cm":299049,"minecraft:sneak_time":7958,"minecraft:walk_under_water_one_cm":5151,"minecraft:boat_one_cm":34009,"minecraft:total_world_time":206959,"minecraft:interact_with_grindstone":1,"minecraft:time_since_rest":5440,"minecraft:damage_taken":4870,"minecraft:swim_one_cm":51672,"minecraft:fly_one_cm":1746972,"minecraft:open_chest":160,"minecraft:fall_one_cm":112516},"minecraft:killed":{"minecraft:spider":2,"minecraft:skeleton":4,"minecraft:piglin_brute":3,"minecraft:piglin":9,"minecraft:pig":9,"minecraft:iron_golem":2,"minecraft:sheep":11,"minecraft:zombie":13,"minecraft:blaze":11,"minecraft:cow":2,"minecraft:horse":2,"minecraft:hoglin":4,"minecraft:wither_skeleton":5,"minecraft:villager":5,"minecraft:enderman":4},"minecraft:mined":{"minecraft:attached_melon_stem":2,"minecraft:brewing_stand":1,"minecraft:granite":40,"minecraft:acacia_log":58,"minecraft:grass_block":30,"minecraft:jungle_log":3,"minecraft:cracked_polished_blackstone_bricks":1,"minecraft:acacia_pressure_plate":2,"minecraft:spawner":2,"minecraft:polished_blackstone_bricks":11,"minecraft:glowstone":1,"minecraft:fire":3,"minecraft:iron_ore":60,"minecraft:cobbled_deepslate":6,"minecraft:deepslate_lapis_ore":6,"minecraft:nether_brick_stairs":2,"minecraft:dirt_path":5,"minecraft:orange_bed":12,"minecraft:red_bed":2,"minecraft:blackstone":47,"minecraft:melon_stem":3,"minecraft:torch":4,"minecraft:chest":6,"minecraft:cobblestone":35,"minecraft:grindstone":1,"minecraft:sugar_cane":1,"minecraft:birch_log":11,"minecraft:wheat":88,"minecraft:brown_wall_banner":3,"minecraft:grass":85,"minecraft:oak_log":21,"minecraft:acacia_fence":9,"minecraft:dirt":63,"minecraft:netherrack":9,"minecraft:ancient_debris":2,"minecraft:oak_leaves":12,"minecraft:deepslate":511,"minecraft:yellow_terracotta":10,"minecraft:nether_gold_ore":1,"minecraft:diamond_ore":6,"minecraft:tuff":23,"minecraft:deepslate_diamond_ore":61,"minecraft:nether_bricks":15,"minecraft:spruce_leaves":13,"minecraft:acacia_slab":6,"minecraft:cartography_table":2,"minecraft:hay_block":61,"minecraft:furnace":3,"minecraft:acacia_trapdoor":3,"minecraft:acacia_wood":12,"minecraft:andesite":53,"minecraft:bell":1,"minecraft:nether_brick_fence":6,"minecraft:cobblestone_slab":2,"minecraft:deepslate_iron_ore":1,"minecraft:rail":1,"minecraft:stripped_acacia_log":12,"minecraft:stone":469,"minecraft:glass_pane":7,"minecraft:basalt":63,"minecraft:crafting_table":8,"minecraft:tall_grass":6,"minecraft:copper_ore":2,"minecraft:lapis_ore":6,"minecraft:polished_blackstone_brick_stairs":2,"minecraft:diorite":51,"minecraft:red_terracotta":1,"minecraft:coarse_dirt":1,"minecraft:birch_leaves":1,"minecraft:coal_ore":2,"minecraft:acacia_door":4,"minecraft:sunflower":11,"minecraft:gravel":8,"minecraft:cobweb":4,"minecraft:acacia_planks":5},"minecraft:dropped":{"minecraft:baked_potato":10,"minecraft:weeping_vines":5,"minecraft:warped_roots":1,"minecraft:leather":4,"minecraft:cracked_polished_blackstone_bricks":3,"minecraft:dirt":35,"minecraft:polished_blackstone_brick_stairs":2,"minecraft:mutton":1,"minecraft:gold_nugget":23,"minecraft:polished_blackstone_bricks":7,"minecraft:iron_pickaxe":1,"minecraft:white_wool":6,"minecraft:bone":2,"minecraft:blackstone":37,"minecraft:ancient_debris":2,"minecraft:cooked_chicken":4,"minecraft:cobbled_deepslate":5,"minecraft:twisting_vines":2,"minecraft:wheat":1,"minecraft:rotten_flesh":2,"minecraft:cooked_mutton":9,"minecraft:nether_brick_fence":6,"minecraft:poppy":1,"minecraft:chest":1,"minecraft:basalt":62,"minecraft:arrow":12,"minecraft:acacia_fence":1,"minecraft:acacia_pressure_plate":1,"minecraft:cartography_table":1,"minecraft:iron_ingot":3,"minecraft:bread":64,"minecraft:wheat_seeds":92,"minecraft:golden_helmet":1,"minecraft:cobblestone":137,"minecraft:apple":7,"minecraft:acacia_log":8,"minecraft:stick":6,"minecraft:torch":1,"minecraft:map":3,"minecraft:string":4,"minecraft:acacia_planks":6,"minecraft:warped_nylium":1,"minecraft:blaze_rod":1,"minecraft:iron_boots":1,"minecraft:nether_bricks":4,"minecraft:red_terracotta":1,"minecraft:shield":1,"minecraft:diamond_pickaxe":2,"minecraft:stone_pickaxe":1},"minecraft:picked_up":{"minecraft:iron_chestplate":4,"minecraft:wheat":81,"minecraft:nether_brick_fence":6,"minecraft:diamond_sword":2,"minecraft:enchanted_book":1,"minecraft:acacia_pressure_plate":3,"minecraft:potion":1,"minecraft:crimson_planks":28,"minecraft:brewing_stand":1,"minecraft:polished_blackstone_brick_stairs":2,"minecraft:string":6,"minecraft:raw_copper":5,"minecraft:iron_leggings":3,"minecraft:diamond_leggings":2,"minecraft:gold_nugget":88,"minecraft:cobbled_deepslate":682,"minecraft:cobblestone_slab":4,"minecraft:iron_pickaxe":6,"minecraft:iron_boots":5,"minecraft:furnace":3,"minecraft:golden_helmet":1,"minecraft:stick":11,"minecraft:acacia_fence":12,"minecraft:torch":23,"minecraft:acacia_log":68,"minecraft:porkchop":33,"minecraft:golden_axe":1,"minecraft:diorite":73,"minecraft:orange_bed":13,"minecraft:stone_sword":3,"minecraft:rotten_flesh":33,"minecraft:blaze_rod":9,"minecraft:obsidian":8,"minecraft:cobblestone":1174,"minecraft:birch_log":12,"minecraft:jungle_log":3,"minecraft:water_bucket":3,"minecraft:andesite":81,"minecraft:flint":2,"minecraft:tuff":44,"minecraft:lapis_lazuli":171,"minecraft:map":9,"minecraft:dirt":102,"minecraft:twisting_vines":6,"minecraft:bone":12,"minecraft:acacia_planks":55,"minecraft:wheat_seeds":282,"minecraft:raw_gold":3,"minecraft:bell":3,"minecraft:grindstone":1,"minecraft:diamond_helmet":2,"minecraft:glowstone_dust":4,"minecraft:oak_planks":11,"minecraft:spectral_arrow":29,"minecraft:red_terracotta":3,"minecraft:stripped_acacia_log":12,"minecraft:diamond":95,"minecraft:cracked_polished_blackstone_bricks":3,"minecraft:granite":106,"minecraft:grass":2,"minecraft:bread":247,"minecraft:emerald":4,"minecraft:oak_sapling":1,"minecraft:diamond_pickaxe":6,"minecraft:crafting_table":8,"minecraft:coarse_dirt":1,"minecraft:splash_potion":1,"minecraft:wooden_pickaxe":1,"minecraft:shield":2,"minecraft:red_bed":2,"minecraft:acacia_door":7,"minecraft:iron_axe":6,"minecraft:flint_and_steel":2,"minecraft:compass":1,"minecraft:blackstone":57,"minecraft:cartography_table":2,"minecraft:beef":5,"minecraft:iron_nugget":56,"minecraft:poppy":2,"minecraft:sugar_cane":2,"minecraft:chest":7,"minecraft:egg":1,"minecraft:raw_iron":61,"minecraft:polished_blackstone_bricks":7,"minecraft:weeping_vines":10,"minecraft:arrow":16,"minecraft:diamond_chestplate":2,"minecraft:nether_bricks":7,"minecraft:shears":1,"minecraft:diamond_boots":2,"minecraft:hay_block":113,"minecraft:yellow_terracotta":10,"minecraft:gold_ingot":6,"minecraft:mutton":33,"minecraft:white_wool":16,"minecraft:rail":1,"minecraft:jungle_boat":1,"minecraft:basalt":68,"minecraft:golden_carrot":9,"minecraft:leather":15,"minecraft:acacia_wood":12,"minecraft:birch_planks":24,"minecraft:filled_map":2,"minecraft:oak_log":21,"minecraft:ancient_debris":4,"minecraft:paper":1,"minecraft:cooked_mutton":9,"minecraft:apple":10,"minecraft:acacia_trapdoor":3,"minecraft:iron_ingot":26,"minecraft:stone_pickaxe":3,"minecraft:cooked_chicken":4,"minecraft:cobweb":30,"minecraft:acacia_sapling":2,"minecraft:iron_sword":1,"minecraft:sweet_berries":88,"minecraft:quartz":20,"minecraft:gravel":8,"minecraft:spruce_sapling":1,"minecraft:white_bed":3,"minecraft:spider_eye":1,"minecraft:diamond_shovel":1,"minecraft:stone_axe":1,"minecraft:iron_helmet":2,"minecraft:diamond_axe":2,"minecraft:gray_wool":1,"minecraft:warped_roots":2,"minecraft:baked_potato":10,"minecraft:acacia_slab":10,"minecraft:brown_banner":8,"minecraft:melon_seeds":12,"minecraft:warped_nylium":2,"minecraft:coal":24,"minecraft:ender_pearl":9,"minecraft:sunflower":7},"minecraft:crafted":{"minecraft:oak_planks":84,"minecraft:cobblestone_slab":18,"minecraft:blaze_powder":6,"minecraft:diamond_shovel":1,"minecraft:cooked_mutton":4,"minecraft:diamond_helmet":1,"minecraft:diamond_leggings":1,"minecraft:iron_boots":1,"minecraft:chest":9,"minecraft:ender_eye":6,"minecraft:cooked_porkchop":12,"minecraft:diamond_axe":1,"minecraft:crafting_table":5,"minecraft:acacia_slab":6,"minecraft:jungle_boat":1,"minecraft:wooden_pickaxe":2,"minecraft:iron_helmet":1,"minecraft:birch_planks":44,"minecraft:wooden_hoe":1,"minecraft:iron_chestplate":1,"minecraft:diamond_pickaxe":2,"minecraft:shield":1,"minecraft:stick":52,"minecraft:iron_ingot":33,"minecraft:iron_pickaxe":4,"minecraft:stone_sword":1,"minecraft:wooden_sword":1,"minecraft:furnace":4,"minecraft:iron_axe":1,"minecraft:stone_pickaxe":2,"minecraft:diamond_boots":1,"minecraft:wheat":549,"minecraft:diamond_sword":1,"minecraft:iron_sword":1,"minecraft:acacia_trapdoor":2,"minecraft:stone_axe":1,"minecraft:acacia_boat":1,"minecraft:bread":191,"minecraft:air":0,"minecraft:jungle_planks":12,"minecraft:wooden_axe":2,"minecraft:iron_shovel":1,"minecraft:iron_leggings":1,"minecraft:acacia_planks":312,"minecraft:diamond_chestplate":1}},"DataVersion":3337}