{"stats":{"minecraft:broken":{"minecraft:stone_pickaxe":1,"minecraft:golden_axe":1,"minecraft:iron_pickaxe":1,"minecraft:wooden_axe":1,"minecraft:wooden_hoe":1},"minecraft:used":{"minecraft:stone_sword":107,"minecraft:chest":11,"minecraft:bell":1,"minecraft:orange_bed":11,"minecraft:dirt":18,"minecraft:mutton":4,"minecraft:wooden_axe":49,"minecraft:iron_axe":32,"minecraft:acacia_slab":9,"minecraft:furnace":4,"minecraft:acacia_fence":1,"minecraft:acacia_wood":2,"minecraft:cobbled_deepslate":120,"minecraft:acacia_planks":28,"minecraft:golden_axe":55,"minecraft:acacia_trapdoor":5,"minecraft:stone_pickaxe":279,"minecraft:oak_planks":23,"minecraft:cartography_table":1,"minecraft:wooden_pickaxe":9,"minecraft:jungle_boat":1,"minecraft:crafting_table":11,"minecraft:red_bed":2,"minecraft:wooden_hoe":66,"minecraft:bread":15,"minecraft:iron_pickaxe":340,"minecraft:stone_axe":28,"minecraft:cobblestone":37,"minecraft:grindstone":1,"minecraft:porkchop":6,"minecraft:cooked_porkchop":5,"minecraft:birch_log":1,"minecraft:andesite":2,"minecraft:bucket":1,"minecraft:gray_wool":1},"minecraft:killed_by":{"minecraft:iron_golem":1,"minecraft:cave_spider":1,"minecraft:skeleton":1},"minecraft:custom":{"minecraft:mob_kills":42,"minecraft:interact_with_crafting_table":37,"minecraft:bell_ring":371,"minecraft:leave_game":1,"minecraft:time_since_death":23984,"minecraft:climb_one_cm":2207,"minecraft:sprint_one_cm":320386,"minecraft:walk_one_cm":162890,"minecraft:drop":23,"minecraft:talked_to_villager":42,"minecraft:play_time":93364,"minecraft:deaths":4,"minecraft:sneak_time":3665,"minecraft:walk_under_water_one_cm":4150,"minecraft:boat_one_cm":34009,"minecraft:jump":2497,"minecraft:walk_on_water_one_cm":15820,"minecraft:total_world_time":93364,"minecraft:interact_with_furnace":12,"minecraft:traded_with_villager":1,"minecraft:sleep_in_bed":1,"minecraft:time_since_rest":6543,"minecraft:damage_taken":2017,"minecraft:damage_dealt":7311,"minecraft:swim_one_cm":50739,"minecraft:fly_one_cm":490218,"minecraft:open_chest":52,"minecraft:crouch_one_cm":7912,"minecraft:fall_one_cm":59290},"minecraft:killed":{"minecraft:spider":2,"minecraft:horse":2,"minecraft:skeleton":4,"minecraft:pig":8,"minecraft:iron_golem":2,"minecraft:sheep":11,"minecraft:zombie":7,"minecraft:villager":3,"minecraft:cow":2},"minecraft:mined":{"minecraft:tuff":2,"minecraft:deepslate_diamond_ore":1,"minecraft:brewing_stand":1,"minecraft:granite":2,"minecraft:acacia_log":36,"minecraft:grass_block":8,"minecraft:jungle_log":3,"minecraft:spruce_leaves":13,"minecraft:acacia_slab":3,"minecraft:cartography_table":2,"minecraft:acacia_pressure_plate":1,"minecraft:spawner":1,"minecraft:hay_block":61,"minecraft:furnace":3,"minecraft:acacia_trapdoor":3,"minecraft:cobbled_deepslate":6,"minecraft:iron_ore":45,"minecraft:acacia_wood":10,"minecraft:andesite":23,"minecraft:bell":1,"minecraft:dirt_path":2,"minecraft:rail":1,"minecraft:stone":340,"minecraft:orange_bed":11,"minecraft:glass_pane":4,"minecraft:red_bed":2,"minecraft:crafting_table":8,"minecraft:chest":4,"minecraft:copper_ore":2,"minecraft:tall_grass":3,"minecraft:lapis_ore":6,"minecraft:grindstone":1,"minecraft:sugar_cane":1,"minecraft:diorite":13,"minecraft:red_terracotta":1,"minecraft:coarse_dirt":1,"minecraft:birch_log":11,"minecraft:wheat":27,"minecraft:brown_wall_banner":3,"minecraft:birch_leaves":1,"minecraft:grass":67,"minecraft:coal_ore":2,"minecraft:oak_log":21,"minecraft:acacia_fence":5,"minecraft:sunflower":10,"minecraft:gravel":6,"minecraft:acacia_door":2,"minecraft:dirt":21,"minecraft:acacia_planks":3,"minecraft:oak_leaves":12,"minecraft:deepslate":126},"minecraft:dropped":{"minecraft:wheat_seeds":92,"minecraft:cobblestone":1,"minecraft:leather":2,"minecraft:acacia_log":8,"minecraft:stick":6,"minecraft:dirt":2,"minecraft:torch":1,"minecraft:map":3,"minecraft:white_wool":6,"minecraft:acacia_planks":6,"minecraft:bone":1,"minecraft:cobbled_deepslate":5,"minecraft:wheat":1,"minecraft:rotten_flesh":2,"minecraft:poppy":1,"minecraft:chest":1,"minecraft:acacia_fence":1,"minecraft:acacia_pressure_plate":1,"minecraft:cartography_table":1},"minecraft:picked_up":{"minecraft:crafting_table":8,"minecraft:coarse_dirt":1,"minecraft:wheat":27,"minecraft:wooden_pickaxe":1,"minecraft:acacia_pressure_plate":2,"minecraft:brewing_stand":1,"minecraft:string":2,"minecraft:red_bed":2,"minecraft:raw_copper":5,"minecraft:iron_axe":1,"minecraft:acacia_door":3,"minecraft:flint_and_steel":1,"minecraft:cartography_table":2,"minecraft:gold_nugget":3,"minecraft:cobbled_deepslate":125,"minecraft:beef":4,"minecraft:poppy":2,"minecraft:iron_pickaxe":1,"minecraft:sugar_cane":2,"minecraft:chest":6,"minecraft:furnace":3,"minecraft:raw_iron":45,"minecraft:stick":9,"minecraft:acacia_fence":9,"minecraft:torch":5,"minecraft:acacia_log":46,"minecraft:porkchop":21,"minecraft:golden_axe":1,"minecraft:diorite":13,"minecraft:orange_bed":12,"minecraft:stone_sword":1,"minecraft:arrow":5,"minecraft:rotten_flesh":4,"minecraft:hay_block":61,"minecraft:cobblestone":434,"minecraft:mutton":30,"minecraft:rail":1,"minecraft:white_wool":16,"minecraft:birch_log":12,"minecraft:jungle_boat":1,"minecraft:andesite":23,"minecraft:jungle_log":3,"minecraft:leather":6,"minecraft:acacia_wood":10,"minecraft:birch_planks":12,"minecraft:tuff":2,"minecraft:oak_log":21,"minecraft:lapis_lazuli":35,"minecraft:map":9,"minecraft:dirt":35,"minecraft:paper":1,"minecraft:bone":6,"minecraft:acacia_planks":53,"minecraft:acacia_trapdoor":3,"minecraft:wheat_seeds":98,"minecraft:bell":3,"minecraft:grindstone":1,"minecraft:stone_pickaxe":1,"minecraft:iron_ingot":10,"minecraft:oak_planks":3,"minecraft:acacia_sapling":2,"minecraft:gravel":8,"minecraft:spruce_sapling":1,"minecraft:red_terracotta":1,"minecraft:spider_eye":1,"minecraft:diamond":1,"minecraft:stone_axe":1,"minecraft:granite":2,"minecraft:grass":2,"minecraft:gray_wool":1,"minecraft:emerald":4,"minecraft:bread":5,"minecraft:acacia_slab":9,"minecraft:brown_banner":5,"minecraft:oak_sapling":1,"minecraft:melon_seeds":3,"minecraft:coal":2,"minecraft:sunflower":5},"minecraft:crafted":{"minecraft:wooden_sword":1,"minecraft:oak_planks":84,"minecraft:furnace":3,"minecraft:cooked_mutton":4,"minecraft:iron_axe":1,"minecraft:stone_pickaxe":2,"minecraft:chest":9,"minecraft:wheat":549,"minecraft:cooked_porkchop":12,"minecraft:crafting_table":4,"minecraft:acacia_slab":6,"minecraft:jungle_boat":1,"minecraft:wooden_pickaxe":2,"minecraft:acacia_trapdoor":2,"minecraft:birch_planks":44,"minecraft:stone_axe":1,"minecraft:bread":191,"minecraft:air":0,"minecraft:jungle_planks":12,"minecraft:wooden_hoe":1,"minecraft:stick":32,"minecraft:iron_pickaxe":2,"minecraft:wooden_axe":2,"minecraft:stone_sword":1,"minecraft:acacia_planks":172}},"DataVersion":3337}