{"stats":{"minecraft:killed":{"minecraft:zombified_piglin":17,"minecraft:spider":5,"minecraft:shulker":9,"minecraft:skeleton":12,"minecraft:chicken":1,"minecraft:piglin_brute":2,"minecraft:cat":1,"minecraft:wolf":2,"minecraft:magma_cube":12,"minecraft:piglin":14,"minecraft:pig":1,"minecraft:zombie_villager":1,"minecraft:iron_golem":9,"minecraft:creeper":6,"minecraft:sheep":22,"minecraft:trader_llama":2,"minecraft:zombie":23,"minecraft:donkey":1,"minecraft:ghast":1,"minecraft:blaze":33,"minecraft:cow":2,"minecraft:phantom":4,"minecraft:wandering_trader":2,"minecraft:wither_skeleton":7,"minecraft:villager":5,"minecraft:enderman":43},"minecraft:mined":{"minecraft:spruce_planks":4,"minecraft:white_bed":14,"minecraft:oak_sapling":1,"minecraft:sculk_vein":4,"minecraft:cobblestone_stairs":1,"minecraft:granite":66,"minecraft:grass_block":1808,"minecraft:cracked_polished_blackstone_bricks":20,"minecraft:soul_soil":44,"minecraft:oxeye_daisy":2,"minecraft:nether_wart":73,"minecraft:gilded_blackstone":1,"minecraft:weeping_vines_plant":1,"minecraft:polished_blackstone_bricks":52,"minecraft:tall_seagrass":1,"minecraft:magma_block":19,"minecraft:sculk_catalyst":1,"minecraft:glowstone":1,"minecraft:iron_ore":28,"minecraft:barrel":1,"minecraft:cobbled_deepslate":19,"minecraft:fire":15,"minecraft:deepslate_lapis_ore":6,"minecraft:enchanting_table":1,"minecraft:pointed_dripstone":7,"minecraft:dirt_path":343,"minecraft:oak_stairs":89,"minecraft:end_stone_bricks":8,"minecraft:tripwire":16,"minecraft:deepslate_redstone_ore":28,"minecraft:blackstone":230,"minecraft:soul_fire":1,"minecraft:purpur_stairs":2,"minecraft:powder_snow":6,"minecraft:torch":8,"minecraft:blast_furnace":1,"minecraft:chest":3,"minecraft:nether_quartz_ore":13,"minecraft:cobblestone":272,"minecraft:oak_planks":120,"minecraft:sugar_cane":3,"minecraft:wall_torch":5,"minecraft:nether_wart_block":3,"minecraft:birch_log":19,"minecraft:birch_trapdoor":1,"minecraft:jukebox":3,"minecraft:stripped_oak_wood":4,"minecraft:purpur_block":7,"minecraft:grass":355,"minecraft:oak_log":194,"minecraft:sand":14,"minecraft:dirt":3719,"minecraft:ancient_debris":26,"minecraft:netherrack":1110,"minecraft:oak_leaves":164,"minecraft:deepslate":1290,"minecraft:nether_gold_ore":1,"minecraft:tuff":222,"minecraft:mossy_cobblestone":2,"minecraft:deepslate_diamond_ore":112,"minecraft:oak_door":1,"minecraft:end_stone":2,"minecraft:shulker_box":7,"minecraft:nether_bricks":15,"minecraft:crimson_roots":1,"minecraft:spruce_leaves":4,"minecraft:hay_block":11,"minecraft:furnace":22,"minecraft:polished_basalt":3,"minecraft:andesite":27,"minecraft:nether_brick_fence":8,"minecraft:bookshelf":2,"minecraft:cobblestone_slab":10,"minecraft:deepslate_iron_ore":41,"minecraft:stripped_oak_log":24,"minecraft:packed_ice":2,"minecraft:chorus_plant":4,"minecraft:stone":3781,"minecraft:white_wool":6,"minecraft:birch_stairs":2,"minecraft:glass_pane":5,"minecraft:soul_sand":89,"minecraft:magenta_stained_glass":4,"minecraft:basalt":1357,"minecraft:dandelion":1,"minecraft:oak_fence":11,"minecraft:crafting_table":14,"minecraft:cornflower":129,"minecraft:emerald_ore":2,"minecraft:copper_ore":2,"minecraft:purpur_pillar":5,"minecraft:tall_grass":13,"minecraft:deepslate_gold_ore":139,"minecraft:sculk":198,"minecraft:diorite":331,"minecraft:purple_bed":2,"minecraft:birch_planks":6,"minecraft:ice":8,"minecraft:spruce_log":13,"minecraft:birch_leaves":180,"minecraft:yellow_bed":14,"minecraft:coal_ore":70,"minecraft:gravel":225,"minecraft:dripstone_block":4},"minecraft:dropped":{"minecraft:iron_sword":2,"minecraft:soul_sand":249,"minecraft:birch_planks":3,"minecraft:lapis_lazuli":58,"minecraft:chorus_fruit":3,"minecraft:ender_pearl":5,"minecraft:diamond":48,"minecraft:cooked_porkchop":24,"minecraft:leather":11,"minecraft:elytra":1,"minecraft:item_frame":2,"minecraft:flint":2,"minecraft:emerald":30,"minecraft:dirt":1583,"minecraft:gold_nugget":7,"minecraft:sand":17,"minecraft:iron_pickaxe":2,"minecraft:stripped_oak_wood":1,"minecraft:birch_log":6,"minecraft:white_wool":3,"minecraft:bone":5,"minecraft:gravel":24,"minecraft:oak_door":1,"minecraft:stone_axe":2,"minecraft:blackstone":46,"minecraft:sugar_cane":31,"minecraft:cobbled_deepslate":84,"minecraft:pointed_dripstone":1,"minecraft:rotten_flesh":20,"minecraft:oak_planks":26,"minecraft:diamond_shovel":1,"minecraft:blaze_powder":2,"minecraft:cooked_mutton":1,"minecraft:white_bed":1,"minecraft:poppy":6,"minecraft:hopper":5,"minecraft:chainmail_boots":2,"minecraft:basalt":1,"minecraft:glass":1,"minecraft:netherrack":69,"minecraft:water_bucket":1,"minecraft:iron_ingot":27,"minecraft:bread":1,"minecraft:oak_slab":17,"minecraft:wheat_seeds":24,"minecraft:golden_helmet":1,"minecraft:mossy_cobblestone":58,"minecraft:dripstone_block":4,"minecraft:oak_fence":4,"minecraft:cobblestone":700,"minecraft:granite":34,"minecraft:music_disc_pigstep":1,"minecraft:coal":76,"minecraft:stick":2,"minecraft:diorite":468,"minecraft:torch":11,"minecraft:nether_wart_block":2,"minecraft:diamond_helmet":1,"minecraft:iron_leggings":2,"minecraft:oak_stairs":16,"minecraft:iron_axe":4,"minecraft:iron_shovel":1,"minecraft:string":3103,"minecraft:redstone":4,"minecraft:purpur_pillar":3,"minecraft:nether_wart":15,"minecraft:blaze_rod":7,"minecraft:tuff":58,"minecraft:raw_iron":94,"minecraft:ender_eye":10,"minecraft:nether_bricks":24,"minecraft:shears":1,"minecraft:blast_furnace":2,"minecraft:diamond_sword":2,"minecraft:potato":18,"minecraft:shield":1,"minecraft:spruce_planks":1,"minecraft:diamond_pickaxe":1,"minecraft:iron_chestplate":1,"minecraft:diamond_boots":1,"minecraft:bow":2,"minecraft:stone_pickaxe":3,"minecraft:raw_gold":12,"minecraft:nautilus_shell":1},"minecraft:picked_up":{"minecraft:wooden_axe":1,"minecraft:iron_chestplate":3,"minecraft:chainmail_boots":3,"minecraft:nether_brick_fence":5,"minecraft:lead":6,"minecraft:diamond_sword":5,"minecraft:oak_stairs":101,"minecraft:enchanted_book":2,"minecraft:gilded_blackstone":10,"minecraft:golden_sword":2,"minecraft:string":31040,"minecraft:raw_copper":6,"minecraft:soul_soil":24,"minecraft:iron_leggings":3,"minecraft:diamond_leggings":4,"minecraft:gold_nugget":14,"minecraft:cobbled_deepslate":906,"minecraft:spruce_planks":123,"minecraft:cobblestone_slab":15,"minecraft:ender_eye":28,"minecraft:iron_pickaxe":7,"minecraft:furnace":29,"minecraft:iron_boots":5,"minecraft:golden_helmet":1,"minecraft:stick":11,"minecraft:jukebox":3,"minecraft:oak_fence":5,"minecraft:torch":64,"minecraft:purpur_pillar":3,"minecraft:diorite":446,"minecraft:pointed_dripstone":7,"minecraft:music_disc_pigstep":4,"minecraft:cauldron":2,"minecraft:stone_sword":5,"minecraft:rotten_flesh":66,"minecraft:polished_basalt":3,"minecraft:glowstone":1,"minecraft:netherite_chestplate":1,"minecraft:blaze_rod":23,"minecraft:obsidian":14,"minecraft:cobblestone":3831,"minecraft:nautilus_shell":2,"minecraft:birch_log":6,"minecraft:enchanting_table":1,"minecraft:magma_block":14,"minecraft:feather":2,"minecraft:cooked_beef":24,"minecraft:andesite":8,"minecraft:potato":41,"minecraft:flint":18,"minecraft:tuff":285,"minecraft:netherite_leggings":1,"minecraft:lapis_lazuli":370,"minecraft:dirt":3645,"minecraft:glass":1,"minecraft:bone":23,"minecraft:bow":3,"minecraft:wheat_seeds":72,"minecraft:raw_gold":148,"minecraft:grindstone":11,"minecraft:netherite_axe":1,"minecraft:diamond_helmet":5,"minecraft:glowstone_dust":4,"minecraft:stone_hoe":3,"minecraft:oak_planks":152,"minecraft:cooked_porkchop":62,"minecraft:sand":17,"minecraft:shulker_box":7,"minecraft:barrel":1,"minecraft:mossy_cobblestone":59,"minecraft:diamond":280,"minecraft:spruce_boat":15,"minecraft:netherite_helmet":1,"minecraft:cracked_polished_blackstone_bricks":19,"minecraft:crossbow":1,"minecraft:granite":56,"minecraft:golden_apple":12,"minecraft:emerald":140,"minecraft:bread":195,"minecraft:oak_sapling":28,"minecraft:netherrack":642,"minecraft:chorus_fruit":41,"minecraft:oak_leaves":65,"minecraft:diamond_pickaxe":5,"minecraft:end_stone_bricks":7,"minecraft:crafting_table":22,"minecraft:splash_potion":1,"minecraft:nether_wart":102,"minecraft:wooden_pickaxe":1,"minecraft:gold_block":8,"minecraft:chain":14,"minecraft:purpur_block":7,"minecraft:shield":2,"minecraft:cornflower":139,"minecraft:elytra":2,"minecraft:iron_axe":9,"minecraft:flint_and_steel":5,"minecraft:netherite_scrap":5,"minecraft:item_frame":2,"minecraft:iron_shovel":1,"minecraft:blackstone":308,"minecraft:cartography_table":3,"minecraft:netherite_sword":1,"minecraft:beef":7,"minecraft:poppy":16,"minecraft:light_gray_wool":3,"minecraft:lectern":6,"minecraft:sugar_cane":97,"minecraft:chest":6,"minecraft:birch_sapling":4,"minecraft:phantom_membrane":1,"minecraft:raw_iron":170,"minecraft:end_stone":4,"minecraft:oak_door":2,"minecraft:polished_blackstone_bricks":46,"minecraft:redstone":305,"minecraft:netherite_pickaxe":1,"minecraft:arrow":15,"minecraft:weeping_vines":2,"minecraft:stone_shovel":1,"minecraft:diamond_chestplate":3,"minecraft:nether_bricks":38,"minecraft:diamond_boots":5,"minecraft:hay_block":11,"minecraft:gold_ingot":63,"minecraft:mutton":47,"minecraft:white_wool":45,"minecraft:oxeye_daisy":5,"minecraft:stripped_oak_log":24,"minecraft:netherite_boots":1,"minecraft:birch_leaves":62,"minecraft:basalt":828,"minecraft:glow_ink_sac":1,"minecraft:leather":17,"minecraft:birch_planks":10,"minecraft:purpur_stairs":1,"minecraft:oak_log":232,"minecraft:ancient_debris":72,"minecraft:yellow_bed":16,"minecraft:nether_wart_block":3,"minecraft:gunpowder":6,"minecraft:paper":16,"minecraft:birch_pressure_plate":2,"minecraft:cooked_mutton":28,"minecraft:apple":67,"minecraft:kelp":2,"minecraft:iron_ingot":75,"minecraft:stone_pickaxe":16,"minecraft:cooked_chicken":1,"minecraft:stripped_oak_wood":1,"minecraft:iron_sword":5,"minecraft:soul_sand":289,"minecraft:book":133,"minecraft:oak_slab":17,"minecraft:birch_boat":3,"minecraft:quartz":20,"minecraft:dandelion":13,"minecraft:dripstone_block":4,"minecraft:gravel":167,"minecraft:birch_stairs":2,"minecraft:spruce_sapling":8,"minecraft:blast_furnace":5,"minecraft:white_bed":16,"minecraft:spruce_log":13,"minecraft:spider_eye":1,"minecraft:diamond_shovel":4,"minecraft:purple_bed":2,"minecraft:stone_axe":6,"minecraft:iron_helmet":1,"minecraft:diamond_axe":3,"minecraft:coal":167,"minecraft:ender_pearl":44,"minecraft:shulker_shell":2},"minecraft:broken":{"minecraft:shears":1,"minecraft:stone_pickaxe":1,"minecraft:iron_pickaxe":5},"minecraft:custom":{"minecraft:interact_with_crafting_table":228,"minecraft:open_barrel":61,"minecraft:open_shulker_box":7,"minecraft:leave_game":28,"minecraft:time_since_death":216174,"minecraft:sprint_one_cm":2678803,"minecraft:damage_blocked_by_shield":1134,"minecraft:drop":323,"minecraft:talked_to_villager":818,"minecraft:play_time":895354,"minecraft:deaths":13,"minecraft:jump":16189,"minecraft:interact_with_brewingstand":3,"minecraft:walk_on_water_one_cm":186783,"minecraft:enchant_item":2,"minecraft:interact_with_furnace":303,"minecraft:play_record":2,"minecraft:traded_with_villager":927,"minecraft:sleep_in_bed":47,"minecraft:open_enderchest":29,"minecraft:damage_dealt":64994,"minecraft:player_kills":15,"minecraft:crouch_one_cm":152424,"minecraft:interact_with_smithing_table":13,"minecraft:interact_with_anvil":22,"minecraft:mob_kills":244,"minecraft:inspect_hopper":33,"minecraft:climb_one_cm":1570,"minecraft:walk_one_cm":1682736,"minecraft:sneak_time":40855,"minecraft:walk_under_water_one_cm":34187,"minecraft:boat_one_cm":338723,"minecraft:interact_with_blast_furnace":4,"minecraft:total_world_time":895354,"minecraft:interact_with_grindstone":2,"minecraft:time_since_rest":32161,"minecraft:damage_absorbed":321,"minecraft:damage_taken":18683,"minecraft:swim_one_cm":104479,"minecraft:fly_one_cm":8382410,"minecraft:open_chest":1264,"minecraft:aviate_one_cm":195672,"minecraft:fall_one_cm":568706},"minecraft:used":{"minecraft:nether_brick_fence":1,"minecraft:iron_shovel":7,"minecraft:elytra":16,"minecraft:diamond_hoe":8,"minecraft:polished_basalt":3,"minecraft:chest":25,"minecraft:shield":17,"minecraft:nether_wart":14,"minecraft:iron_sword":1,"minecraft:rotten_flesh":1,"minecraft:soul_sand":20,"minecraft:mutton":8,"minecraft:nether_bricks":3,"minecraft:carrot":77,"minecraft:tuff":128,"minecraft:spruce_boat":6,"minecraft:music_disc_pigstep":2,"minecraft:magma_block":9,"minecraft:bow":89,"minecraft:furnace":29,"minecraft:potato":18,"minecraft:diorite":4,"minecraft:diamond_boots":1,"minecraft:chorus_fruit":40,"minecraft:oak_planks":766,"minecraft:stone_pickaxe":216,"minecraft:blackstone":1,"minecraft:ender_pearl":24,"minecraft:wooden_pickaxe":26,"minecraft:diamond_axe":344,"minecraft:white_wool":14,"minecraft:golden_apple":10,"minecraft:blast_furnace":1,"minecraft:shears":233,"minecraft:firework_rocket":10,"minecraft:bread":149,"minecraft:string":26,"minecraft:lectern":2,"minecraft:gravel":89,"minecraft:diamond_sword":469,"minecraft:grindstone":3,"minecraft:chain":3,"minecraft:experience_bottle":12,"minecraft:netherite_sword":438,"minecraft:enchanting_table":2,"minecraft:stone_sword":6,"minecraft:flint_and_steel":14,"minecraft:stone_shovel":52,"minecraft:spruce_planks":2,"minecraft:netherrack":693,"minecraft:oak_door":3,"minecraft:dirt":2336,"minecraft:shulker_box":6,"minecraft:granite":18,"minecraft:bookshelf":14,"minecraft:iron_axe":20,"minecraft:oak_stairs":22,"minecraft:barrel":3,"minecraft:diamond_chestplate":2,"minecraft:light_gray_wool":1,"minecraft:basalt":180,"minecraft:netherite_pickaxe":1709,"minecraft:cooked_beef":25,"minecraft:cobbled_deepslate":216,"minecraft:pointed_dripstone":3,"minecraft:cooked_mutton":35,"minecraft:water_bucket":2,"minecraft:birch_planks":1,"minecraft:netherite_chestplate":15,"minecraft:birch_boat":3,"minecraft:cobblestone_slab":19,"minecraft:polished_blackstone_bricks":18,"minecraft:oak_slab":9,"minecraft:crafting_table":15,"minecraft:white_bed":10,"minecraft:oak_log":2,"minecraft:ender_eye":18,"minecraft:diamond_pickaxe":6146,"minecraft:diamond_shovel":5966,"minecraft:iron_pickaxe":1507,"minecraft:netherite_axe":242,"minecraft:stone_axe":106,"minecraft:purple_bed":3,"minecraft:cobblestone":1130,"minecraft:potion":2,"minecraft:cooked_porkchop":21,"minecraft:bucket":3,"minecraft:yellow_bed":9,"minecraft:splash_potion":1,"minecraft:jukebox":3},"minecraft:killed_by":{"minecraft:player":8,"minecraft:iron_golem":1},"minecraft:crafted":{"minecraft:oak_planks":968,"minecraft:barrel":2,"minecraft:cobblestone_slab":1284,"minecraft:blaze_powder":32,"minecraft:diamond_shovel":1,"minecraft:bookshelf":14,"minecraft:shulker_box":1,"minecraft:cooked_mutton":16,"minecraft:glass":2,"minecraft:hopper":5,"minecraft:diamond_helmet":2,"minecraft:bow":2,"minecraft:diamond_leggings":2,"minecraft:chest":53,"minecraft:ender_eye":8,"minecraft:oak_slab":138,"minecraft:emerald":838,"minecraft:arrow":20,"minecraft:cooked_porkchop":9,"minecraft:diamond_axe":1,"minecraft:crafting_table":4,"minecraft:spruce_planks":52,"minecraft:wooden_pickaxe":1,"minecraft:apple":64,"minecraft:book":8,"minecraft:paper":102,"minecraft:diamond_pickaxe":3,"minecraft:shield":2,"minecraft:stick":100,"minecraft:iron_ingot":31,"minecraft:iron_pickaxe":6,"minecraft:iron_block":1,"minecraft:gold_ingot":110,"minecraft:netherite_ingot":7,"minecraft:shears":1,"minecraft:oak_door":3,"minecraft:redstone":4,"minecraft:stone_shovel":1,"minecraft:netherite_sword":1,"minecraft:experience_bottle":12,"minecraft:furnace":11,"minecraft:diamond_block":8,"minecraft:netherite_axe":1,"minecraft:diamond":72,"minecraft:iron_axe":1,"minecraft:stone_pickaxe":4,"minecraft:diamond_boots":2,"minecraft:spruce_boat":3,"minecraft:netherite_scrap":25,"minecraft:wheat":99,"minecraft:cooked_beef":17,"minecraft:diamond_sword":1,"minecraft:enchanting_table":1,"minecraft:bucket":2,"minecraft:stone_axe":2,"minecraft:enchanted_book":19,"minecraft:air":0,"minecraft:bread":127,"minecraft:golden_apple":14,"minecraft:wooden_axe":2,"minecraft:oak_stairs":36,"minecraft:lapis_lazuli":10,"minecraft:diamond_chestplate":3,"minecraft:firework_rocket":48}},"DataVersion":3337}