{"stats":{"minecraft:broken":{"minecraft:wooden_axe":1},"minecraft:used":{"minecraft:stone_pickaxe":123,"minecraft:oak_planks":23,"minecraft:wooden_pickaxe":3,"minecraft:dirt":12,"minecraft:mutton":3,"minecraft:crafting_table":5,"minecraft:wooden_axe":47,"minecraft:cobblestone":10,"minecraft:cooked_porkchop":5,"minecraft:furnace":2,"minecraft:porkchop":3,"minecraft:andesite":2,"minecraft:birch_log":1,"minecraft:gray_wool":1},"minecraft:killed_by":{"minecraft:cave_spider":1},"minecraft:custom":{"minecraft:interact_with_furnace":8,"minecraft:mob_kills":15,"minecraft:interact_with_crafting_table":7,"minecraft:leave_game":1,"minecraft:time_since_death":5942,"minecraft:climb_one_cm":893,"minecraft:time_since_rest":5968,"minecraft:sprint_one_cm":155858,"minecraft:damage_taken":840,"minecraft:walk_one_cm":41287,"minecraft:damage_dealt":1427,"minecraft:swim_one_cm":40940,"minecraft:fly_one_cm":265066,"minecraft:open_chest":1,"minecraft:crouch_one_cm":2708,"minecraft:play_time":33364,"minecraft:deaths":2,"minecraft:sneak_time":1099,"minecraft:walk_under_water_one_cm":2625,"minecraft:jump":1243,"minecraft:walk_on_water_one_cm":7386,"minecraft:total_world_time":33364,"minecraft:fall_one_cm":31476},"minecraft:killed":{"minecraft:pig":7,"minecraft:sheep":5,"minecraft:cow":2},"minecraft:mined":{"minecraft:crafting_table":5,"minecraft:grass_block":2,"minecraft:tall_grass":2,"minecraft:spruce_leaves":13,"minecraft:lapis_ore":6,"minecraft:sugar_cane":1,"minecraft:diorite":6,"minecraft:spawner":1,"minecraft:coarse_dirt":1,"minecraft:furnace":2,"minecraft:birch_log":7,"minecraft:iron_ore":21,"minecraft:birch_leaves":1,"minecraft:andesite":3,"minecraft:grass":5,"minecraft:oak_log":21,"minecraft:coal_ore":2,"minecraft:rail":1,"minecraft:dirt":11,"minecraft:stone":74,"minecraft:oak_leaves":12},"minecraft:picked_up":{"minecraft:birch_log":7,"minecraft:coarse_dirt":1,"minecraft:crafting_table":5,"minecraft:andesite":3,"minecraft:leather":2,"minecraft:birch_planks":12,"minecraft:oak_log":21,"minecraft:lapis_lazuli":35,"minecraft:dirt":13,"minecraft:beef":4,"minecraft:sugar_cane":2,"minecraft:oak_planks":3,"minecraft:furnace":2,"minecraft:raw_iron":21,"minecraft:porkchop":18,"minecraft:spruce_sapling":1,"minecraft:diorite":6,"minecraft:gray_wool":1,"minecraft:oak_sapling":1,"minecraft:mutton":11,"minecraft:coal":2,"minecraft:white_wool":4,"minecraft:rail":1,"minecraft:cobblestone":73},"minecraft:crafted":{"minecraft:oak_planks":84,"minecraft:cooked_porkchop":12,"minecraft:crafting_table":1,"minecraft:wooden_pickaxe":1,"minecraft:furnace":2,"minecraft:birch_planks":24,"minecraft:cooked_mutton":4,"minecraft:air":0,"minecraft:stick":12,"minecraft:stone_pickaxe":1,"minecraft:wooden_axe":1}},"DataVersion":3337}