{"stats":{"minecraft:broken":{"minecraft:wooden_axe":1},"minecraft:used":{"minecraft:wooden_axe":47,"minecraft:stone_pickaxe":112,"minecraft:oak_planks":19,"minecraft:wooden_pickaxe":3,"minecraft:dirt":12,"minecraft:cobblestone":10,"minecraft:crafting_table":5,"minecraft:furnace":2,"minecraft:cooked_porkchop":5,"minecraft:birch_log":1,"minecraft:andesite":2},"minecraft:custom":{"minecraft:time_since_rest":21364,"minecraft:interact_with_furnace":8,"minecraft:sprint_one_cm":86823,"minecraft:damage_taken":380,"minecraft:walk_one_cm":26796,"minecraft:mob_kills":10,"minecraft:damage_dealt":991,"minecraft:swim_one_cm":15003,"minecraft:interact_with_crafting_table":7,"minecraft:fly_one_cm":125544,"minecraft:open_chest":1,"minecraft:crouch_one_cm":2408,"minecraft:play_time":21364,"minecraft:sneak_time":947,"minecraft:walk_under_water_one_cm":1104,"minecraft:jump":652,"minecraft:leave_game":1,"minecraft:time_since_death":21364,"minecraft:walk_on_water_one_cm":4288,"minecraft:total_world_time":21364,"minecraft:climb_one_cm":893,"minecraft:fall_one_cm":14708},"minecraft:killed":{"minecraft:sheep":3,"minecraft:pig":5,"minecraft:cow":2},"minecraft:mined":{"minecraft:coarse_dirt":1,"minecraft:furnace":2,"minecraft:iron_ore":16,"minecraft:birch_log":7,"minecraft:andesite":3,"minecraft:birch_leaves":1,"minecraft:crafting_table":5,"minecraft:grass":1,"minecraft:coal_ore":2,"minecraft:grass_block":2,"minecraft:oak_log":21,"minecraft:dirt":11,"minecraft:spruce_leaves":12,"minecraft:lapis_ore":2,"minecraft:stone":74,"minecraft:diorite":6,"minecraft:oak_leaves":8},"minecraft:picked_up":{"minecraft:birch_log":7,"minecraft:raw_iron":16,"minecraft:crafting_table":5,"minecraft:coarse_dirt":1,"minecraft:andesite":3,"minecraft:leather":2,"minecraft:birch_planks":12,"minecraft:porkchop":16,"minecraft:oak_log":21,"minecraft:spruce_sapling":1,"minecraft:diorite":6,"minecraft:lapis_lazuli":12,"minecraft:dirt":13,"minecraft:beef":4,"minecraft:coal":2,"minecraft:mutton":8,"minecraft:oak_planks":3,"minecraft:white_wool":3,"minecraft:cobblestone":73,"minecraft:furnace":2},"minecraft:crafted":{"minecraft:oak_planks":84,"minecraft:cooked_porkchop":12,"minecraft:crafting_table":1,"minecraft:stick":12,"minecraft:wooden_pickaxe":1,"minecraft:stone_pickaxe":1,"minecraft:wooden_axe":1,"minecraft:furnace":2,"minecraft:birch_planks":24,"minecraft:cooked_mutton":4,"minecraft:air":0}},"DataVersion":3337}