{"stats":{"minecraft:broken":{"minecraft:stone_pickaxe":1},"minecraft:used":{"minecraft:cooked_mutton":14,"minecraft:diorite":4,"minecraft:stone_pickaxe":174,"minecraft:spruce_planks":1,"minecraft:wooden_pickaxe":26,"minecraft:white_wool":1,"minecraft:dirt":8,"minecraft:mutton":8,"minecraft:crafting_table":6,"minecraft:granite":17,"minecraft:spruce_boat":6,"minecraft:iron_pickaxe":31,"minecraft:stone_axe":49,"minecraft:cobblestone":42,"minecraft:furnace":6},"minecraft:custom":{"minecraft:interact_with_furnace":36,"minecraft:mob_kills":19,"minecraft:interact_with_crafting_table":12,"minecraft:leave_game":1,"minecraft:time_since_death":47864,"minecraft:sleep_in_bed":1,"minecraft:time_since_rest":9842,"minecraft:sprint_one_cm":144058,"minecraft:damage_taken":1067,"minecraft:walk_one_cm":37400,"minecraft:damage_dealt":1588,"minecraft:swim_one_cm":21599,"minecraft:fly_one_cm":551541,"minecraft:crouch_one_cm":3727,"minecraft:play_time":47864,"minecraft:sneak_time":1827,"minecraft:walk_under_water_one_cm":4760,"minecraft:boat_one_cm":338532,"minecraft:jump":1066,"minecraft:walk_on_water_one_cm":3799,"minecraft:total_world_time":47864,"minecraft:fall_one_cm":37265},"minecraft:killed":{"minecraft:spider":1,"minecraft:sheep":15,"minecraft:cow":2},"minecraft:mined":{"minecraft:white_bed":2,"minecraft:glass_pane":1,"minecraft:powder_snow":6,"minecraft:oak_fence":1,"minecraft:crafting_table":6,"minecraft:granite":17,"minecraft:emerald_ore":1,"minecraft:grass_block":6,"minecraft:copper_ore":2,"minecraft:cobblestone":4,"minecraft:spruce_leaves":3,"minecraft:diorite":4,"minecraft:furnace":6,"minecraft:iron_ore":11,"minecraft:ice":8,"minecraft:spruce_log":13,"minecraft:andesite":8,"minecraft:yellow_bed":1,"minecraft:grass":1,"minecraft:coal_ore":9,"minecraft:deepslate_iron_ore":17,"minecraft:dirt":11,"minecraft:packed_ice":2,"minecraft:stone":94,"minecraft:white_wool":1,"minecraft:oak_leaves":11,"minecraft:deepslate":33},"minecraft:picked_up":{"minecraft:crafting_table":6,"minecraft:andesite":8,"minecraft:wooden_pickaxe":1,"minecraft:yellow_bed":1,"minecraft:dirt":16,"minecraft:string":2,"minecraft:raw_copper":6,"minecraft:kelp":2,"minecraft:wheat_seeds":1,"minecraft:cobbled_deepslate":32,"minecraft:beef":5,"minecraft:furnace":6,"minecraft:raw_iron":49,"minecraft:diorite":4,"minecraft:white_bed":2,"minecraft:spruce_log":13,"minecraft:spruce_boat":3,"minecraft:granite":17,"minecraft:emerald":1,"minecraft:oak_sapling":1,"minecraft:coal":42,"minecraft:mutton":35,"minecraft:white_wool":16,"minecraft:cobblestone":98},"minecraft:crafted":{"minecraft:crafting_table":1,"minecraft:spruce_planks":52,"minecraft:wooden_pickaxe":1,"minecraft:furnace":1,"minecraft:stone_axe":1,"minecraft:cooked_mutton":10,"minecraft:air":0,"minecraft:stick":16,"minecraft:iron_ingot":3,"minecraft:iron_pickaxe":1,"minecraft:stone_pickaxe":3,"minecraft:wooden_axe":1,"minecraft:spruce_boat":3}},"DataVersion":3337}