{"stats":{"minecraft:killed":{"minecraft:zombified_piglin":17,"minecraft:spider":4,"minecraft:shulker":5,"minecraft:skeleton":6,"minecraft:chicken":1,"minecraft:piglin_brute":2,"minecraft:cat":1,"minecraft:wolf":2,"minecraft:magma_cube":12,"minecraft:piglin":14,"minecraft:pig":1,"minecraft:zombie_villager":1,"minecraft:iron_golem":7,"minecraft:creeper":1,"minecraft:sheep":22,"minecraft:zombie":12,"minecraft:donkey":1,"minecraft:ghast":1,"minecraft:cow":2,"minecraft:blaze":33,"minecraft:wandering_trader":1,"minecraft:wither_skeleton":7,"minecraft:villager":4,"minecraft:enderman":37},"minecraft:mined":{"minecraft:spruce_planks":3,"minecraft:white_bed":14,"minecraft:cobblestone_stairs":1,"minecraft:sculk_vein":4,"minecraft:granite":44,"minecraft:grass_block":90,"minecraft:cracked_polished_blackstone_bricks":20,"minecraft:soul_soil":44,"minecraft:nether_wart":73,"minecraft:gilded_blackstone":1,"minecraft:polished_blackstone_bricks":52,"minecraft:weeping_vines_plant":1,"minecraft:tall_seagrass":1,"minecraft:magma_block":19,"minecraft:sculk_catalyst":1,"minecraft:glowstone":1,"minecraft:cobbled_deepslate":19,"minecraft:iron_ore":13,"minecraft:fire":15,"minecraft:barrel":1,"minecraft:deepslate_lapis_ore":6,"minecraft:enchanting_table":1,"minecraft:pointed_dripstone":7,"minecraft:dirt_path":1,"minecraft:oak_stairs":9,"minecraft:end_stone_bricks":5,"minecraft:tripwire":16,"minecraft:deepslate_redstone_ore":28,"minecraft:blackstone":228,"minecraft:soul_fire":1,"minecraft:purpur_stairs":1,"minecraft:powder_snow":6,"minecraft:torch":5,"minecraft:blast_furnace":1,"minecraft:chest":3,"minecraft:nether_quartz_ore":13,"minecraft:cobblestone":183,"minecraft:sugar_cane":1,"minecraft:oak_planks":76,"minecraft:wall_torch":4,"minecraft:nether_wart_block":3,"minecraft:birch_trapdoor":1,"minecraft:jukebox":3,"minecraft:purpur_block":3,"minecraft:grass":19,"minecraft:oak_log":179,"minecraft:sand":14,"minecraft:dirt":301,"minecraft:netherrack":1107,"minecraft:ancient_debris":26,"minecraft:oak_leaves":17,"minecraft:deepslate":1290,"minecraft:nether_gold_ore":1,"minecraft:tuff":222,"minecraft:deepslate_diamond_ore":112,"minecraft:oak_door":1,"minecraft:end_stone":2,"minecraft:nether_bricks":15,"minecraft:crimson_roots":1,"minecraft:spruce_leaves":4,"minecraft:hay_block":11,"minecraft:furnace":21,"minecraft:polished_basalt":3,"minecraft:andesite":27,"minecraft:nether_brick_fence":8,"minecraft:bookshelf":2,"minecraft:deepslate_iron_ore":41,"minecraft:cobblestone_slab":8,"minecraft:stripped_oak_log":16,"minecraft:packed_ice":2,"minecraft:chorus_plant":4,"minecraft:stone":1405,"minecraft:white_wool":3,"minecraft:birch_stairs":2,"minecraft:glass_pane":2,"minecraft:soul_sand":89,"minecraft:magenta_stained_glass":1,"minecraft:basalt":1357,"minecraft:oak_fence":2,"minecraft:crafting_table":14,"minecraft:emerald_ore":1,"minecraft:purpur_pillar":5,"minecraft:tall_grass":4,"minecraft:copper_ore":2,"minecraft:deepslate_gold_ore":139,"minecraft:sculk":198,"minecraft:diorite":25,"minecraft:birch_planks":5,"minecraft:purple_bed":2,"minecraft:ice":8,"minecraft:spruce_log":13,"minecraft:yellow_bed":14,"minecraft:coal_ore":41,"minecraft:dripstone_block":4,"minecraft:gravel":200},"minecraft:dropped":{"minecraft:iron_sword":2,"minecraft:soul_sand":249,"minecraft:birch_planks":3,"minecraft:lapis_lazuli":58,"minecraft:ender_pearl":5,"minecraft:diamond":45,"minecraft:cooked_porkchop":24,"minecraft:leather":6,"minecraft:emerald":12,"minecraft:dirt":170,"minecraft:gold_nugget":7,"minecraft:sand":17,"minecraft:iron_pickaxe":2,"minecraft:white_wool":3,"minecraft:bone":4,"minecraft:gravel":2,"minecraft:stone_axe":2,"minecraft:blackstone":46,"minecraft:sugar_cane":31,"minecraft:cobbled_deepslate":84,"minecraft:rotten_flesh":10,"minecraft:oak_planks":2,"minecraft:blaze_powder":2,"minecraft:cooked_mutton":1,"minecraft:white_bed":1,"minecraft:poppy":5,"minecraft:basalt":1,"minecraft:glass":1,"minecraft:netherrack":3,"minecraft:water_bucket":1,"minecraft:iron_ingot":27,"minecraft:bread":1,"minecraft:oak_slab":17,"minecraft:oak_fence":1,"minecraft:cobblestone":315,"minecraft:granite":14,"minecraft:music_disc_pigstep":1,"minecraft:coal":63,"minecraft:stick":2,"minecraft:diorite":39,"minecraft:torch":1,"minecraft:nether_wart_block":2,"minecraft:iron_leggings":2,"minecraft:oak_stairs":16,"minecraft:iron_axe":2,"minecraft:string":3039,"minecraft:redstone":4,"minecraft:nether_wart":15,"minecraft:blaze_rod":7,"minecraft:tuff":58,"minecraft:raw_iron":66,"minecraft:nether_bricks":20,"minecraft:shears":1,"minecraft:blast_furnace":2,"minecraft:potato":18,"minecraft:shield":1,"minecraft:spruce_planks":1,"minecraft:iron_chestplate":1,"minecraft:stone_pickaxe":2,"minecraft:raw_gold":12,"minecraft:nautilus_shell":1},"minecraft:picked_up":{"minecraft:wooden_axe":1,"minecraft:iron_chestplate":3,"minecraft:chainmail_boots":1,"minecraft:nether_brick_fence":5,"minecraft:lead":4,"minecraft:diamond_sword":3,"minecraft:oak_stairs":36,"minecraft:enchanted_book":2,"minecraft:gilded_blackstone":10,"minecraft:golden_sword":2,"minecraft:string":29857,"minecraft:raw_copper":6,"minecraft:soul_soil":24,"minecraft:iron_leggings":3,"minecraft:diamond_leggings":4,"minecraft:gold_nugget":14,"minecraft:cobbled_deepslate":906,"minecraft:spruce_planks":123,"minecraft:cobblestone_slab":14,"minecraft:ender_eye":28,"minecraft:iron_pickaxe":7,"minecraft:furnace":28,"minecraft:iron_boots":5,"minecraft:stick":10,"minecraft:jukebox":3,"minecraft:oak_fence":2,"minecraft:torch":32,"minecraft:purpur_pillar":3,"minecraft:diorite":62,"minecraft:pointed_dripstone":7,"minecraft:music_disc_pigstep":4,"minecraft:cauldron":2,"minecraft:stone_sword":5,"minecraft:rotten_flesh":45,"minecraft:polished_basalt":3,"minecraft:glowstone":1,"minecraft:netherite_chestplate":1,"minecraft:blaze_rod":23,"minecraft:obsidian":14,"minecraft:cobblestone":1581,"minecraft:nautilus_shell":2,"minecraft:enchanting_table":1,"minecraft:magma_block":14,"minecraft:feather":2,"minecraft:cooked_beef":24,"minecraft:andesite":8,"minecraft:potato":41,"minecraft:flint":16,"minecraft:tuff":285,"minecraft:netherite_leggings":1,"minecraft:lapis_lazuli":370,"minecraft:dirt":481,"minecraft:bone":22,"minecraft:bow":1,"minecraft:wheat_seeds":13,"minecraft:raw_gold":148,"minecraft:grindstone":11,"minecraft:netherite_axe":1,"minecraft:diamond_helmet":4,"minecraft:glowstone_dust":4,"minecraft:stone_hoe":3,"minecraft:oak_planks":110,"minecraft:cooked_porkchop":61,"minecraft:sand":17,"minecraft:barrel":1,"minecraft:diamond":280,"minecraft:spruce_boat":15,"minecraft:netherite_helmet":1,"minecraft:cracked_polished_blackstone_bricks":19,"minecraft:crossbow":1,"minecraft:granite":36,"minecraft:golden_apple":12,"minecraft:emerald":137,"minecraft:bread":148,"minecraft:oak_sapling":16,"minecraft:chorus_fruit":26,"minecraft:netherrack":642,"minecraft:diamond_pickaxe":4,"minecraft:end_stone_bricks":5,"minecraft:crafting_table":22,"minecraft:splash_potion":1,"minecraft:nether_wart":102,"minecraft:wooden_pickaxe":1,"minecraft:gold_block":8,"minecraft:chain":14,"minecraft:purpur_block":3,"minecraft:shield":2,"minecraft:cornflower":8,"minecraft:iron_axe":7,"minecraft:flint_and_steel":4,"minecraft:netherite_scrap":5,"minecraft:iron_shovel":1,"minecraft:blackstone":307,"minecraft:cartography_table":3,"minecraft:netherite_sword":1,"minecraft:beef":7,"minecraft:poppy":13,"minecraft:light_gray_wool":3,"minecraft:lectern":6,"minecraft:sugar_cane":96,"minecraft:chest":3,"minecraft:birch_sapling":4,"minecraft:raw_iron":142,"minecraft:end_stone":4,"minecraft:oak_door":1,"minecraft:polished_blackstone_bricks":46,"minecraft:redstone":214,"minecraft:netherite_pickaxe":1,"minecraft:stone_shovel":1,"minecraft:arrow":12,"minecraft:weeping_vines":2,"minecraft:diamond_chestplate":3,"minecraft:nether_bricks":38,"minecraft:diamond_boots":4,"minecraft:hay_block":11,"minecraft:gold_ingot":63,"minecraft:mutton":47,"minecraft:white_wool":42,"minecraft:stripped_oak_log":16,"minecraft:netherite_boots":1,"minecraft:basalt":828,"minecraft:glow_ink_sac":1,"minecraft:leather":17,"minecraft:birch_planks":10,"minecraft:purpur_stairs":1,"minecraft:oak_log":217,"minecraft:ancient_debris":72,"minecraft:yellow_bed":16,"minecraft:nether_wart_block":3,"minecraft:paper":16,"minecraft:birch_pressure_plate":2,"minecraft:cooked_mutton":28,"minecraft:apple":67,"minecraft:kelp":2,"minecraft:iron_ingot":75,"minecraft:stone_pickaxe":15,"minecraft:cooked_chicken":1,"minecraft:iron_sword":5,"minecraft:soul_sand":289,"minecraft:book":133,"minecraft:oak_slab":17,"minecraft:birch_boat":2,"minecraft:quartz":20,"minecraft:dripstone_block":4,"minecraft:gravel":144,"minecraft:birch_stairs":2,"minecraft:spruce_sapling":8,"minecraft:blast_furnace":5,"minecraft:white_bed":16,"minecraft:spruce_log":13,"minecraft:spider_eye":1,"minecraft:diamond_shovel":3,"minecraft:purple_bed":2,"minecraft:stone_axe":6,"minecraft:iron_helmet":1,"minecraft:diamond_axe":3,"minecraft:coal":129,"minecraft:shulker_shell":1,"minecraft:ender_pearl":39},"minecraft:broken":{"minecraft:stone_pickaxe":1,"minecraft:iron_pickaxe":5},"minecraft:custom":{"minecraft:interact_with_crafting_table":191,"minecraft:open_barrel":43,"minecraft:leave_game":22,"minecraft:time_since_death":58071,"minecraft:sprint_one_cm":2092590,"minecraft:damage_blocked_by_shield":1134,"minecraft:drop":210,"minecraft:talked_to_villager":752,"minecraft:play_time":736175,"minecraft:deaths":13,"minecraft:jump":14254,"minecraft:interact_with_brewingstand":1,"minecraft:walk_on_water_one_cm":183921,"minecraft:enchant_item":2,"minecraft:interact_with_furnace":294,"minecraft:play_record":2,"minecraft:traded_with_villager":751,"minecraft:sleep_in_bed":46,"minecraft:damage_dealt":52885,"minecraft:player_kills":10,"minecraft:crouch_one_cm":103826,"minecraft:interact_with_smithing_table":12,"minecraft:interact_with_anvil":22,"minecraft:mob_kills":201,"minecraft:inspect_hopper":21,"minecraft:climb_one_cm":1570,"minecraft:walk_one_cm":1266203,"minecraft:sneak_time":32151,"minecraft:walk_under_water_one_cm":31048,"minecraft:boat_one_cm":338723,"minecraft:interact_with_blast_furnace":4,"minecraft:total_world_time":736175,"minecraft:interact_with_grindstone":1,"minecraft:time_since_rest":58095,"minecraft:damage_absorbed":321,"minecraft:damage_taken":17010,"minecraft:swim_one_cm":103209,"minecraft:fly_one_cm":6605555,"minecraft:open_chest":996,"minecraft:fall_one_cm":472761},"minecraft:used":{"minecraft:nether_brick_fence":1,"minecraft:diamond_hoe":8,"minecraft:polished_basalt":3,"minecraft:chest":25,"minecraft:shield":17,"minecraft:nether_wart":14,"minecraft:iron_sword":1,"minecraft:rotten_flesh":1,"minecraft:soul_sand":20,"minecraft:mutton":8,"minecraft:nether_bricks":3,"minecraft:carrot":77,"minecraft:tuff":128,"minecraft:spruce_boat":6,"minecraft:music_disc_pigstep":2,"minecraft:magma_block":9,"minecraft:bow":36,"minecraft:furnace":29,"minecraft:potato":18,"minecraft:diorite":4,"minecraft:diamond_boots":1,"minecraft:chorus_fruit":6,"minecraft:stone_pickaxe":216,"minecraft:oak_planks":752,"minecraft:ender_pearl":19,"minecraft:wooden_pickaxe":26,"minecraft:diamond_axe":344,"minecraft:white_wool":14,"minecraft:golden_apple":10,"minecraft:blast_furnace":1,"minecraft:bread":124,"minecraft:string":25,"minecraft:lectern":2,"minecraft:gravel":89,"minecraft:diamond_sword":456,"minecraft:grindstone":3,"minecraft:chain":3,"minecraft:experience_bottle":12,"minecraft:netherite_sword":292,"minecraft:enchanting_table":2,"minecraft:stone_sword":6,"minecraft:flint_and_steel":14,"minecraft:stone_shovel":52,"minecraft:spruce_planks":2,"minecraft:netherrack":675,"minecraft:oak_door":3,"minecraft:dirt":185,"minecraft:granite":18,"minecraft:bookshelf":14,"minecraft:iron_axe":11,"minecraft:oak_stairs":22,"minecraft:barrel":1,"minecraft:diamond_chestplate":2,"minecraft:light_gray_wool":1,"minecraft:basalt":180,"minecraft:netherite_pickaxe":1674,"minecraft:cooked_beef":25,"minecraft:cobbled_deepslate":216,"minecraft:pointed_dripstone":3,"minecraft:cooked_mutton":35,"minecraft:water_bucket":2,"minecraft:birch_planks":1,"minecraft:birch_boat":2,"minecraft:cobblestone_slab":19,"minecraft:polished_blackstone_bricks":18,"minecraft:oak_slab":9,"minecraft:crafting_table":15,"minecraft:white_bed":10,"minecraft:oak_log":2,"minecraft:ender_eye":16,"minecraft:diamond_pickaxe":3263,"minecraft:diamond_shovel":544,"minecraft:iron_pickaxe":1507,"minecraft:netherite_axe":12,"minecraft:stone_axe":106,"minecraft:cobblestone":1098,"minecraft:purple_bed":3,"minecraft:cooked_porkchop":20,"minecraft:bucket":3,"minecraft:yellow_bed":9,"minecraft:splash_potion":1,"minecraft:jukebox":3},"minecraft:killed_by":{"minecraft:player":8,"minecraft:iron_golem":1},"minecraft:crafted":{"minecraft:oak_planks":936,"minecraft:cobblestone_slab":6,"minecraft:blaze_powder":32,"minecraft:diamond_shovel":1,"minecraft:bookshelf":14,"minecraft:cooked_mutton":16,"minecraft:glass":2,"minecraft:diamond_helmet":2,"minecraft:bow":2,"minecraft:diamond_leggings":2,"minecraft:chest":22,"minecraft:ender_eye":8,"minecraft:oak_slab":90,"minecraft:emerald":662,"minecraft:arrow":20,"minecraft:cooked_porkchop":9,"minecraft:diamond_axe":1,"minecraft:crafting_table":4,"minecraft:spruce_planks":52,"minecraft:wooden_pickaxe":1,"minecraft:apple":64,"minecraft:book":8,"minecraft:paper":102,"minecraft:diamond_pickaxe":3,"minecraft:shield":1,"minecraft:stick":100,"minecraft:iron_ingot":31,"minecraft:iron_pickaxe":6,"minecraft:iron_block":1,"minecraft:gold_ingot":110,"minecraft:netherite_ingot":7,"minecraft:shears":1,"minecraft:oak_door":3,"minecraft:redstone":4,"minecraft:stone_shovel":1,"minecraft:netherite_sword":1,"minecraft:experience_bottle":12,"minecraft:furnace":11,"minecraft:diamond_block":8,"minecraft:netherite_axe":1,"minecraft:diamond":72,"minecraft:iron_axe":1,"minecraft:stone_pickaxe":4,"minecraft:diamond_boots":2,"minecraft:spruce_boat":3,"minecraft:netherite_scrap":25,"minecraft:wheat":99,"minecraft:cooked_beef":17,"minecraft:diamond_sword":1,"minecraft:enchanting_table":1,"minecraft:bucket":2,"minecraft:stone_axe":2,"minecraft:enchanted_book":19,"minecraft:air":0,"minecraft:bread":127,"minecraft:golden_apple":14,"minecraft:wooden_axe":2,"minecraft:oak_stairs":36,"minecraft:lapis_lazuli":10,"minecraft:diamond_chestplate":3}},"DataVersion":3337}