{"stats":{"minecraft:broken":{"minecraft:stone_pickaxe":1,"minecraft:stone_axe":1,"minecraft:iron_pickaxe":1,"minecraft:stone_shovel":3},"minecraft:used":{"minecraft:oak_trapdoor":4,"minecraft:iron_bars":2,"minecraft:stone_shovel":576,"minecraft:chest":2,"minecraft:bell":2,"minecraft:stone_hoe":50,"minecraft:netherrack":2,"minecraft:torch":7,"minecraft:dirt":591,"minecraft:tuff":11,"minecraft:granite":11,"minecraft:iron_axe":79,"minecraft:stone_brick_stairs":2,"minecraft:stone_bricks":1,"minecraft:tripwire_hook":2,"minecraft:furnace":3,"minecraft:cooked_beef":4,"minecraft:cobbled_deepslate":58,"minecraft:pointed_dripstone":2,"minecraft:water_bucket":7,"minecraft:birch_planks":1,"minecraft:stone_pickaxe":263,"minecraft:oak_planks":23,"minecraft:wooden_pickaxe":3,"minecraft:composter":2,"minecraft:white_wool":8,"minecraft:sand":16,"minecraft:crafting_table":5,"minecraft:white_bed":7,"minecraft:dripstone_block":1,"minecraft:shears":1,"minecraft:lever":1,"minecraft:wooden_hoe":30,"minecraft:chicken":1,"minecraft:bread":45,"minecraft:string":4,"minecraft:iron_pickaxe":253,"minecraft:stone_axe":169,"minecraft:chiseled_stone_bricks":1,"minecraft:cobblestone":266,"minecraft:cooked_porkchop":16,"minecraft:porkchop":4,"minecraft:bucket":7,"minecraft:andesite":5,"minecraft:yellow_bed":7},"minecraft:custom":{"minecraft:mob_kills":55,"minecraft:interact_with_crafting_table":40,"minecraft:bell_ring":36,"minecraft:leave_game":5,"minecraft:time_since_death":138146,"minecraft:sprint_one_cm":510325,"minecraft:walk_one_cm":358309,"minecraft:drop":55,"minecraft:talked_to_villager":1,"minecraft:play_time":138146,"minecraft:sneak_time":7442,"minecraft:walk_under_water_one_cm":3667,"minecraft:jump":4235,"minecraft:walk_on_water_one_cm":6074,"minecraft:total_world_time":138146,"minecraft:interact_with_furnace":25,"minecraft:sleep_in_bed":8,"minecraft:time_since_rest":20644,"minecraft:damage_taken":3239,"minecraft:damage_dealt":9042,"minecraft:swim_one_cm":26634,"minecraft:fly_one_cm":930412,"minecraft:open_chest":59,"minecraft:crouch_one_cm":27390,"minecraft:fall_one_cm":144854},"minecraft:killed":{"minecraft:spider":1,"minecraft:skeleton":4,"minecraft:chicken":2,"minecraft:pig":20,"minecraft:iron_golem":1,"minecraft:creeper":1,"minecraft:sheep":2,"minecraft:zombie":18,"minecraft:cow":6},"minecraft:mined":{"minecraft:tuff":25,"minecraft:white_bed":4,"minecraft:deepslate_diamond_ore":3,"minecraft:granite":11,"minecraft:grass_block":405,"minecraft:composter":2,"minecraft:chiseled_stone_bricks":1,"minecraft:hay_block":29,"minecraft:furnace":2,"minecraft:iron_ore":3,"minecraft:cobbled_deepslate":14,"minecraft:andesite":5,"minecraft:gold_block":2,"minecraft:bell":3,"minecraft:pointed_dripstone":2,"minecraft:deepslate_iron_ore":2,"minecraft:iron_bars":2,"minecraft:stone":179,"minecraft:white_wool":7,"minecraft:dandelion":4,"minecraft:crafting_table":4,"minecraft:cornflower":1,"minecraft:blast_furnace":2,"minecraft:chest":1,"minecraft:tall_grass":4,"minecraft:cobblestone":124,"minecraft:sugar_cane":6,"minecraft:oak_planks":23,"minecraft:diorite":2,"minecraft:wall_torch":3,"minecraft:birch_planks":17,"minecraft:yellow_bed":8,"minecraft:stone_brick_stairs":2,"minecraft:grass":185,"minecraft:oak_log":29,"minecraft:coal_ore":26,"minecraft:sand":16,"minecraft:gravel":2,"minecraft:dripstone_block":1,"minecraft:dirt":147,"minecraft:stone_bricks":1,"minecraft:netherrack":2,"minecraft:oak_leaves":7,"minecraft:deepslate":101},"minecraft:dropped":{"minecraft:birch_planks":3,"minecraft:wheat_seeds":15,"minecraft:stick":12,"minecraft:flint":1,"minecraft:oxeye_daisy":3,"minecraft:dirt":2,"minecraft:wooden_hoe":2,"minecraft:cornflower":1,"minecraft:white_wool":4,"minecraft:dandelion":15,"minecraft:gravel":1,"minecraft:rotten_flesh":16,"minecraft:oak_planks":3,"minecraft:mossy_stone_brick_slab":6,"minecraft:poppy":6,"minecraft:stone_bricks":1,"minecraft:wooden_pickaxe":2,"minecraft:stone_pickaxe":2,"minecraft:magma_block":2,"minecraft:stone_brick_stairs":3,"minecraft:netherrack":3},"minecraft:picked_up":{"minecraft:crafting_table":4,"minecraft:chicken":2,"minecraft:wooden_pickaxe":1,"minecraft:gold_block":5,"minecraft:stone_brick_stairs":5,"minecraft:cornflower":1,"minecraft:string":4,"minecraft:cobbled_deepslate":115,"minecraft:beef":11,"minecraft:poppy":6,"minecraft:sugar_cane":10,"minecraft:chest":1,"minecraft:furnace":2,"minecraft:raw_iron":5,"minecraft:stick":12,"minecraft:composter":2,"minecraft:torch":3,"minecraft:porkchop":52,"minecraft:pointed_dripstone":8,"minecraft:diorite":2,"minecraft:arrow":5,"minecraft:rotten_flesh":15,"minecraft:hay_block":29,"minecraft:mutton":2,"minecraft:iron_bars":2,"minecraft:cobblestone":357,"minecraft:white_wool":10,"minecraft:oxeye_daisy":3,"minecraft:magma_block":2,"minecraft:feather":2,"minecraft:water_bucket":1,"minecraft:andesite":5,"minecraft:leather":7,"minecraft:birch_planks":16,"minecraft:flint":1,"minecraft:tuff":25,"minecraft:oak_log":29,"minecraft:yellow_bed":8,"minecraft:gunpowder":1,"minecraft:wooden_hoe":1,"minecraft:dirt":594,"minecraft:bone":5,"minecraft:stone_bricks":2,"minecraft:wheat_seeds":31,"minecraft:bell":3,"minecraft:stone_pickaxe":1,"minecraft:iron_ingot":7,"minecraft:oak_planks":32,"minecraft:chiseled_stone_bricks":1,"minecraft:dandelion":15,"minecraft:gravel":1,"minecraft:dripstone_block":4,"minecraft:sand":16,"minecraft:blast_furnace":2,"minecraft:white_bed":4,"minecraft:mossy_stone_brick_slab":6,"minecraft:diamond":3,"minecraft:granite":11,"minecraft:netherrack":6,"minecraft:coal":49},"minecraft:crafted":{"minecraft:oak_planks":116,"minecraft:stone_shovel":5,"minecraft:tripwire_hook":2,"minecraft:furnace":1,"minecraft:lever":1,"minecraft:oak_trapdoor":4,"minecraft:iron_axe":1,"minecraft:stone_pickaxe":3,"minecraft:chest":1,"minecraft:stone_hoe":1,"minecraft:wheat":261,"minecraft:cooked_beef":25,"minecraft:cooked_porkchop":36,"minecraft:crafting_table":1,"minecraft:wooden_pickaxe":1,"minecraft:stone_axe":2,"minecraft:bread":87,"minecraft:air":0,"minecraft:wooden_hoe":1,"minecraft:stick":32,"minecraft:iron_ingot":3,"minecraft:iron_pickaxe":1,"minecraft:white_bed":3,"minecraft:torch":4,"minecraft:shears":1}},"DataVersion":3337}