{"stats":{"minecraft:broken":{"minecraft:iron_shovel":1,"minecraft:stone_pickaxe":2,"minecraft:stone_axe":1,"minecraft:iron_pickaxe":1,"minecraft:stone_shovel":3},"minecraft:used":{"minecraft:oak_trapdoor":4,"minecraft:iron_bars":2,"minecraft:iron_shovel":273,"minecraft:stone_shovel":576,"minecraft:chest":2,"minecraft:bell":2,"minecraft:stone_hoe":81,"minecraft:netherrack":2,"minecraft:torch":11,"minecraft:dirt":852,"minecraft:tuff":11,"minecraft:granite":11,"minecraft:iron_axe":94,"minecraft:stone_brick_stairs":2,"minecraft:stone_bricks":1,"minecraft:tripwire_hook":2,"minecraft:furnace":3,"minecraft:potato":74,"minecraft:cooked_beef":10,"minecraft:cobbled_deepslate":84,"minecraft:pointed_dripstone":2,"minecraft:water_bucket":23,"minecraft:birch_planks":1,"minecraft:stone_pickaxe":401,"minecraft:oak_planks":30,"minecraft:wooden_pickaxe":3,"minecraft:composter":2,"minecraft:white_wool":8,"minecraft:sand":16,"minecraft:oak_slab":7,"minecraft:crafting_table":7,"minecraft:blast_furnace":11,"minecraft:white_bed":7,"minecraft:dripstone_block":1,"minecraft:shears":1,"minecraft:lever":1,"minecraft:wooden_hoe":30,"minecraft:birch_slab":4,"minecraft:chicken":1,"minecraft:bread":45,"minecraft:string":4,"minecraft:iron_pickaxe":409,"minecraft:stone_axe":180,"minecraft:chiseled_stone_bricks":1,"minecraft:cobblestone":289,"minecraft:cooked_porkchop":16,"minecraft:porkchop":4,"minecraft:bucket":23,"minecraft:andesite":5,"minecraft:yellow_bed":7,"minecraft:dandelion":1,"minecraft:bone_meal":36},"minecraft:custom":{"minecraft:mob_kills":57,"minecraft:interact_with_crafting_table":47,"minecraft:bell_ring":37,"minecraft:leave_game":6,"minecraft:time_since_death":168239,"minecraft:sprint_one_cm":582823,"minecraft:walk_one_cm":488757,"minecraft:drop":91,"minecraft:talked_to_villager":16,"minecraft:play_time":168239,"minecraft:sneak_time":9698,"minecraft:walk_under_water_one_cm":4443,"minecraft:jump":4828,"minecraft:interact_with_blast_furnace":4,"minecraft:walk_on_water_one_cm":13213,"minecraft:total_world_time":168239,"minecraft:interact_with_furnace":27,"minecraft:sleep_in_bed":9,"minecraft:time_since_rest":10028,"minecraft:damage_taken":3638,"minecraft:damage_dealt":10109,"minecraft:swim_one_cm":26634,"minecraft:fly_one_cm":1012618,"minecraft:open_chest":69,"minecraft:crouch_one_cm":34262,"minecraft:fall_one_cm":154081},"minecraft:killed":{"minecraft:spider":1,"minecraft:skeleton":4,"minecraft:chicken":2,"minecraft:pig":20,"minecraft:iron_golem":2,"minecraft:creeper":1,"minecraft:sheep":2,"minecraft:zombie":19,"minecraft:cow":6},"minecraft:mined":{"minecraft:tuff":25,"minecraft:white_bed":4,"minecraft:deepslate_diamond_ore":3,"minecraft:granite":17,"minecraft:grass_block":628,"minecraft:birch_slab":1,"minecraft:composter":2,"minecraft:chiseled_stone_bricks":1,"minecraft:hay_block":29,"minecraft:furnace":2,"minecraft:iron_ore":13,"minecraft:cobbled_deepslate":21,"minecraft:andesite":12,"minecraft:gold_block":2,"minecraft:bell":3,"minecraft:potatoes":22,"minecraft:pointed_dripstone":4,"minecraft:deepslate_iron_ore":10,"minecraft:iron_bars":2,"minecraft:stone":309,"minecraft:white_wool":7,"minecraft:oak_slab":6,"minecraft:dandelion":5,"minecraft:crafting_table":6,"minecraft:cornflower":1,"minecraft:blast_furnace":13,"minecraft:chest":1,"minecraft:tall_grass":8,"minecraft:cobblestone":145,"minecraft:sugar_cane":6,"minecraft:oak_planks":32,"minecraft:diorite":2,"minecraft:wall_torch":5,"minecraft:birch_planks":17,"minecraft:yellow_bed":8,"minecraft:stone_brick_stairs":2,"minecraft:grass":212,"minecraft:oak_log":29,"minecraft:coal_ore":26,"minecraft:beetroots":1,"minecraft:sand":16,"minecraft:gravel":2,"minecraft:dripstone_block":2,"minecraft:dirt":185,"minecraft:stone_bricks":1,"minecraft:netherrack":2,"minecraft:oak_leaves":7,"minecraft:deepslate":188},"minecraft:picked_up":{"minecraft:crafting_table":6,"minecraft:azure_bluet":1,"minecraft:chicken":2,"minecraft:wooden_pickaxe":1,"minecraft:gold_block":5,"minecraft:stone_brick_stairs":5,"minecraft:cornflower":1,"minecraft:string":4,"minecraft:cobbled_deepslate":202,"minecraft:beef":11,"minecraft:poppy":8,"minecraft:sugar_cane":10,"minecraft:chest":1,"minecraft:furnace":2,"minecraft:raw_iron":23,"minecraft:stick":12,"minecraft:composter":2,"minecraft:torch":7,"minecraft:porkchop":52,"minecraft:pointed_dripstone":10,"minecraft:diorite":2,"minecraft:stone_shovel":1,"minecraft:arrow":5,"minecraft:rotten_flesh":17,"minecraft:beetroot_seeds":2,"minecraft:hay_block":29,"minecraft:mutton":2,"minecraft:iron_bars":2,"minecraft:cobblestone":508,"minecraft:white_wool":10,"minecraft:oxeye_daisy":3,"minecraft:magma_block":2,"minecraft:feather":2,"minecraft:birch_slab":2,"minecraft:water_bucket":1,"minecraft:andesite":14,"minecraft:leather":7,"minecraft:potato":76,"minecraft:birch_planks":16,"minecraft:flint":1,"minecraft:tuff":25,"minecraft:oak_log":29,"minecraft:yellow_bed":8,"minecraft:gunpowder":1,"minecraft:wooden_hoe":1,"minecraft:dirt":855,"minecraft:bone":5,"minecraft:stone_bricks":2,"minecraft:wheat_seeds":43,"minecraft:bell":3,"minecraft:stone_pickaxe":1,"minecraft:iron_ingot":10,"minecraft:stone_hoe":1,"minecraft:oak_planks":42,"minecraft:oak_slab":7,"minecraft:chiseled_stone_bricks":1,"minecraft:dandelion":16,"minecraft:gravel":2,"minecraft:dripstone_block":5,"minecraft:sand":16,"minecraft:blast_furnace":13,"minecraft:white_bed":4,"minecraft:mossy_stone_brick_slab":6,"minecraft:stone_axe":2,"minecraft:diamond":3,"minecraft:granite":17,"minecraft:netherrack":6,"minecraft:coal":49},"minecraft:dropped":{"minecraft:stone_hoe":1,"minecraft:iron_ingot":3,"minecraft:birch_planks":3,"minecraft:wheat_seeds":27,"minecraft:cooked_beef":2,"minecraft:birch_slab":2,"minecraft:stick":12,"minecraft:flint":1,"minecraft:oxeye_daisy":3,"minecraft:dirt":2,"minecraft:wooden_hoe":2,"minecraft:cornflower":1,"minecraft:white_wool":4,"minecraft:dandelion":15,"minecraft:gravel":2,"minecraft:stone_axe":2,"minecraft:cobbled_deepslate":3,"minecraft:tuff":13,"minecraft:stone_shovel":1,"minecraft:raw_iron":20,"minecraft:rotten_flesh":18,"minecraft:oak_planks":4,"minecraft:mossy_stone_brick_slab":6,"minecraft:azure_bluet":1,"minecraft:poppy":8,"minecraft:potato":2,"minecraft:beetroot_seeds":2,"minecraft:andesite":4,"minecraft:stone_bricks":1,"minecraft:wooden_pickaxe":3,"minecraft:stone_pickaxe":3,"minecraft:magma_block":2,"minecraft:stone_brick_stairs":3,"minecraft:netherrack":4},"minecraft:crafted":{"minecraft:oak_planks":116,"minecraft:stone_shovel":5,"minecraft:tripwire_hook":2,"minecraft:furnace":1,"minecraft:bone_meal":36,"minecraft:lever":1,"minecraft:oak_trapdoor":4,"minecraft:iron_axe":2,"minecraft:stone_pickaxe":4,"minecraft:chest":1,"minecraft:stone_hoe":1,"minecraft:wheat":261,"minecraft:cooked_beef":25,"minecraft:cooked_porkchop":36,"minecraft:crafting_table":2,"minecraft:wooden_pickaxe":1,"minecraft:stone_axe":2,"minecraft:bread":87,"minecraft:air":0,"minecraft:wooden_hoe":1,"minecraft:stick":36,"minecraft:iron_ingot":10,"minecraft:iron_pickaxe":2,"minecraft:iron_shovel":1,"minecraft:white_bed":3,"minecraft:torch":4,"minecraft:shears":1}},"DataVersion":3337}