{"stats":{"minecraft:used":{"minecraft:iron_bars":2,"minecraft:stone_pickaxe":40,"minecraft:iron_pickaxe":7,"minecraft:wooden_pickaxe":3,"minecraft:stone_bricks":1,"minecraft:chiseled_stone_bricks":1,"minecraft:stone_axe":39,"minecraft:dirt":4,"minecraft:cobblestone":12,"minecraft:crafting_table":2,"minecraft:furnace":2,"minecraft:cooked_porkchop":2},"minecraft:custom":{"minecraft:time_since_rest":12396,"minecraft:interact_with_furnace":12,"minecraft:sprint_one_cm":38357,"minecraft:damage_taken":76,"minecraft:walk_one_cm":16859,"minecraft:mob_kills":17,"minecraft:drop":2,"minecraft:damage_dealt":1600,"minecraft:interact_with_crafting_table":10,"minecraft:fly_one_cm":102514,"minecraft:open_chest":2,"minecraft:crouch_one_cm":2283,"minecraft:play_time":12396,"minecraft:sneak_time":687,"minecraft:jump":411,"minecraft:leave_game":1,"minecraft:time_since_death":12396,"minecraft:total_world_time":12396,"minecraft:fall_one_cm":14434},"minecraft:killed":{"minecraft:sheep":2,"minecraft:pig":13,"minecraft:chicken":1,"minecraft:cow":1},"minecraft:mined":{"minecraft:furnace":2,"minecraft:iron_ore":3,"minecraft:gold_block":2,"minecraft:crafting_table":2,"minecraft:grass":5,"minecraft:grass_block":2,"minecraft:oak_log":11,"minecraft:coal_ore":13,"minecraft:iron_bars":2,"minecraft:dirt":2,"minecraft:tall_grass":1,"minecraft:stone_bricks":1,"minecraft:stone":26,"minecraft:oak_leaves":3,"minecraft:chiseled_stone_bricks":1},"minecraft:dropped":{"minecraft:wooden_pickaxe":2},"minecraft:picked_up":{"minecraft:raw_iron":3,"minecraft:crafting_table":2,"minecraft:chicken":1,"minecraft:chiseled_stone_bricks":1,"minecraft:leather":2,"minecraft:wooden_pickaxe":1,"minecraft:gold_block":2,"minecraft:porkchop":41,"minecraft:oak_log":11,"minecraft:dirt":4,"minecraft:stone_bricks":1,"minecraft:beef":2,"minecraft:iron_bars":2,"minecraft:mutton":2,"minecraft:coal":36,"minecraft:white_wool":2,"minecraft:cobblestone":26,"minecraft:furnace":2},"minecraft:crafted":{"minecraft:oak_planks":44,"minecraft:cooked_porkchop":7,"minecraft:crafting_table":1,"minecraft:stick":8,"minecraft:iron_pickaxe":1,"minecraft:iron_ingot":3,"minecraft:wooden_pickaxe":1,"minecraft:stone_pickaxe":1,"minecraft:furnace":1,"minecraft:stone_axe":1,"minecraft:air":0}},"DataVersion":3337}