{"stats":{"minecraft:killed":{"minecraft:spider":6,"minecraft:shulker":12,"minecraft:skeleton":12,"minecraft:chicken":2,"minecraft:silverfish":2,"minecraft:cat":1,"minecraft:magma_cube":1,"minecraft:piglin":5,"minecraft:pig":3,"minecraft:zombie_villager":1,"minecraft:iron_golem":13,"minecraft:creeper":3,"minecraft:sheep":1,"minecraft:zombie":20,"minecraft:cow":10,"minecraft:villager":12,"minecraft:enderman":15},"minecraft:dropped":{"minecraft:iron_sword":3,"minecraft:soul_sand":83,"minecraft:birch_planks":1,"minecraft:lapis_lazuli":56,"minecraft:cooked_beef":3,"minecraft:chorus_fruit":32,"minecraft:ender_pearl":1,"minecraft:crafting_table":2,"minecraft:fletching_table":1,"minecraft:cracked_stone_bricks":7,"minecraft:purpur_stairs":1,"minecraft:emerald":1,"minecraft:flint":2,"minecraft:cobblestone_stairs":3,"minecraft:dirt":319,"minecraft:large_fern":3,"minecraft:cornflower":63,"minecraft:gold_nugget":8,"minecraft:iron_pickaxe":4,"minecraft:stripped_oak_wood":2,"minecraft:white_wool":64,"minecraft:blue_bed":1,"minecraft:gold_ingot":2,"minecraft:bone":12,"minecraft:gravel":24,"minecraft:stone_axe":6,"minecraft:blackstone":1,"minecraft:sugar_cane":2,"minecraft:lever":1,"minecraft:cobbled_deepslate":4,"minecraft:wheat":19,"minecraft:birch_sapling":10,"minecraft:obsidian":2,"minecraft:pointed_dripstone":5,"minecraft:beetroot":9,"minecraft:rotten_flesh":37,"minecraft:grindstone":2,"minecraft:oak_planks":3,"minecraft:end_stone":3,"minecraft:azure_bluet":4,"minecraft:white_bed":2,"minecraft:poppy":30,"minecraft:beetroot_seeds":23,"minecraft:glowstone":1,"minecraft:chest":3,"minecraft:chainmail_boots":25,"minecraft:basalt":2,"minecraft:glass":3,"minecraft:arrow":9,"minecraft:iron_bars":21,"minecraft:end_stone_bricks":2,"minecraft:netherrack":25,"minecraft:lectern":2,"minecraft:stone_hoe":3,"minecraft:iron_ingot":2,"minecraft:bread":3,"minecraft:wheat_seeds":142,"minecraft:golden_helmet":1,"minecraft:mossy_cobblestone":6,"minecraft:poisonous_potato":2,"minecraft:book":3,"minecraft:lead":1,"minecraft:iron_helmet":1,"minecraft:oak_fence":3,"minecraft:feather":10,"minecraft:cobblestone":22,"minecraft:granite":17,"minecraft:chainmail_helmet":23,"minecraft:coal":6,"minecraft:stick":16,"minecraft:oxeye_daisy":1,"minecraft:gray_wool":2,"minecraft:diorite":20,"minecraft:torch":8,"minecraft:iron_door":1,"minecraft:iron_leggings":6,"minecraft:iron_axe":2,"minecraft:paper":29,"minecraft:iron_shovel":1,"minecraft:chainmail_leggings":9,"minecraft:string":4960,"minecraft:dandelion":14,"minecraft:redstone":93,"minecraft:furnace":2,"minecraft:stone_sword":3,"minecraft:raw_copper":4,"minecraft:diamond_hoe":1,"minecraft:tuff":14,"minecraft:light_gray_wool":1,"minecraft:iron_boots":18,"minecraft:ender_eye":1,"minecraft:nether_bricks":3,"minecraft:flint_and_steel":1,"minecraft:potato":18,"minecraft:cobblestone_slab":2,"minecraft:spruce_boat":1,"minecraft:peony":3,"minecraft:spruce_planks":1,"minecraft:iron_chestplate":3,"minecraft:diamond_pickaxe":2,"minecraft:purple_bed":1,"minecraft:andesite":5,"minecraft:mossy_stone_bricks":10,"minecraft:yellow_bed":4,"minecraft:oak_sapling":7,"minecraft:spider_eye":3,"minecraft:stone_bricks":11,"minecraft:diamond_boots":1,"minecraft:bow":2,"minecraft:stone_pickaxe":3,"minecraft:wooden_pickaxe":1,"minecraft:black_wool":1},"minecraft:mined":{"minecraft:dragon_wall_head":1,"minecraft:spruce_planks":44,"minecraft:white_bed":12,"minecraft:cobblestone_stairs":7,"minecraft:sculk_vein":90,"minecraft:brewing_stand":15,"minecraft:obsidian":14,"minecraft:granite":1,"minecraft:grass_block":318,"minecraft:composter":4,"minecraft:nether_wart":1,"minecraft:magma_block":16,"minecraft:sculk_catalyst":1,"minecraft:iron_ore":40,"minecraft:barrel":10,"minecraft:cobbled_deepslate":5,"minecraft:fire":43,"minecraft:fletching_table":2,"minecraft:dirt_path":107,"minecraft:oak_stairs":51,"minecraft:iron_bars":7,"minecraft:end_stone_bricks":2,"minecraft:tripwire":25,"minecraft:deepslate_redstone_ore":13,"minecraft:blackstone":312,"minecraft:smoker":1,"minecraft:purpur_stairs":1,"minecraft:torch":8,"minecraft:blast_furnace":7,"minecraft:poppy":1,"minecraft:chest":4,"minecraft:cobblestone":206,"minecraft:nether_quartz_ore":149,"minecraft:oak_planks":38,"minecraft:grindstone":2,"minecraft:sugar_cane":195,"minecraft:iron_door":1,"minecraft:wall_torch":4,"minecraft:birch_log":100,"minecraft:wheat":28,"minecraft:birch_trapdoor":1,"minecraft:stripped_oak_wood":1,"minecraft:grass":39,"minecraft:oak_log":81,"minecraft:beetroots":5,"minecraft:oak_fence_gate":2,"minecraft:loom":1,"minecraft:sand":76,"minecraft:dirt":662,"minecraft:tripwire_hook":1,"minecraft:ancient_debris":7,"minecraft:netherrack":5803,"minecraft:oak_leaves":20,"minecraft:deepslate":99,"minecraft:nether_gold_ore":27,"minecraft:tuff":17,"minecraft:mossy_cobblestone":3,"minecraft:deepslate_diamond_ore":12,"minecraft:shulker_box":1,"minecraft:end_stone":224,"minecraft:nether_bricks":2,"minecraft:lever":1,"minecraft:spruce_leaves":21,"minecraft:large_fern":1,"minecraft:hay_block":3,"minecraft:redstone_ore":3,"minecraft:furnace":2,"minecraft:carrots":15,"minecraft:andesite":5,"minecraft:bell":4,"minecraft:bookshelf":98,"minecraft:potatoes":16,"minecraft:deepslate_iron_ore":36,"minecraft:cobblestone_slab":69,"minecraft:stripped_oak_log":4,"minecraft:chorus_plant":6,"minecraft:stone":945,"minecraft:white_wool":6,"minecraft:smithing_table":1,"minecraft:glass_pane":3,"minecraft:infested_stone_bricks":2,"minecraft:basalt":595,"minecraft:oak_fence":4,"minecraft:crafting_table":2,"minecraft:cornflower":17,"minecraft:emerald_ore":4,"minecraft:sculk_sensor":5,"minecraft:lectern":331,"minecraft:copper_ore":1,"minecraft:tall_grass":4,"minecraft:deepslate_gold_ore":4,"minecraft:sculk":940,"minecraft:diorite":20,"minecraft:blue_bed":1,"minecraft:purple_bed":5,"minecraft:birch_planks":24,"minecraft:sweet_berry_bush":25,"minecraft:birch_leaves":14,"minecraft:spruce_log":6,"minecraft:yellow_bed":14,"minecraft:coal_ore":47,"minecraft:end_rod":1,"minecraft:gravel":172,"minecraft:cobweb":6,"minecraft:cracked_stone_bricks":4,"minecraft:stone_bricks":42,"minecraft:mossy_stone_bricks":8,"minecraft:fern":4},"minecraft:picked_up":{"minecraft:iron_chestplate":1,"minecraft:wheat":37,"minecraft:chainmail_boots":12,"minecraft:smithing_table":1,"minecraft:lead":1,"minecraft:oak_stairs":51,"minecraft:enchanted_book":1,"minecraft:brewing_stand":15,"minecraft:string":38007,"minecraft:raw_copper":4,"minecraft:iron_leggings":9,"minecraft:netherite_ingot":1,"minecraft:beetroot":9,"minecraft:gold_nugget":70,"minecraft:cobbled_deepslate":237,"minecraft:spruce_planks":41,"minecraft:cobblestone_slab":87,"minecraft:ender_eye":21,"minecraft:iron_pickaxe":3,"minecraft:iron_boots":11,"minecraft:furnace":3,"minecraft:stick":29,"minecraft:composter":4,"minecraft:birch_trapdoor":1,"minecraft:oak_fence":4,"minecraft:torch":42,"minecraft:porkchop":9,"minecraft:diorite":20,"minecraft:pointed_dripstone":10,"minecraft:music_disc_pigstep":1,"minecraft:rotten_flesh":28,"minecraft:end_rod":1,"minecraft:blaze_rod":1,"minecraft:obsidian":15,"minecraft:iron_bars":21,"minecraft:cobblestone":1290,"minecraft:birch_log":100,"minecraft:magma_block":16,"minecraft:feather":15,"minecraft:cooked_beef":5,"minecraft:iron_door":1,"minecraft:water_bucket":3,"minecraft:andesite":5,"minecraft:smoker":1,"minecraft:potato":134,"minecraft:flint":14,"minecraft:tuff":23,"minecraft:lapis_lazuli":73,"minecraft:dirt":2451,"minecraft:glass":3,"minecraft:bone":21,"minecraft:bow":2,"minecraft:wheat_seeds":129,"minecraft:raw_gold":7,"minecraft:bell":3,"minecraft:grindstone":4,"minecraft:mossy_stone_bricks":10,"minecraft:fletching_table":2,"minecraft:stone_hoe":2,"minecraft:oak_planks":102,"minecraft:cooked_porkchop":3,"minecraft:poisonous_potato":2,"minecraft:sand":79,"minecraft:loom":1,"minecraft:shulker_box":1,"minecraft:barrel":10,"minecraft:mossy_cobblestone":6,"minecraft:diamond":117,"minecraft:spruce_boat":1,"minecraft:lever":2,"minecraft:crossbow":1,"minecraft:granite":11,"minecraft:chainmail_helmet":11,"minecraft:emerald":398,"minecraft:bread":355,"minecraft:oak_sapling":11,"minecraft:netherrack":1249,"minecraft:chorus_fruit":61,"minecraft:diamond_pickaxe":2,"minecraft:end_stone_bricks":2,"minecraft:crafting_table":4,"minecraft:azure_bluet":4,"minecraft:chicken":2,"minecraft:nether_wart":3,"minecraft:dragon_head":1,"minecraft:cornflower":62,"minecraft:elytra":1,"minecraft:iron_axe":3,"minecraft:large_fern":2,"minecraft:flint_and_steel":1,"minecraft:iron_shovel":2,"minecraft:blackstone":229,"minecraft:cracked_stone_bricks":7,"minecraft:beef":20,"minecraft:poppy":29,"minecraft:light_gray_wool":1,"minecraft:lectern":326,"minecraft:sugar_cane":445,"minecraft:chest":4,"minecraft:birch_sapling":10,"minecraft:diamond_hoe":1,"minecraft:raw_iron":169,"minecraft:end_stone":225,"minecraft:oak_door":1,"minecraft:carrot":53,"minecraft:redstone":89,"minecraft:arrow":20,"minecraft:beetroot_seeds":23,"minecraft:peony":2,"minecraft:nether_bricks":2,"minecraft:shears":1,"minecraft:hay_block":3,"minecraft:gold_ingot":2,"minecraft:white_wool":66,"minecraft:stripped_oak_log":4,"minecraft:basalt":475,"minecraft:tripwire_hook":1,"minecraft:leather":16,"minecraft:birch_planks":56,"minecraft:purpur_stairs":1,"minecraft:oak_log":81,"minecraft:ancient_debris":7,"minecraft:yellow_bed":20,"minecraft:gunpowder":5,"minecraft:cobblestone_stairs":7,"minecraft:blue_bed":1,"minecraft:paper":14,"minecraft:stone_bricks":50,"minecraft:iron_ingot":100,"minecraft:oak_fence_gate":2,"minecraft:stone_pickaxe":1,"minecraft:stripped_oak_wood":2,"minecraft:glass_bottle":1,"minecraft:iron_sword":5,"minecraft:soul_sand":83,"minecraft:book":300,"minecraft:oak_slab":8,"minecraft:birch_boat":2,"minecraft:sweet_berries":57,"minecraft:quartz":72,"minecraft:dandelion":14,"minecraft:gravel":109,"minecraft:blast_furnace":7,"minecraft:white_bed":12,"minecraft:spruce_log":6,"minecraft:spider_eye":3,"minecraft:purple_bed":6,"minecraft:stone_axe":5,"minecraft:chainmail_leggings":5,"minecraft:hopper":5,"minecraft:coal":83,"minecraft:ender_pearl":10,"minecraft:shulker_shell":4},"minecraft:custom":{"minecraft:interact_with_crafting_table":224,"minecraft:open_barrel":81,"minecraft:open_shulker_box":31,"minecraft:bell_ring":420,"minecraft:leave_game":32,"minecraft:time_since_death":517187,"minecraft:sprint_one_cm":2589804,"minecraft:drop":545,"minecraft:talked_to_villager":1055,"minecraft:play_time":776457,"minecraft:deaths":4,"minecraft:jump":16509,"minecraft:interact_with_brewingstand":9,"minecraft:walk_on_water_one_cm":240668,"minecraft:interact_with_furnace":82,"minecraft:play_record":1,"minecraft:traded_with_villager":1609,"minecraft:interact_with_loom":1,"minecraft:sleep_in_bed":46,"minecraft:open_enderchest":33,"minecraft:damage_dealt":35655,"minecraft:player_kills":5,"minecraft:crouch_one_cm":129253,"minecraft:interact_with_smithing_table":4,"minecraft:interact_with_anvil":34,"minecraft:mob_kills":128,"minecraft:inspect_hopper":36,"minecraft:climb_one_cm":2406,"minecraft:walk_one_cm":1971203,"minecraft:sneak_time":29138,"minecraft:walk_under_water_one_cm":34909,"minecraft:interact_with_blast_furnace":18,"minecraft:total_world_time":776457,"minecraft:interact_with_grindstone":7,"minecraft:time_since_rest":113674,"minecraft:damage_taken":12911,"minecraft:swim_one_cm":58111,"minecraft:fly_one_cm":3627072,"minecraft:open_chest":647,"minecraft:aviate_one_cm":264186,"minecraft:fall_one_cm":314669},"minecraft:broken":{"minecraft:iron_shovel":1,"minecraft:diamond_helmet":1,"minecraft:stone_pickaxe":1,"minecraft:iron_pickaxe":1},"minecraft:used":{"minecraft:iron_shovel":396,"minecraft:elytra":10,"minecraft:diamond_hoe":1046,"minecraft:chest":14,"minecraft:iron_sword":99,"minecraft:bell":2,"minecraft:carrot":53,"minecraft:tuff":8,"minecraft:obsidian":12,"minecraft:glass":1,"minecraft:lava_bucket":8,"minecraft:music_disc_pigstep":1,"minecraft:stone_bricks":39,"minecraft:birch_trapdoor":7,"minecraft:bow":238,"minecraft:sweet_berries":61,"minecraft:oak_sapling":4,"minecraft:furnace":3,"minecraft:egg":3,"minecraft:potato":108,"minecraft:chorus_fruit":29,"minecraft:stone_pickaxe":202,"minecraft:oak_planks":17,"minecraft:blackstone":18,"minecraft:ender_pearl":9,"minecraft:wooden_pickaxe":3,"minecraft:composter":2,"minecraft:diamond_axe":703,"minecraft:sugar_cane":83,"minecraft:white_wool":174,"minecraft:sand":3,"minecraft:blast_furnace":7,"minecraft:crossbow":1,"minecraft:end_stone":184,"minecraft:shears":8,"minecraft:lever":2,"minecraft:firework_rocket":15,"minecraft:string":20,"minecraft:bread":310,"minecraft:lectern":331,"minecraft:gravel":5,"minecraft:diamond_sword":459,"minecraft:grindstone":1,"minecraft:smithing_table":1,"minecraft:oak_fence":1,"minecraft:stone_sword":137,"minecraft:flint_and_steel":43,"minecraft:spruce_planks":21,"minecraft:ender_chest":1,"minecraft:stone_hoe":119,"minecraft:netherrack":485,"minecraft:torch":29,"minecraft:brewing_stand":15,"minecraft:dirt":614,"minecraft:anvil":4,"minecraft:hopper":2,"minecraft:shulker_box":2,"minecraft:oak_fence_gate":4,"minecraft:bookshelf":9,"minecraft:iron_axe":19,"minecraft:iron_boots":1,"minecraft:barrel":14,"minecraft:tripwire_hook":3,"minecraft:basalt":360,"minecraft:glowstone":4,"minecraft:netherite_pickaxe":6776,"minecraft:cobbled_deepslate":109,"minecraft:water_bucket":154,"minecraft:birch_planks":1,"minecraft:glass_bottle":1,"minecraft:netherite_chestplate":11,"minecraft:fletching_table":1,"minecraft:cobblestone_slab":106,"minecraft:crafting_table":5,"minecraft:white_bed":31,"minecraft:ender_eye":12,"minecraft:diamond_pickaxe":1531,"minecraft:diamond_shovel":845,"minecraft:iron_pickaxe":323,"minecraft:stone_axe":142,"minecraft:cobblestone":331,"minecraft:purple_bed":4,"minecraft:bucket":166,"minecraft:yellow_bed":15},"minecraft:killed_by":{"minecraft:player":3,"minecraft:hoglin":1},"minecraft:crafted":{"minecraft:ender_chest":1,"minecraft:oak_planks":420,"minecraft:chainmail_helmet":12,"minecraft:cobblestone_slab":318,"minecraft:barrel":4,"minecraft:lever":1,"minecraft:diamond_shovel":2,"minecraft:bookshelf":17,"minecraft:shulker_box":2,"minecraft:cooked_mutton":6,"minecraft:glass":82,"minecraft:hopper":6,"minecraft:diamond_helmet":2,"minecraft:bow":2,"minecraft:diamond_leggings":2,"minecraft:iron_boots":24,"minecraft:chest":32,"minecraft:stone_hoe":3,"minecraft:glass_bottle":3,"minecraft:oak_slab":84,"minecraft:emerald":2121,"minecraft:diamond_axe":2,"minecraft:crafting_table":4,"minecraft:spruce_planks":36,"minecraft:wooden_pickaxe":1,"minecraft:brewing_stand":1,"minecraft:birch_planks":144,"minecraft:lectern":8,"minecraft:book":13,"minecraft:paper":78,"minecraft:diamond_pickaxe":3,"minecraft:emerald_block":102,"minecraft:stick":52,"minecraft:iron_ingot":143,"minecraft:iron_pickaxe":1,"minecraft:iron_block":12,"minecraft:stone_sword":1,"minecraft:gold_ingot":7,"minecraft:netherite_ingot":2,"minecraft:shears":1,"minecraft:redstone":208,"minecraft:tripwire_hook":2,"minecraft:iron_nugget":1,"minecraft:diamond_hoe":9,"minecraft:furnace":1,"minecraft:flint_and_steel":2,"minecraft:netherite_leggings":1,"minecraft:spruce_slab":6,"minecraft:stone_pickaxe":2,"minecraft:diamond_boots":2,"minecraft:netherite_scrap":8,"minecraft:chainmail_leggings":4,"minecraft:birch_sign":9,"minecraft:wheat":27,"minecraft:cooked_beef":7,"minecraft:netherite_pickaxe":1,"minecraft:diamond_sword":1,"minecraft:bucket":3,"minecraft:stone_axe":48,"minecraft:enchanted_book":25,"minecraft:air":0,"minecraft:bread":261,"minecraft:oak_fence_gate":2,"minecraft:white_wool":370,"minecraft:chainmail_boots":12,"minecraft:birch_trapdoor":6,"minecraft:iron_shovel":1,"minecraft:anvil":4,"minecraft:white_bed":28,"minecraft:torch":4,"minecraft:blackstone_slab":6,"minecraft:lapis_lazuli":108,"minecraft:diamond_chestplate":2,"minecraft:firework_rocket":15}},"DataVersion":3337}