{"stats":{"minecraft:used":{"minecraft:water_bucket":26,"minecraft:stone_sword":96,"minecraft:iron_shovel":23,"minecraft:stone_pickaxe":47,"minecraft:chest":2,"minecraft:spruce_planks":7,"minecraft:wooden_pickaxe":3,"minecraft:dirt":12,"minecraft:crafting_table":2,"minecraft:lava_bucket":8,"minecraft:bread":3,"minecraft:stone_axe":12,"minecraft:cobblestone":19,"minecraft:sweet_berries":61,"minecraft:bucket":34},"minecraft:custom":{"minecraft:mob_kills":15,"minecraft:interact_with_crafting_table":7,"minecraft:interact_with_loom":1,"minecraft:leave_game":2,"minecraft:time_since_death":43283,"minecraft:sleep_in_bed":2,"minecraft:climb_one_cm":230,"minecraft:time_since_rest":7716,"minecraft:sprint_one_cm":235995,"minecraft:damage_taken":350,"minecraft:walk_one_cm":71180,"minecraft:drop":8,"minecraft:damage_dealt":2564,"minecraft:swim_one_cm":14733,"minecraft:fly_one_cm":389615,"minecraft:open_chest":14,"minecraft:crouch_one_cm":2964,"minecraft:play_time":43283,"minecraft:sneak_time":1327,"minecraft:walk_under_water_one_cm":8217,"minecraft:jump":1796,"minecraft:walk_on_water_one_cm":9580,"minecraft:total_world_time":43283,"minecraft:fall_one_cm":49717},"minecraft:killed":{"minecraft:pig":3,"minecraft:spider":1,"minecraft:iron_golem":1,"minecraft:zombie":2,"minecraft:chicken":2,"minecraft:cow":6},"minecraft:mined":{"minecraft:smithing_table":1,"minecraft:white_bed":2,"minecraft:smoker":1,"minecraft:brewing_stand":1,"minecraft:crafting_table":1,"minecraft:blast_furnace":1,"minecraft:grass_block":5,"minecraft:tall_grass":1,"minecraft:cobblestone":6,"minecraft:composter":4,"minecraft:spruce_leaves":12,"minecraft:grindstone":2,"minecraft:sugar_cane":18,"minecraft:large_fern":1,"minecraft:hay_block":3,"minecraft:purple_bed":1,"minecraft:iron_ore":1,"minecraft:sweet_berry_bush":25,"minecraft:spruce_log":6,"minecraft:birch_leaves":1,"minecraft:fletching_table":1,"minecraft:yellow_bed":4,"minecraft:bell":1,"minecraft:grass":2,"minecraft:coal_ore":3,"minecraft:dirt_path":5,"minecraft:gravel":18,"minecraft:dirt":5,"minecraft:loom":1,"minecraft:stone":24,"minecraft:oak_leaves":2,"minecraft:fern":4},"minecraft:picked_up":{"minecraft:crafting_table":1,"minecraft:feather":8,"minecraft:chicken":2,"minecraft:leather":9,"minecraft:smithing_table":1,"minecraft:smoker":1,"minecraft:flint":1,"minecraft:brewing_stand":1,"minecraft:yellow_bed":4,"minecraft:dirt":14,"minecraft:bell":1,"minecraft:beef":13,"minecraft:grindstone":2,"minecraft:iron_ingot":7,"minecraft:poppy":2,"minecraft:fletching_table":1,"minecraft:sugar_cane":43,"minecraft:raw_iron":1,"minecraft:sweet_berries":57,"minecraft:composter":4,"minecraft:gravel":17,"minecraft:porkchop":5,"minecraft:blast_furnace":1,"minecraft:spruce_log":6,"minecraft:white_bed":2,"minecraft:loom":1,"minecraft:purple_bed":2,"minecraft:hay_block":3,"minecraft:oak_sapling":2,"minecraft:coal":3,"minecraft:cobblestone":34},"minecraft:dropped":{"minecraft:gravel":17,"minecraft:iron_ingot":2,"minecraft:feather":4,"minecraft:cobblestone":4,"minecraft:purple_bed":1,"minecraft:oak_sapling":2,"minecraft:wooden_pickaxe":1},"minecraft:crafted":{"minecraft:crafting_table":1,"minecraft:spruce_planks":36,"minecraft:wooden_pickaxe":1,"minecraft:bucket":1,"minecraft:stone_axe":1,"minecraft:bread":9,"minecraft:stick":8,"minecraft:stone_pickaxe":1,"minecraft:stone_sword":1,"minecraft:chest":2,"minecraft:wheat":27}},"DataVersion":3337}