{"stats":{"minecraft:broken":{"minecraft:stone_axe":1,"minecraft:stone_shovel":1},"minecraft:used":{"minecraft:iron_bars":2,"minecraft:stone_shovel":140,"minecraft:stone_pickaxe":40,"minecraft:oak_planks":4,"minecraft:wooden_pickaxe":3,"minecraft:white_wool":2,"minecraft:dirt":123,"minecraft:crafting_table":5,"minecraft:wooden_hoe":30,"minecraft:iron_axe":4,"minecraft:bread":2,"minecraft:iron_pickaxe":12,"minecraft:stone_bricks":1,"minecraft:stone_axe":76,"minecraft:chiseled_stone_bricks":1,"minecraft:cobblestone":12,"minecraft:furnace":3,"minecraft:cooked_porkchop":6},"minecraft:custom":{"minecraft:interact_with_furnace":14,"minecraft:mob_kills":28,"minecraft:interact_with_crafting_table":17,"minecraft:leave_game":1,"minecraft:time_since_death":28731,"minecraft:time_since_rest":28731,"minecraft:sprint_one_cm":138919,"minecraft:damage_taken":246,"minecraft:walk_one_cm":56277,"minecraft:drop":4,"minecraft:damage_dealt":3590,"minecraft:swim_one_cm":3174,"minecraft:fly_one_cm":268912,"minecraft:open_chest":5,"minecraft:crouch_one_cm":4144,"minecraft:play_time":28731,"minecraft:sneak_time":1400,"minecraft:walk_under_water_one_cm":201,"minecraft:jump":1046,"minecraft:walk_on_water_one_cm":507,"minecraft:total_world_time":28731,"minecraft:fall_one_cm":30046},"minecraft:killed":{"minecraft:pig":18,"minecraft:iron_golem":1,"minecraft:sheep":2,"minecraft:chicken":1,"minecraft:cow":6},"minecraft:mined":{"minecraft:white_bed":1,"minecraft:crafting_table":4,"minecraft:blast_furnace":2,"minecraft:grass_block":130,"minecraft:tall_grass":3,"minecraft:cobblestone":1,"minecraft:oak_planks":4,"minecraft:chiseled_stone_bricks":1,"minecraft:hay_block":29,"minecraft:furnace":2,"minecraft:iron_ore":3,"minecraft:yellow_bed":4,"minecraft:gold_block":2,"minecraft:grass":55,"minecraft:coal_ore":13,"minecraft:oak_log":11,"minecraft:iron_bars":2,"minecraft:dirt":7,"minecraft:stone_bricks":1,"minecraft:stone":26,"minecraft:oak_leaves":4},"minecraft:dropped":{"minecraft:poppy":4,"minecraft:wooden_pickaxe":2},"minecraft:picked_up":{"minecraft:crafting_table":4,"minecraft:chicken":1,"minecraft:leather":7,"minecraft:wooden_pickaxe":1,"minecraft:gold_block":2,"minecraft:oak_log":11,"minecraft:yellow_bed":4,"minecraft:dirt":137,"minecraft:stone_bricks":1,"minecraft:wheat_seeds":5,"minecraft:iron_ingot":3,"minecraft:beef":11,"minecraft:poppy":4,"minecraft:oak_planks":4,"minecraft:furnace":2,"minecraft:raw_iron":3,"minecraft:chiseled_stone_bricks":1,"minecraft:dandelion":2,"minecraft:porkchop":48,"minecraft:blast_furnace":2,"minecraft:white_bed":1,"minecraft:hay_block":29,"minecraft:coal":36,"minecraft:mutton":2,"minecraft:iron_bars":2,"minecraft:white_wool":2,"minecraft:cobblestone":27,"minecraft:oxeye_daisy":1},"minecraft:crafted":{"minecraft:oak_planks":44,"minecraft:stone_shovel":1,"minecraft:cooked_porkchop":7,"minecraft:crafting_table":1,"minecraft:wooden_pickaxe":1,"minecraft:furnace":1,"minecraft:stone_axe":1,"minecraft:bread":87,"minecraft:air":0,"minecraft:wooden_hoe":1,"minecraft:iron_axe":1,"minecraft:stick":16,"minecraft:iron_ingot":3,"minecraft:iron_pickaxe":1,"minecraft:stone_pickaxe":1,"minecraft:wheat":261}},"DataVersion":3337}