{"stats":{"minecraft:used":{"minecraft:stone_sword":85,"minecraft:stone_pickaxe":25,"minecraft:wooden_pickaxe":3,"minecraft:stone_axe":6,"minecraft:dirt":2,"minecraft:cobblestone":11,"minecraft:sweet_berries":42,"minecraft:crafting_table":1},"minecraft:custom":{"minecraft:time_since_rest":21409,"minecraft:sprint_one_cm":134023,"minecraft:damage_taken":250,"minecraft:walk_one_cm":30034,"minecraft:mob_kills":12,"minecraft:drop":1,"minecraft:damage_dealt":2274,"minecraft:swim_one_cm":5043,"minecraft:interact_with_crafting_table":3,"minecraft:fly_one_cm":217956,"minecraft:open_chest":3,"minecraft:interact_with_loom":1,"minecraft:crouch_one_cm":1066,"minecraft:play_time":21409,"minecraft:sneak_time":869,"minecraft:walk_under_water_one_cm":516,"minecraft:jump":954,"minecraft:walk_on_water_one_cm":4055,"minecraft:leave_game":1,"minecraft:time_since_death":21409,"minecraft:total_world_time":21409,"minecraft:fall_one_cm":28470},"minecraft:killed":{"minecraft:zombie":2,"minecraft:pig":2,"minecraft:chicken":2,"minecraft:spider":1,"minecraft:iron_golem":1,"minecraft:cow":4},"minecraft:mined":{"minecraft:large_fern":1,"minecraft:smithing_table":1,"minecraft:purple_bed":1,"minecraft:smoker":1,"minecraft:sweet_berry_bush":23,"minecraft:spruce_log":6,"minecraft:crafting_table":1,"minecraft:grass":1,"minecraft:grass_block":2,"minecraft:loom":1,"minecraft:cobblestone":4,"minecraft:spruce_leaves":12,"minecraft:grindstone":2,"minecraft:stone":19,"minecraft:composter":2,"minecraft:sugar_cane":18,"minecraft:fern":4},"minecraft:dropped":{"minecraft:wooden_pickaxe":1},"minecraft:picked_up":{"minecraft:crafting_table":1,"minecraft:feather":4,"minecraft:chicken":2,"minecraft:sweet_berries":57,"minecraft:composter":2,"minecraft:leather":7,"minecraft:smithing_table":1,"minecraft:smoker":1,"minecraft:porkchop":4,"minecraft:loom":1,"minecraft:spruce_log":6,"minecraft:dirt":2,"minecraft:purple_bed":1,"minecraft:grindstone":2,"minecraft:iron_ingot":5,"minecraft:beef":11,"minecraft:poppy":2,"minecraft:sugar_cane":43,"minecraft:cobblestone":23},"minecraft:crafted":{"minecraft:crafting_table":1,"minecraft:spruce_planks":24,"minecraft:stick":8,"minecraft:wooden_pickaxe":1,"minecraft:stone_pickaxe":1,"minecraft:stone_sword":1,"minecraft:stone_axe":1}},"DataVersion":3337}