{"stats":{"minecraft:broken":{"minecraft:stone_axe":1,"minecraft:stone_shovel":3},"minecraft:used":{"minecraft:iron_bars":2,"minecraft:stone_shovel":422,"minecraft:stone_pickaxe":40,"minecraft:oak_planks":4,"minecraft:chest":1,"minecraft:wooden_pickaxe":3,"minecraft:white_wool":2,"minecraft:dirt":319,"minecraft:crafting_table":5,"minecraft:white_bed":2,"minecraft:wooden_hoe":30,"minecraft:iron_axe":38,"minecraft:bread":8,"minecraft:iron_pickaxe":15,"minecraft:stone_bricks":1,"minecraft:stone_axe":76,"minecraft:chiseled_stone_bricks":1,"minecraft:cobblestone":12,"minecraft:furnace":3,"minecraft:cooked_porkchop":6},"minecraft:custom":{"minecraft:interact_with_furnace":19,"minecraft:mob_kills":38,"minecraft:interact_with_crafting_table":23,"minecraft:leave_game":1,"minecraft:time_since_death":40731,"minecraft:sleep_in_bed":4,"minecraft:time_since_rest":3304,"minecraft:sprint_one_cm":170652,"minecraft:damage_taken":504,"minecraft:walk_one_cm":106687,"minecraft:drop":22,"minecraft:damage_dealt":5496,"minecraft:swim_one_cm":3174,"minecraft:fly_one_cm":321989,"minecraft:open_chest":10,"minecraft:crouch_one_cm":11776,"minecraft:play_time":40731,"minecraft:sneak_time":2706,"minecraft:walk_under_water_one_cm":1355,"minecraft:jump":1254,"minecraft:walk_on_water_one_cm":825,"minecraft:total_world_time":40731,"minecraft:fall_one_cm":32529},"minecraft:killed":{"minecraft:pig":18,"minecraft:iron_golem":1,"minecraft:sheep":2,"minecraft:zombie":10,"minecraft:chicken":1,"minecraft:cow":6},"minecraft:mined":{"minecraft:white_bed":2,"minecraft:crafting_table":4,"minecraft:blast_furnace":2,"minecraft:grass_block":341,"minecraft:tall_grass":3,"minecraft:cobblestone":4,"minecraft:oak_planks":4,"minecraft:chiseled_stone_bricks":1,"minecraft:hay_block":29,"minecraft:furnace":2,"minecraft:iron_ore":3,"minecraft:yellow_bed":4,"minecraft:gold_block":2,"minecraft:grass":75,"minecraft:coal_ore":13,"minecraft:oak_log":11,"minecraft:iron_bars":2,"minecraft:dirt":59,"minecraft:stone_bricks":1,"minecraft:stone":26,"minecraft:oak_leaves":4},"minecraft:dropped":{"minecraft:wheat_seeds":5,"minecraft:rotten_flesh":12,"minecraft:stick":12,"minecraft:oxeye_daisy":3,"minecraft:poppy":6,"minecraft:wooden_hoe":2,"minecraft:stone_pickaxe":2,"minecraft:wooden_pickaxe":2,"minecraft:dandelion":9},"minecraft:picked_up":{"minecraft:crafting_table":4,"minecraft:chicken":1,"minecraft:leather":7,"minecraft:wooden_pickaxe":1,"minecraft:gold_block":2,"minecraft:oak_log":11,"minecraft:yellow_bed":4,"minecraft:wooden_hoe":1,"minecraft:dirt":441,"minecraft:stone_bricks":1,"minecraft:wheat_seeds":17,"minecraft:stone_pickaxe":1,"minecraft:iron_ingot":3,"minecraft:beef":11,"minecraft:poppy":6,"minecraft:oak_planks":4,"minecraft:furnace":2,"minecraft:stick":12,"minecraft:raw_iron":3,"minecraft:chiseled_stone_bricks":1,"minecraft:dandelion":9,"minecraft:porkchop":48,"minecraft:blast_furnace":2,"minecraft:white_bed":2,"minecraft:rotten_flesh":12,"minecraft:hay_block":29,"minecraft:coal":36,"minecraft:mutton":2,"minecraft:iron_bars":2,"minecraft:white_wool":2,"minecraft:cobblestone":30,"minecraft:oxeye_daisy":3},"minecraft:crafted":{"minecraft:cooked_beef":11,"minecraft:oak_planks":44,"minecraft:stone_shovel":3,"minecraft:cooked_porkchop":35,"minecraft:crafting_table":1,"minecraft:wooden_pickaxe":1,"minecraft:furnace":1,"minecraft:stone_axe":1,"minecraft:bread":87,"minecraft:air":0,"minecraft:wooden_hoe":1,"minecraft:iron_axe":1,"minecraft:stick":24,"minecraft:iron_ingot":3,"minecraft:iron_pickaxe":1,"minecraft:stone_pickaxe":1,"minecraft:chest":1,"minecraft:wheat":261}},"DataVersion":3337}