{"stats":{"minecraft:broken":{"minecraft:stone_axe":1,"minecraft:iron_pickaxe":1,"minecraft:stone_shovel":3},"minecraft:used":{"minecraft:iron_bars":2,"minecraft:stone_pickaxe":40,"minecraft:stone_shovel":471,"minecraft:oak_planks":4,"minecraft:chest":1,"minecraft:wooden_pickaxe":3,"minecraft:composter":2,"minecraft:netherrack":2,"minecraft:white_wool":6,"minecraft:dirt":506,"minecraft:crafting_table":5,"minecraft:white_bed":4,"minecraft:dripstone_block":1,"minecraft:tuff":11,"minecraft:granite":11,"minecraft:wooden_hoe":30,"minecraft:iron_axe":79,"minecraft:bread":45,"minecraft:iron_pickaxe":253,"minecraft:stone_brick_stairs":2,"minecraft:stone_bricks":1,"minecraft:chiseled_stone_bricks":1,"minecraft:stone_axe":76,"minecraft:cobblestone":139,"minecraft:porkchop":2,"minecraft:furnace":3,"minecraft:cooked_porkchop":6,"minecraft:andesite":5,"minecraft:cobbled_deepslate":58,"minecraft:yellow_bed":7,"minecraft:pointed_dripstone":2},"minecraft:custom":{"minecraft:interact_with_furnace":21,"minecraft:mob_kills":47,"minecraft:interact_with_crafting_table":27,"minecraft:leave_game":4,"minecraft:time_since_death":92190,"minecraft:sleep_in_bed":6,"minecraft:time_since_rest":17596,"minecraft:sprint_one_cm":333400,"minecraft:damage_taken":2421,"minecraft:walk_one_cm":224046,"minecraft:drop":31,"minecraft:damage_dealt":7210,"minecraft:swim_one_cm":8760,"minecraft:fly_one_cm":632937,"minecraft:open_chest":23,"minecraft:crouch_one_cm":21746,"minecraft:play_time":92190,"minecraft:sneak_time":5669,"minecraft:walk_under_water_one_cm":2794,"minecraft:jump":2891,"minecraft:walk_on_water_one_cm":3623,"minecraft:total_world_time":92190,"minecraft:fall_one_cm":117625},"minecraft:killed":{"minecraft:pig":19,"minecraft:spider":1,"minecraft:iron_golem":1,"minecraft:creeper":1,"minecraft:sheep":2,"minecraft:skeleton":2,"minecraft:zombie":14,"minecraft:chicken":1,"minecraft:cow":6},"minecraft:mined":{"minecraft:tuff":12,"minecraft:white_bed":4,"minecraft:deepslate_diamond_ore":3,"minecraft:dandelion":3,"minecraft:crafting_table":4,"minecraft:granite":11,"minecraft:blast_furnace":2,"minecraft:grass_block":342,"minecraft:tall_grass":3,"minecraft:cobblestone":20,"minecraft:sugar_cane":3,"minecraft:oak_planks":4,"minecraft:composter":2,"minecraft:diorite":2,"minecraft:chiseled_stone_bricks":1,"minecraft:hay_block":29,"minecraft:furnace":2,"minecraft:iron_ore":3,"minecraft:cobbled_deepslate":14,"minecraft:andesite":5,"minecraft:yellow_bed":8,"minecraft:stone_brick_stairs":1,"minecraft:gold_block":2,"minecraft:bell":1,"minecraft:grass":92,"minecraft:coal_ore":13,"minecraft:pointed_dripstone":2,"minecraft:oak_log":11,"minecraft:iron_bars":2,"minecraft:dripstone_block":1,"minecraft:dirt":124,"minecraft:stone":105,"minecraft:stone_bricks":1,"minecraft:netherrack":1,"minecraft:white_wool":2,"minecraft:oak_leaves":4,"minecraft:deepslate":91},"minecraft:dropped":{"minecraft:wheat_seeds":5,"minecraft:rotten_flesh":15,"minecraft:stick":12,"minecraft:oxeye_daisy":3,"minecraft:poppy":6,"minecraft:dirt":2,"minecraft:wooden_hoe":2,"minecraft:wooden_pickaxe":2,"minecraft:stone_pickaxe":2,"minecraft:stone_brick_stairs":1,"minecraft:netherrack":2,"minecraft:dandelion":14},"minecraft:picked_up":{"minecraft:crafting_table":4,"minecraft:chicken":1,"minecraft:andesite":5,"minecraft:leather":7,"minecraft:wooden_pickaxe":1,"minecraft:gold_block":2,"minecraft:tuff":12,"minecraft:stone_brick_stairs":3,"minecraft:oak_log":11,"minecraft:yellow_bed":8,"minecraft:gunpowder":1,"minecraft:wooden_hoe":1,"minecraft:dirt":508,"minecraft:string":2,"minecraft:bone":3,"minecraft:stone_bricks":1,"minecraft:wheat_seeds":22,"minecraft:cobbled_deepslate":105,"minecraft:bell":1,"minecraft:iron_ingot":3,"minecraft:beef":11,"minecraft:stone_pickaxe":1,"minecraft:poppy":6,"minecraft:sugar_cane":4,"minecraft:oak_planks":4,"minecraft:furnace":2,"minecraft:stick":12,"minecraft:raw_iron":3,"minecraft:composter":2,"minecraft:chiseled_stone_bricks":1,"minecraft:dandelion":14,"minecraft:dripstone_block":4,"minecraft:porkchop":51,"minecraft:pointed_dripstone":8,"minecraft:blast_furnace":2,"minecraft:diorite":2,"minecraft:white_bed":4,"minecraft:arrow":2,"minecraft:rotten_flesh":14,"minecraft:diamond":3,"minecraft:hay_block":29,"minecraft:granite":11,"minecraft:netherrack":4,"minecraft:mutton":2,"minecraft:iron_bars":2,"minecraft:coal":36,"minecraft:white_wool":3,"minecraft:cobblestone":183,"minecraft:oxeye_daisy":3},"minecraft:crafted":{"minecraft:cooked_beef":11,"minecraft:oak_planks":44,"minecraft:stone_shovel":4,"minecraft:cooked_porkchop":35,"minecraft:crafting_table":1,"minecraft:wooden_pickaxe":1,"minecraft:furnace":1,"minecraft:stone_axe":1,"minecraft:bread":87,"minecraft:air":0,"minecraft:wooden_hoe":1,"minecraft:iron_axe":1,"minecraft:stick":24,"minecraft:iron_ingot":3,"minecraft:iron_pickaxe":1,"minecraft:stone_pickaxe":1,"minecraft:chest":1,"minecraft:wheat":261}},"DataVersion":3337}