{"stats":{"minecraft:broken":{"minecraft:stone_axe":1,"minecraft:iron_pickaxe":1,"minecraft:stone_shovel":3},"minecraft:used":{"minecraft:oak_trapdoor":1,"minecraft:iron_bars":2,"minecraft:stone_shovel":489,"minecraft:chest":1,"minecraft:bell":2,"minecraft:netherrack":2,"minecraft:dirt":527,"minecraft:tuff":11,"minecraft:granite":11,"minecraft:iron_axe":79,"minecraft:stone_brick_stairs":2,"minecraft:stone_bricks":1,"minecraft:furnace":3,"minecraft:cobbled_deepslate":58,"minecraft:pointed_dripstone":2,"minecraft:birch_planks":1,"minecraft:stone_pickaxe":141,"minecraft:oak_planks":23,"minecraft:wooden_pickaxe":3,"minecraft:composter":2,"minecraft:white_wool":8,"minecraft:crafting_table":5,"minecraft:white_bed":7,"minecraft:dripstone_block":1,"minecraft:wooden_hoe":30,"minecraft:chicken":1,"minecraft:bread":45,"minecraft:iron_pickaxe":253,"minecraft:stone_axe":117,"minecraft:chiseled_stone_bricks":1,"minecraft:cobblestone":209,"minecraft:cooked_porkchop":14,"minecraft:porkchop":4,"minecraft:andesite":5,"minecraft:yellow_bed":7},"minecraft:custom":{"minecraft:mob_kills":51,"minecraft:interact_with_crafting_table":36,"minecraft:bell_ring":35,"minecraft:leave_game":5,"minecraft:time_since_death":114146,"minecraft:sprint_one_cm":433579,"minecraft:walk_one_cm":287200,"minecraft:drop":36,"minecraft:talked_to_villager":1,"minecraft:play_time":114146,"minecraft:sneak_time":6392,"minecraft:walk_under_water_one_cm":2936,"minecraft:jump":3673,"minecraft:walk_on_water_one_cm":4085,"minecraft:total_world_time":114146,"minecraft:interact_with_furnace":25,"minecraft:sleep_in_bed":6,"minecraft:time_since_rest":39552,"minecraft:damage_taken":2830,"minecraft:damage_dealt":8157,"minecraft:swim_one_cm":26634,"minecraft:fly_one_cm":806057,"minecraft:open_chest":40,"minecraft:crouch_one_cm":23236,"minecraft:fall_one_cm":134956},"minecraft:killed":{"minecraft:spider":1,"minecraft:skeleton":3,"minecraft:chicken":2,"minecraft:pig":20,"minecraft:iron_golem":1,"minecraft:creeper":1,"minecraft:sheep":2,"minecraft:zombie":15,"minecraft:cow":6},"minecraft:mined":{"minecraft:tuff":12,"minecraft:white_bed":4,"minecraft:deepslate_diamond_ore":3,"minecraft:granite":11,"minecraft:grass_block":349,"minecraft:composter":2,"minecraft:chiseled_stone_bricks":1,"minecraft:hay_block":29,"minecraft:furnace":2,"minecraft:iron_ore":3,"minecraft:cobbled_deepslate":14,"minecraft:andesite":5,"minecraft:gold_block":2,"minecraft:bell":3,"minecraft:pointed_dripstone":2,"minecraft:iron_bars":2,"minecraft:stone":105,"minecraft:white_wool":6,"minecraft:dandelion":3,"minecraft:crafting_table":4,"minecraft:blast_furnace":2,"minecraft:tall_grass":4,"minecraft:cobblestone":101,"minecraft:sugar_cane":6,"minecraft:oak_planks":14,"minecraft:diorite":2,"minecraft:birch_planks":1,"minecraft:yellow_bed":8,"minecraft:stone_brick_stairs":2,"minecraft:grass":99,"minecraft:oak_log":25,"minecraft:coal_ore":26,"minecraft:dripstone_block":1,"minecraft:dirt":139,"minecraft:stone_bricks":1,"minecraft:netherrack":2,"minecraft:oak_leaves":6,"minecraft:deepslate":91},"minecraft:dropped":{"minecraft:wheat_seeds":5,"minecraft:stick":12,"minecraft:oxeye_daisy":3,"minecraft:dirt":2,"minecraft:wooden_hoe":2,"minecraft:white_wool":3,"minecraft:dandelion":14,"minecraft:rotten_flesh":15,"minecraft:poppy":6,"minecraft:wooden_pickaxe":2,"minecraft:stone_pickaxe":2,"minecraft:stone_brick_stairs":3,"minecraft:netherrack":2},"minecraft:picked_up":{"minecraft:crafting_table":4,"minecraft:chicken":2,"minecraft:wooden_pickaxe":1,"minecraft:gold_block":2,"minecraft:stone_brick_stairs":5,"minecraft:string":2,"minecraft:cobbled_deepslate":105,"minecraft:beef":11,"minecraft:poppy":6,"minecraft:sugar_cane":10,"minecraft:furnace":2,"minecraft:raw_iron":3,"minecraft:stick":12,"minecraft:composter":2,"minecraft:porkchop":52,"minecraft:pointed_dripstone":8,"minecraft:diorite":2,"minecraft:arrow":5,"minecraft:rotten_flesh":14,"minecraft:hay_block":29,"minecraft:mutton":2,"minecraft:iron_bars":2,"minecraft:cobblestone":260,"minecraft:white_wool":9,"minecraft:oxeye_daisy":3,"minecraft:feather":2,"minecraft:andesite":5,"minecraft:leather":7,"minecraft:birch_planks":1,"minecraft:tuff":12,"minecraft:oak_log":25,"minecraft:yellow_bed":8,"minecraft:gunpowder":1,"minecraft:wooden_hoe":1,"minecraft:dirt":530,"minecraft:bone":4,"minecraft:stone_bricks":1,"minecraft:wheat_seeds":22,"minecraft:bell":3,"minecraft:stone_pickaxe":1,"minecraft:iron_ingot":3,"minecraft:oak_planks":23,"minecraft:chiseled_stone_bricks":1,"minecraft:dandelion":14,"minecraft:dripstone_block":4,"minecraft:blast_furnace":2,"minecraft:white_bed":4,"minecraft:diamond":3,"minecraft:granite":11,"minecraft:netherrack":5,"minecraft:coal":49},"minecraft:crafted":{"minecraft:oak_planks":100,"minecraft:stone_shovel":5,"minecraft:furnace":1,"minecraft:oak_trapdoor":2,"minecraft:iron_axe":1,"minecraft:stone_pickaxe":2,"minecraft:chest":1,"minecraft:wheat":261,"minecraft:cooked_beef":25,"minecraft:cooked_porkchop":36,"minecraft:crafting_table":1,"minecraft:wooden_pickaxe":1,"minecraft:stone_axe":2,"minecraft:bread":87,"minecraft:air":0,"minecraft:wooden_hoe":1,"minecraft:stick":24,"minecraft:iron_ingot":3,"minecraft:iron_pickaxe":1,"minecraft:white_bed":3}},"DataVersion":3337}