{"stats":{"minecraft:killed":{"minecraft:spider":5,"minecraft:shulker":9,"minecraft:skeleton":8,"minecraft:chicken":2,"minecraft:silverfish":1,"minecraft:magma_cube":1,"minecraft:piglin":5,"minecraft:pig":3,"minecraft:zombie_villager":1,"minecraft:iron_golem":4,"minecraft:sheep":1,"minecraft:zombie":14,"minecraft:cow":10,"minecraft:villager":7,"minecraft:enderman":11},"minecraft:mined":{"minecraft:spruce_planks":40,"minecraft:white_bed":12,"minecraft:cobblestone_stairs":7,"minecraft:sculk_vein":90,"minecraft:brewing_stand":14,"minecraft:obsidian":8,"minecraft:granite":1,"minecraft:grass_block":157,"minecraft:composter":4,"minecraft:nether_wart":1,"minecraft:magma_block":16,"minecraft:sculk_catalyst":1,"minecraft:cobbled_deepslate":3,"minecraft:iron_ore":37,"minecraft:fire":4,"minecraft:barrel":8,"minecraft:fletching_table":2,"minecraft:dirt_path":67,"minecraft:oak_stairs":51,"minecraft:end_stone_bricks":2,"minecraft:tripwire":21,"minecraft:deepslate_redstone_ore":13,"minecraft:blackstone":278,"minecraft:smoker":1,"minecraft:torch":8,"minecraft:blast_furnace":7,"minecraft:poppy":1,"minecraft:chest":3,"minecraft:nether_quartz_ore":149,"minecraft:cobblestone":185,"minecraft:sugar_cane":195,"minecraft:grindstone":2,"minecraft:oak_planks":37,"minecraft:wall_torch":2,"minecraft:birch_log":7,"minecraft:wheat":28,"minecraft:birch_trapdoor":1,"minecraft:stripped_oak_wood":1,"minecraft:grass":38,"minecraft:oak_log":71,"minecraft:beetroots":5,"minecraft:oak_fence_gate":2,"minecraft:loom":1,"minecraft:dirt":287,"minecraft:tripwire_hook":1,"minecraft:netherrack":5792,"minecraft:ancient_debris":4,"minecraft:oak_leaves":3,"minecraft:deepslate":63,"minecraft:nether_gold_ore":27,"minecraft:tuff":11,"minecraft:mossy_cobblestone":3,"minecraft:deepslate_diamond_ore":11,"minecraft:end_stone":36,"minecraft:lever":1,"minecraft:nether_bricks":2,"minecraft:spruce_leaves":21,"minecraft:large_fern":1,"minecraft:hay_block":3,"minecraft:redstone_ore":3,"minecraft:furnace":1,"minecraft:carrots":15,"minecraft:andesite":5,"minecraft:bell":4,"minecraft:bookshelf":9,"minecraft:potatoes":16,"minecraft:deepslate_iron_ore":29,"minecraft:cobblestone_slab":68,"minecraft:stripped_oak_log":4,"minecraft:chorus_plant":5,"minecraft:stone":916,"minecraft:white_wool":6,"minecraft:smithing_table":1,"minecraft:glass_pane":3,"minecraft:infested_stone_bricks":1,"minecraft:basalt":248,"minecraft:oak_fence":4,"minecraft:crafting_table":2,"minecraft:cornflower":17,"minecraft:emerald_ore":4,"minecraft:sculk_sensor":5,"minecraft:lectern":321,"minecraft:copper_ore":1,"minecraft:tall_grass":4,"minecraft:deepslate_gold_ore":4,"minecraft:sculk":940,"minecraft:diorite":20,"minecraft:blue_bed":1,"minecraft:birch_planks":24,"minecraft:purple_bed":5,"minecraft:sweet_berry_bush":25,"minecraft:spruce_log":6,"minecraft:birch_leaves":5,"minecraft:yellow_bed":14,"minecraft:coal_ore":47,"minecraft:gravel":172,"minecraft:cracked_stone_bricks":1,"minecraft:stone_bricks":3,"minecraft:mossy_stone_bricks":3,"minecraft:fern":4},"minecraft:dropped":{"minecraft:iron_sword":3,"minecraft:soul_sand":83,"minecraft:birch_planks":1,"minecraft:lapis_lazuli":36,"minecraft:cooked_beef":2,"minecraft:ender_pearl":1,"minecraft:crafting_table":2,"minecraft:fletching_table":1,"minecraft:cracked_stone_bricks":2,"minecraft:cobblestone_stairs":3,"minecraft:dirt":82,"minecraft:large_fern":3,"minecraft:cornflower":61,"minecraft:gold_nugget":8,"minecraft:iron_pickaxe":4,"minecraft:stripped_oak_wood":1,"minecraft:white_wool":62,"minecraft:gold_ingot":2,"minecraft:bone":12,"minecraft:gravel":23,"minecraft:stone_axe":6,"minecraft:blackstone":1,"minecraft:lever":1,"minecraft:cobbled_deepslate":4,"minecraft:wheat":19,"minecraft:birch_sapling":2,"minecraft:pointed_dripstone":5,"minecraft:beetroot":9,"minecraft:rotten_flesh":29,"minecraft:grindstone":2,"minecraft:oak_planks":3,"minecraft:end_stone":3,"minecraft:white_bed":2,"minecraft:poppy":7,"minecraft:beetroot_seeds":23,"minecraft:glowstone":1,"minecraft:chainmail_boots":23,"minecraft:end_stone_bricks":2,"minecraft:arrow":6,"minecraft:netherrack":3,"minecraft:lectern":2,"minecraft:stone_hoe":3,"minecraft:iron_ingot":2,"minecraft:bread":3,"minecraft:wheat_seeds":130,"minecraft:mossy_cobblestone":6,"minecraft:iron_helmet":1,"minecraft:oak_fence":3,"minecraft:feather":6,"minecraft:cobblestone":13,"minecraft:lead":1,"minecraft:book":3,"minecraft:granite":11,"minecraft:chainmail_helmet":23,"minecraft:coal":6,"minecraft:stick":16,"minecraft:diorite":20,"minecraft:torch":7,"minecraft:iron_leggings":6,"minecraft:iron_axe":2,"minecraft:iron_shovel":1,"minecraft:chainmail_leggings":9,"minecraft:paper":15,"minecraft:string":4131,"minecraft:dandelion":12,"minecraft:redstone":2,"minecraft:furnace":2,"minecraft:stone_sword":3,"minecraft:raw_copper":4,"minecraft:tuff":11,"minecraft:diamond_hoe":1,"minecraft:light_gray_wool":1,"minecraft:iron_boots":18,"minecraft:ender_eye":1,"minecraft:nether_bricks":3,"minecraft:potato":18,"minecraft:cobblestone_slab":1,"minecraft:spruce_boat":1,"minecraft:peony":3,"minecraft:spruce_planks":1,"minecraft:andesite":5,"minecraft:diamond_pickaxe":2,"minecraft:iron_chestplate":3,"minecraft:mossy_stone_bricks":3,"minecraft:purple_bed":1,"minecraft:yellow_bed":4,"minecraft:oak_sapling":7,"minecraft:stone_bricks":3,"minecraft:spider_eye":3,"minecraft:bow":2,"minecraft:stone_pickaxe":2,"minecraft:wooden_pickaxe":1},"minecraft:picked_up":{"minecraft:iron_chestplate":1,"minecraft:wheat":37,"minecraft:chainmail_boots":11,"minecraft:smithing_table":1,"minecraft:lead":1,"minecraft:oak_stairs":51,"minecraft:enchanted_book":1,"minecraft:brewing_stand":14,"minecraft:string":37559,"minecraft:raw_copper":4,"minecraft:iron_leggings":9,"minecraft:netherite_ingot":1,"minecraft:beetroot":9,"minecraft:gold_nugget":70,"minecraft:cobbled_deepslate":201,"minecraft:spruce_planks":37,"minecraft:cobblestone_slab":85,"minecraft:ender_eye":4,"minecraft:iron_pickaxe":3,"minecraft:furnace":2,"minecraft:iron_boots":11,"minecraft:stick":27,"minecraft:birch_trapdoor":1,"minecraft:composter":4,"minecraft:oak_fence":4,"minecraft:torch":36,"minecraft:porkchop":9,"minecraft:diorite":20,"minecraft:pointed_dripstone":10,"minecraft:music_disc_pigstep":1,"minecraft:rotten_flesh":21,"minecraft:blaze_rod":1,"minecraft:obsidian":8,"minecraft:cobblestone":1230,"minecraft:birch_log":7,"minecraft:magma_block":16,"minecraft:feather":11,"minecraft:cooked_beef":4,"minecraft:water_bucket":3,"minecraft:andesite":5,"minecraft:smoker":1,"minecraft:potato":134,"minecraft:flint":12,"minecraft:tuff":15,"minecraft:lapis_lazuli":33,"minecraft:dirt":839,"minecraft:bone":20,"minecraft:bow":2,"minecraft:wheat_seeds":124,"minecraft:raw_gold":7,"minecraft:bell":3,"minecraft:grindstone":4,"minecraft:mossy_stone_bricks":3,"minecraft:fletching_table":2,"minecraft:stone_hoe":2,"minecraft:oak_planks":77,"minecraft:cooked_porkchop":3,"minecraft:loom":1,"minecraft:barrel":8,"minecraft:mossy_cobblestone":6,"minecraft:diamond":113,"minecraft:spruce_boat":1,"minecraft:lever":2,"minecraft:crossbow":1,"minecraft:granite":11,"minecraft:emerald":398,"minecraft:chainmail_helmet":11,"minecraft:bread":355,"minecraft:oak_sapling":7,"minecraft:chorus_fruit":44,"minecraft:netherrack":1227,"minecraft:diamond_pickaxe":2,"minecraft:end_stone_bricks":2,"minecraft:crafting_table":4,"minecraft:chicken":2,"minecraft:nether_wart":3,"minecraft:cornflower":61,"minecraft:large_fern":2,"minecraft:iron_axe":3,"minecraft:iron_shovel":2,"minecraft:blackstone":195,"minecraft:cracked_stone_bricks":2,"minecraft:beef":20,"minecraft:poppy":9,"minecraft:light_gray_wool":1,"minecraft:lectern":316,"minecraft:sugar_cane":445,"minecraft:chest":3,"minecraft:birch_sapling":2,"minecraft:diamond_hoe":1,"minecraft:raw_iron":147,"minecraft:end_stone":37,"minecraft:oak_door":1,"minecraft:carrot":53,"minecraft:redstone":89,"minecraft:arrow":19,"minecraft:beetroot_seeds":23,"minecraft:peony":2,"minecraft:nether_bricks":2,"minecraft:shears":1,"minecraft:hay_block":3,"minecraft:gold_ingot":2,"minecraft:white_wool":66,"minecraft:stripped_oak_log":4,"minecraft:basalt":128,"minecraft:tripwire_hook":1,"minecraft:leather":16,"minecraft:birch_planks":55,"minecraft:oak_log":71,"minecraft:ancient_debris":4,"minecraft:yellow_bed":20,"minecraft:cobblestone_stairs":7,"minecraft:blue_bed":1,"minecraft:stone_bricks":3,"minecraft:oak_fence_gate":2,"minecraft:iron_ingot":57,"minecraft:stone_pickaxe":1,"minecraft:stripped_oak_wood":1,"minecraft:glass_bottle":1,"minecraft:iron_sword":5,"minecraft:soul_sand":83,"minecraft:book":33,"minecraft:oak_slab":8,"minecraft:birch_boat":1,"minecraft:sweet_berries":57,"minecraft:quartz":72,"minecraft:dandelion":12,"minecraft:gravel":102,"minecraft:blast_furnace":7,"minecraft:white_bed":12,"minecraft:spruce_log":6,"minecraft:spider_eye":3,"minecraft:purple_bed":6,"minecraft:stone_axe":5,"minecraft:chainmail_leggings":5,"minecraft:coal":83,"minecraft:shulker_shell":3,"minecraft:ender_pearl":8},"minecraft:custom":{"minecraft:interact_with_crafting_table":185,"minecraft:open_barrel":51,"minecraft:bell_ring":420,"minecraft:leave_game":24,"minecraft:time_since_death":378053,"minecraft:sprint_one_cm":2100655,"minecraft:drop":412,"minecraft:talked_to_villager":1022,"minecraft:play_time":637295,"minecraft:deaths":4,"minecraft:jump":13203,"minecraft:interact_with_brewingstand":8,"minecraft:walk_on_water_one_cm":226730,"minecraft:interact_with_furnace":56,"minecraft:play_record":1,"minecraft:traded_with_villager":1501,"minecraft:interact_with_loom":1,"minecraft:sleep_in_bed":45,"minecraft:open_enderchest":1,"minecraft:damage_dealt":24278,"minecraft:player_kills":5,"minecraft:crouch_one_cm":93313,"minecraft:interact_with_smithing_table":3,"minecraft:interact_with_anvil":30,"minecraft:mob_kills":89,"minecraft:inspect_hopper":36,"minecraft:climb_one_cm":1166,"minecraft:walk_one_cm":1645471,"minecraft:sneak_time":21115,"minecraft:walk_under_water_one_cm":17472,"minecraft:interact_with_blast_furnace":13,"minecraft:total_world_time":637295,"minecraft:interact_with_grindstone":5,"minecraft:time_since_rest":56540,"minecraft:damage_taken":11163,"minecraft:swim_one_cm":38616,"minecraft:fly_one_cm":2904954,"minecraft:open_chest":465,"minecraft:fall_one_cm":258523},"minecraft:broken":{"minecraft:iron_shovel":1,"minecraft:diamond_helmet":1,"minecraft:stone_pickaxe":1,"minecraft:iron_pickaxe":1},"minecraft:used":{"minecraft:iron_shovel":356,"minecraft:diamond_hoe":1046,"minecraft:chest":9,"minecraft:iron_sword":99,"minecraft:bell":2,"minecraft:carrot":53,"minecraft:tuff":3,"minecraft:lava_bucket":8,"minecraft:music_disc_pigstep":1,"minecraft:birch_trapdoor":7,"minecraft:bow":209,"minecraft:sweet_berries":61,"minecraft:furnace":2,"minecraft:egg":3,"minecraft:potato":108,"minecraft:chorus_fruit":10,"minecraft:stone_pickaxe":202,"minecraft:oak_planks":16,"minecraft:blackstone":10,"minecraft:ender_pearl":7,"minecraft:wooden_pickaxe":3,"minecraft:composter":2,"minecraft:diamond_axe":490,"minecraft:sugar_cane":83,"minecraft:white_wool":174,"minecraft:blast_furnace":7,"minecraft:crossbow":1,"minecraft:end_stone":23,"minecraft:shears":8,"minecraft:lever":2,"minecraft:string":20,"minecraft:bread":263,"minecraft:lectern":321,"minecraft:gravel":5,"minecraft:diamond_sword":306,"minecraft:grindstone":1,"minecraft:smithing_table":1,"minecraft:oak_fence":1,"minecraft:stone_sword":137,"minecraft:flint_and_steel":1,"minecraft:spruce_planks":17,"minecraft:ender_chest":1,"minecraft:stone_hoe":119,"minecraft:netherrack":485,"minecraft:torch":27,"minecraft:brewing_stand":14,"minecraft:dirt":491,"minecraft:anvil":3,"minecraft:hopper":2,"minecraft:oak_fence_gate":4,"minecraft:bookshelf":9,"minecraft:iron_axe":19,"minecraft:iron_boots":1,"minecraft:barrel":12,"minecraft:tripwire_hook":3,"minecraft:basalt":15,"minecraft:glowstone":4,"minecraft:netherite_pickaxe":6017,"minecraft:cobbled_deepslate":73,"minecraft:water_bucket":138,"minecraft:glass_bottle":1,"minecraft:netherite_chestplate":1,"minecraft:fletching_table":1,"minecraft:cobblestone_slab":105,"minecraft:crafting_table":5,"minecraft:white_bed":31,"minecraft:ender_eye":2,"minecraft:diamond_pickaxe":1531,"minecraft:diamond_shovel":235,"minecraft:iron_pickaxe":323,"minecraft:stone_axe":142,"minecraft:cobblestone":317,"minecraft:purple_bed":4,"minecraft:bucket":148,"minecraft:yellow_bed":15},"minecraft:killed_by":{"minecraft:player":3,"minecraft:hoglin":1},"minecraft:crafted":{"minecraft:ender_chest":1,"minecraft:oak_planks":376,"minecraft:chainmail_helmet":12,"minecraft:cobblestone_slab":78,"minecraft:barrel":4,"minecraft:lever":1,"minecraft:diamond_shovel":2,"minecraft:bookshelf":17,"minecraft:cooked_mutton":6,"minecraft:glass":3,"minecraft:hopper":2,"minecraft:diamond_helmet":2,"minecraft:bow":2,"minecraft:diamond_leggings":2,"minecraft:iron_boots":24,"minecraft:chest":8,"minecraft:stone_hoe":3,"minecraft:glass_bottle":3,"minecraft:oak_slab":84,"minecraft:emerald":2031,"minecraft:diamond_axe":2,"minecraft:crafting_table":4,"minecraft:spruce_planks":36,"minecraft:wooden_pickaxe":1,"minecraft:birch_planks":28,"minecraft:brewing_stand":1,"minecraft:lectern":8,"minecraft:book":13,"minecraft:paper":69,"minecraft:diamond_pickaxe":3,"minecraft:emerald_block":102,"minecraft:stick":48,"minecraft:iron_ingot":121,"minecraft:iron_pickaxe":1,"minecraft:iron_block":9,"minecraft:stone_sword":1,"minecraft:gold_ingot":7,"minecraft:netherite_ingot":1,"minecraft:shears":1,"minecraft:redstone":208,"minecraft:tripwire_hook":2,"minecraft:diamond_hoe":9,"minecraft:furnace":1,"minecraft:flint_and_steel":1,"minecraft:spruce_slab":6,"minecraft:stone_pickaxe":2,"minecraft:diamond_boots":2,"minecraft:netherite_scrap":4,"minecraft:chainmail_leggings":4,"minecraft:wheat":27,"minecraft:cooked_beef":7,"minecraft:netherite_pickaxe":1,"minecraft:diamond_sword":1,"minecraft:bucket":1,"minecraft:stone_axe":48,"minecraft:enchanted_book":23,"minecraft:air":0,"minecraft:bread":165,"minecraft:oak_fence_gate":2,"minecraft:white_wool":370,"minecraft:chainmail_boots":12,"minecraft:birch_trapdoor":6,"minecraft:iron_shovel":1,"minecraft:anvil":3,"minecraft:white_bed":25,"minecraft:blackstone_slab":6,"minecraft:lapis_lazuli":108,"minecraft:diamond_chestplate":2}},"DataVersion":3337}