{"stats":{"minecraft:broken":{"minecraft:stone_pickaxe":1},"minecraft:used":{"minecraft:water_bucket":32,"minecraft:stone_sword":125,"minecraft:iron_shovel":232,"minecraft:flint_and_steel":1,"minecraft:stone_pickaxe":131,"minecraft:chest":2,"minecraft:spruce_planks":7,"minecraft:wooden_pickaxe":3,"minecraft:torch":4,"minecraft:dirt":148,"minecraft:crafting_table":2,"minecraft:lava_bucket":8,"minecraft:bread":8,"minecraft:iron_pickaxe":22,"minecraft:stone_axe":12,"minecraft:cobblestone":33,"minecraft:purple_bed":1,"minecraft:sweet_berries":61,"minecraft:bucket":41,"minecraft:yellow_bed":1},"minecraft:custom":{"minecraft:mob_kills":17,"minecraft:interact_with_crafting_table":11,"minecraft:interact_with_loom":1,"minecraft:leave_game":3,"minecraft:time_since_death":55206,"minecraft:sleep_in_bed":2,"minecraft:climb_one_cm":230,"minecraft:time_since_rest":19639,"minecraft:sprint_one_cm":268218,"minecraft:damage_taken":508,"minecraft:walk_one_cm":121123,"minecraft:drop":11,"minecraft:damage_dealt":3935,"minecraft:swim_one_cm":14733,"minecraft:fly_one_cm":418867,"minecraft:open_chest":18,"minecraft:crouch_one_cm":9481,"minecraft:play_time":55206,"minecraft:sneak_time":3018,"minecraft:walk_under_water_one_cm":9527,"minecraft:jump":1949,"minecraft:walk_on_water_one_cm":9741,"minecraft:total_world_time":55206,"minecraft:fall_one_cm":54328},"minecraft:killed":{"minecraft:pig":3,"minecraft:spider":1,"minecraft:iron_golem":2,"minecraft:zombie":3,"minecraft:chicken":2,"minecraft:cow":6},"minecraft:mined":{"minecraft:smithing_table":1,"minecraft:white_bed":2,"minecraft:mossy_cobblestone":1,"minecraft:smoker":1,"minecraft:brewing_stand":1,"minecraft:crafting_table":1,"minecraft:cornflower":1,"minecraft:torch":2,"minecraft:blast_furnace":1,"minecraft:grass_block":68,"minecraft:tall_grass":3,"minecraft:cobblestone":20,"minecraft:spruce_leaves":12,"minecraft:composter":4,"minecraft:grindstone":2,"minecraft:sugar_cane":18,"minecraft:large_fern":1,"minecraft:hay_block":3,"minecraft:purple_bed":2,"minecraft:iron_ore":1,"minecraft:sweet_berry_bush":25,"minecraft:spruce_log":6,"minecraft:birch_leaves":1,"minecraft:fletching_table":1,"minecraft:yellow_bed":5,"minecraft:bell":1,"minecraft:grass":2,"minecraft:coal_ore":24,"minecraft:dirt_path":16,"minecraft:loom":1,"minecraft:gravel":18,"minecraft:dirt":141,"minecraft:stone":93,"minecraft:oak_leaves":2,"minecraft:fern":4},"minecraft:picked_up":{"minecraft:crafting_table":1,"minecraft:feather":8,"minecraft:chicken":2,"minecraft:leather":9,"minecraft:smithing_table":1,"minecraft:smoker":1,"minecraft:flint":1,"minecraft:brewing_stand":1,"minecraft:yellow_bed":5,"minecraft:cornflower":18,"minecraft:dirt":223,"minecraft:wheat_seeds":6,"minecraft:bell":1,"minecraft:grindstone":2,"minecraft:iron_ingot":11,"minecraft:beef":13,"minecraft:poppy":3,"minecraft:fletching_table":1,"minecraft:sugar_cane":43,"minecraft:raw_iron":1,"minecraft:sweet_berries":57,"minecraft:composter":4,"minecraft:torch":4,"minecraft:dandelion":10,"minecraft:gravel":17,"minecraft:porkchop":5,"minecraft:loom":1,"minecraft:blast_furnace":1,"minecraft:white_bed":2,"minecraft:spruce_log":6,"minecraft:mossy_cobblestone":1,"minecraft:rotten_flesh":3,"minecraft:purple_bed":3,"minecraft:hay_block":3,"minecraft:oak_sapling":2,"minecraft:coal":22,"minecraft:cobblestone":117},"minecraft:dropped":{"minecraft:gravel":17,"minecraft:iron_ingot":2,"minecraft:wheat_seeds":3,"minecraft:feather":4,"minecraft:cobblestone":4,"minecraft:cornflower":8,"minecraft:purple_bed":1,"minecraft:oak_sapling":2,"minecraft:wooden_pickaxe":1,"minecraft:dandelion":5},"minecraft:crafted":{"minecraft:crafting_table":1,"minecraft:spruce_planks":36,"minecraft:wooden_pickaxe":1,"minecraft:bucket":1,"minecraft:stone_axe":1,"minecraft:bread":9,"minecraft:flint_and_steel":1,"minecraft:stick":12,"minecraft:iron_pickaxe":1,"minecraft:stone_pickaxe":1,"minecraft:stone_sword":1,"minecraft:chest":2,"minecraft:wheat":27}},"DataVersion":3337}