{"stats":{"minecraft:broken":{"minecraft:stone_pickaxe":2,"minecraft:stone_axe":1,"minecraft:iron_pickaxe":1,"minecraft:stone_shovel":3},"minecraft:used":{"minecraft:oak_trapdoor":4,"minecraft:iron_bars":2,"minecraft:stone_shovel":576,"minecraft:chest":2,"minecraft:bell":2,"minecraft:stone_hoe":81,"minecraft:netherrack":2,"minecraft:torch":8,"minecraft:dirt":592,"minecraft:tuff":11,"minecraft:granite":11,"minecraft:iron_axe":79,"minecraft:stone_brick_stairs":2,"minecraft:stone_bricks":1,"minecraft:tripwire_hook":2,"minecraft:furnace":3,"minecraft:cooked_beef":8,"minecraft:cobbled_deepslate":84,"minecraft:pointed_dripstone":2,"minecraft:water_bucket":16,"minecraft:birch_planks":1,"minecraft:stone_pickaxe":391,"minecraft:oak_planks":23,"minecraft:wooden_pickaxe":3,"minecraft:composter":2,"minecraft:white_wool":8,"minecraft:sand":16,"minecraft:crafting_table":7,"minecraft:blast_furnace":2,"minecraft:white_bed":7,"minecraft:dripstone_block":1,"minecraft:shears":1,"minecraft:lever":1,"minecraft:wooden_hoe":30,"minecraft:chicken":1,"minecraft:bread":45,"minecraft:string":4,"minecraft:iron_pickaxe":253,"minecraft:stone_axe":180,"minecraft:chiseled_stone_bricks":1,"minecraft:cobblestone":272,"minecraft:cooked_porkchop":16,"minecraft:porkchop":4,"minecraft:bucket":16,"minecraft:andesite":5,"minecraft:yellow_bed":7},"minecraft:custom":{"minecraft:mob_kills":56,"minecraft:interact_with_crafting_table":41,"minecraft:bell_ring":36,"minecraft:leave_game":5,"minecraft:time_since_death":150146,"minecraft:sprint_one_cm":541730,"minecraft:walk_one_cm":389117,"minecraft:drop":61,"minecraft:talked_to_villager":2,"minecraft:play_time":150146,"minecraft:sneak_time":8702,"minecraft:walk_under_water_one_cm":4185,"minecraft:jump":4578,"minecraft:interact_with_blast_furnace":1,"minecraft:walk_on_water_one_cm":11147,"minecraft:total_world_time":150146,"minecraft:interact_with_furnace":25,"minecraft:sleep_in_bed":8,"minecraft:time_since_rest":32644,"minecraft:damage_taken":3543,"minecraft:damage_dealt":9909,"minecraft:swim_one_cm":26634,"minecraft:fly_one_cm":959211,"minecraft:open_chest":61,"minecraft:crouch_one_cm":29330,"minecraft:fall_one_cm":149873},"minecraft:killed":{"minecraft:spider":1,"minecraft:skeleton":4,"minecraft:chicken":2,"minecraft:pig":20,"minecraft:iron_golem":2,"minecraft:creeper":1,"minecraft:sheep":2,"minecraft:zombie":18,"minecraft:cow":6},"minecraft:mined":{"minecraft:tuff":25,"minecraft:white_bed":4,"minecraft:deepslate_diamond_ore":3,"minecraft:granite":11,"minecraft:grass_block":407,"minecraft:composter":2,"minecraft:chiseled_stone_bricks":1,"minecraft:hay_block":29,"minecraft:furnace":2,"minecraft:iron_ore":13,"minecraft:cobbled_deepslate":21,"minecraft:andesite":7,"minecraft:gold_block":2,"minecraft:bell":3,"minecraft:pointed_dripstone":4,"minecraft:deepslate_iron_ore":10,"minecraft:iron_bars":2,"minecraft:stone":182,"minecraft:white_wool":7,"minecraft:dandelion":4,"minecraft:crafting_table":6,"minecraft:cornflower":1,"minecraft:blast_furnace":4,"minecraft:chest":1,"minecraft:tall_grass":4,"minecraft:cobblestone":128,"minecraft:sugar_cane":6,"minecraft:oak_planks":23,"minecraft:diorite":2,"minecraft:wall_torch":4,"minecraft:birch_planks":17,"minecraft:yellow_bed":8,"minecraft:stone_brick_stairs":2,"minecraft:grass":186,"minecraft:oak_log":29,"minecraft:coal_ore":26,"minecraft:sand":16,"minecraft:gravel":2,"minecraft:dripstone_block":2,"minecraft:dirt":147,"minecraft:stone_bricks":1,"minecraft:netherrack":2,"minecraft:oak_leaves":7,"minecraft:deepslate":188},"minecraft:dropped":{"minecraft:birch_planks":3,"minecraft:wheat_seeds":15,"minecraft:cooked_beef":2,"minecraft:stick":12,"minecraft:flint":1,"minecraft:oxeye_daisy":3,"minecraft:dirt":2,"minecraft:wooden_hoe":2,"minecraft:cornflower":1,"minecraft:white_wool":4,"minecraft:dandelion":15,"minecraft:gravel":1,"minecraft:cobbled_deepslate":3,"minecraft:tuff":13,"minecraft:rotten_flesh":16,"minecraft:oak_planks":3,"minecraft:mossy_stone_brick_slab":6,"minecraft:poppy":6,"minecraft:stone_bricks":1,"minecraft:wooden_pickaxe":2,"minecraft:stone_pickaxe":2,"minecraft:magma_block":2,"minecraft:stone_brick_stairs":3,"minecraft:netherrack":3},"minecraft:picked_up":{"minecraft:crafting_table":6,"minecraft:chicken":2,"minecraft:wooden_pickaxe":1,"minecraft:gold_block":5,"minecraft:stone_brick_stairs":5,"minecraft:cornflower":1,"minecraft:string":4,"minecraft:cobbled_deepslate":202,"minecraft:beef":11,"minecraft:poppy":7,"minecraft:sugar_cane":10,"minecraft:chest":1,"minecraft:furnace":2,"minecraft:raw_iron":23,"minecraft:stick":12,"minecraft:composter":2,"minecraft:torch":4,"minecraft:porkchop":52,"minecraft:pointed_dripstone":10,"minecraft:diorite":2,"minecraft:arrow":5,"minecraft:rotten_flesh":15,"minecraft:hay_block":29,"minecraft:mutton":2,"minecraft:iron_bars":2,"minecraft:cobblestone":364,"minecraft:white_wool":10,"minecraft:oxeye_daisy":3,"minecraft:magma_block":2,"minecraft:feather":2,"minecraft:water_bucket":1,"minecraft:andesite":7,"minecraft:leather":7,"minecraft:birch_planks":16,"minecraft:flint":1,"minecraft:tuff":25,"minecraft:oak_log":29,"minecraft:yellow_bed":8,"minecraft:gunpowder":1,"minecraft:wooden_hoe":1,"minecraft:dirt":595,"minecraft:bone":5,"minecraft:stone_bricks":2,"minecraft:wheat_seeds":31,"minecraft:bell":3,"minecraft:stone_pickaxe":1,"minecraft:iron_ingot":10,"minecraft:oak_planks":32,"minecraft:chiseled_stone_bricks":1,"minecraft:dandelion":15,"minecraft:gravel":2,"minecraft:dripstone_block":5,"minecraft:sand":16,"minecraft:blast_furnace":4,"minecraft:white_bed":4,"minecraft:mossy_stone_brick_slab":6,"minecraft:diamond":3,"minecraft:granite":11,"minecraft:netherrack":6,"minecraft:coal":49},"minecraft:crafted":{"minecraft:oak_planks":116,"minecraft:stone_shovel":5,"minecraft:tripwire_hook":2,"minecraft:furnace":1,"minecraft:lever":1,"minecraft:oak_trapdoor":4,"minecraft:iron_axe":1,"minecraft:stone_pickaxe":4,"minecraft:chest":1,"minecraft:stone_hoe":1,"minecraft:wheat":261,"minecraft:cooked_beef":25,"minecraft:cooked_porkchop":36,"minecraft:crafting_table":2,"minecraft:wooden_pickaxe":1,"minecraft:stone_axe":2,"minecraft:bread":87,"minecraft:air":0,"minecraft:wooden_hoe":1,"minecraft:stick":32,"minecraft:iron_ingot":3,"minecraft:iron_pickaxe":1,"minecraft:white_bed":3,"minecraft:torch":4,"minecraft:shears":1}},"DataVersion":3337}