{"stats":{"minecraft:broken":{"minecraft:stone_axe":1,"minecraft:stone_shovel":3},"minecraft:used":{"minecraft:iron_bars":2,"minecraft:stone_pickaxe":40,"minecraft:stone_shovel":452,"minecraft:oak_planks":4,"minecraft:chest":1,"minecraft:wooden_pickaxe":3,"minecraft:composter":2,"minecraft:white_wool":2,"minecraft:dirt":474,"minecraft:crafting_table":5,"minecraft:white_bed":2,"minecraft:wooden_hoe":30,"minecraft:bread":12,"minecraft:iron_axe":42,"minecraft:iron_pickaxe":57,"minecraft:stone_bricks":1,"minecraft:stone_axe":76,"minecraft:chiseled_stone_bricks":1,"minecraft:cobblestone":97,"minecraft:furnace":3,"minecraft:cooked_porkchop":6,"minecraft:yellow_bed":4},"minecraft:custom":{"minecraft:interact_with_furnace":21,"minecraft:mob_kills":39,"minecraft:interact_with_crafting_table":27,"minecraft:leave_game":2,"minecraft:time_since_death":52687,"minecraft:sleep_in_bed":4,"minecraft:time_since_rest":15260,"minecraft:sprint_one_cm":216314,"minecraft:damage_taken":572,"minecraft:walk_one_cm":138533,"minecraft:drop":28,"minecraft:damage_dealt":5596,"minecraft:swim_one_cm":3174,"minecraft:fly_one_cm":396184,"minecraft:open_chest":21,"minecraft:crouch_one_cm":18094,"minecraft:play_time":52687,"minecraft:sneak_time":3941,"minecraft:walk_under_water_one_cm":1355,"minecraft:jump":1577,"minecraft:walk_on_water_one_cm":825,"minecraft:total_world_time":52687,"minecraft:fall_one_cm":37223},"minecraft:killed":{"minecraft:pig":18,"minecraft:iron_golem":1,"minecraft:sheep":2,"minecraft:skeleton":1,"minecraft:zombie":10,"minecraft:chicken":1,"minecraft:cow":6},"minecraft:mined":{"minecraft:white_bed":2,"minecraft:dandelion":3,"minecraft:crafting_table":4,"minecraft:blast_furnace":2,"minecraft:grass_block":342,"minecraft:tall_grass":3,"minecraft:cobblestone":15,"minecraft:composter":2,"minecraft:oak_planks":4,"minecraft:chiseled_stone_bricks":1,"minecraft:hay_block":29,"minecraft:furnace":2,"minecraft:iron_ore":3,"minecraft:cobbled_deepslate":9,"minecraft:yellow_bed":4,"minecraft:gold_block":2,"minecraft:bell":1,"minecraft:grass":91,"minecraft:oak_log":11,"minecraft:coal_ore":13,"minecraft:iron_bars":2,"minecraft:dirt":92,"minecraft:stone_bricks":1,"minecraft:stone":46,"minecraft:oak_leaves":4},"minecraft:dropped":{"minecraft:wheat_seeds":5,"minecraft:rotten_flesh":15,"minecraft:stick":12,"minecraft:oxeye_daisy":3,"minecraft:poppy":6,"minecraft:dirt":2,"minecraft:wooden_hoe":2,"minecraft:wooden_pickaxe":2,"minecraft:stone_pickaxe":2,"minecraft:stone_brick_stairs":1,"minecraft:netherrack":1,"minecraft:dandelion":10},"minecraft:picked_up":{"minecraft:crafting_table":4,"minecraft:chicken":1,"minecraft:leather":7,"minecraft:wooden_pickaxe":1,"minecraft:gold_block":2,"minecraft:stone_brick_stairs":1,"minecraft:oak_log":11,"minecraft:yellow_bed":4,"minecraft:wooden_hoe":1,"minecraft:dirt":476,"minecraft:bone":1,"minecraft:stone_bricks":1,"minecraft:wheat_seeds":22,"minecraft:cobbled_deepslate":9,"minecraft:bell":1,"minecraft:stone_pickaxe":1,"minecraft:iron_ingot":3,"minecraft:beef":11,"minecraft:poppy":6,"minecraft:oak_planks":4,"minecraft:furnace":2,"minecraft:stick":12,"minecraft:raw_iron":3,"minecraft:composter":2,"minecraft:chiseled_stone_bricks":1,"minecraft:dandelion":10,"minecraft:porkchop":48,"minecraft:blast_furnace":2,"minecraft:white_bed":2,"minecraft:rotten_flesh":12,"minecraft:hay_block":29,"minecraft:netherrack":1,"minecraft:iron_bars":2,"minecraft:mutton":2,"minecraft:coal":36,"minecraft:white_wool":2,"minecraft:cobblestone":119,"minecraft:oxeye_daisy":3},"minecraft:crafted":{"minecraft:cooked_beef":11,"minecraft:oak_planks":44,"minecraft:stone_shovel":4,"minecraft:cooked_porkchop":35,"minecraft:crafting_table":1,"minecraft:wooden_pickaxe":1,"minecraft:furnace":1,"minecraft:stone_axe":1,"minecraft:bread":87,"minecraft:air":0,"minecraft:wooden_hoe":1,"minecraft:iron_axe":1,"minecraft:stick":24,"minecraft:iron_ingot":3,"minecraft:iron_pickaxe":1,"minecraft:stone_pickaxe":1,"minecraft:chest":1,"minecraft:wheat":261}},"DataVersion":3337}