{"stats":{"minecraft:broken":{"minecraft:stone_axe":1,"minecraft:stone_shovel":3},"minecraft:used":{"minecraft:iron_bars":2,"minecraft:stone_pickaxe":40,"minecraft:stone_shovel":470,"minecraft:oak_planks":4,"minecraft:chest":1,"minecraft:wooden_pickaxe":3,"minecraft:composter":2,"minecraft:netherrack":2,"minecraft:white_wool":6,"minecraft:dirt":506,"minecraft:crafting_table":5,"minecraft:white_bed":4,"minecraft:dripstone_block":1,"minecraft:granite":4,"minecraft:wooden_hoe":30,"minecraft:bread":29,"minecraft:iron_axe":59,"minecraft:iron_pickaxe":250,"minecraft:stone_brick_stairs":2,"minecraft:stone_bricks":1,"minecraft:stone_axe":76,"minecraft:chiseled_stone_bricks":1,"minecraft:cobblestone":105,"minecraft:furnace":3,"minecraft:cooked_porkchop":6,"minecraft:andesite":5,"minecraft:cobbled_deepslate":5,"minecraft:yellow_bed":6,"minecraft:pointed_dripstone":2},"minecraft:custom":{"minecraft:interact_with_furnace":21,"minecraft:mob_kills":43,"minecraft:interact_with_crafting_table":27,"minecraft:leave_game":3,"minecraft:time_since_death":73981,"minecraft:sleep_in_bed":5,"minecraft:time_since_rest":19497,"minecraft:sprint_one_cm":289339,"minecraft:damage_taken":1397,"minecraft:walk_one_cm":184522,"minecraft:drop":31,"minecraft:damage_dealt":6344,"minecraft:swim_one_cm":3174,"minecraft:fly_one_cm":516094,"minecraft:open_chest":23,"minecraft:crouch_one_cm":20218,"minecraft:play_time":73981,"minecraft:sneak_time":4832,"minecraft:walk_under_water_one_cm":2643,"minecraft:jump":2286,"minecraft:walk_on_water_one_cm":2529,"minecraft:total_world_time":73981,"minecraft:fall_one_cm":79811},"minecraft:killed":{"minecraft:pig":18,"minecraft:spider":1,"minecraft:iron_golem":1,"minecraft:sheep":2,"minecraft:skeleton":1,"minecraft:zombie":13,"minecraft:chicken":1,"minecraft:cow":6},"minecraft:mined":{"minecraft:tuff":12,"minecraft:white_bed":4,"minecraft:deepslate_diamond_ore":3,"minecraft:dandelion":3,"minecraft:crafting_table":4,"minecraft:granite":8,"minecraft:blast_furnace":2,"minecraft:grass_block":342,"minecraft:tall_grass":3,"minecraft:cobblestone":20,"minecraft:composter":2,"minecraft:oak_planks":4,"minecraft:diorite":2,"minecraft:chiseled_stone_bricks":1,"minecraft:hay_block":29,"minecraft:furnace":2,"minecraft:iron_ore":3,"minecraft:cobbled_deepslate":14,"minecraft:andesite":5,"minecraft:stone_brick_stairs":1,"minecraft:yellow_bed":7,"minecraft:gold_block":2,"minecraft:bell":1,"minecraft:grass":91,"minecraft:pointed_dripstone":1,"minecraft:oak_log":11,"minecraft:coal_ore":13,"minecraft:iron_bars":2,"minecraft:dripstone_block":1,"minecraft:dirt":124,"minecraft:deepslate":91,"minecraft:stone_bricks":1,"minecraft:stone":105,"minecraft:netherrack":1,"minecraft:white_wool":2,"minecraft:oak_leaves":4},"minecraft:dropped":{"minecraft:wheat_seeds":5,"minecraft:rotten_flesh":15,"minecraft:stick":12,"minecraft:oxeye_daisy":3,"minecraft:poppy":6,"minecraft:dirt":2,"minecraft:wooden_hoe":2,"minecraft:wooden_pickaxe":2,"minecraft:stone_pickaxe":2,"minecraft:stone_brick_stairs":1,"minecraft:netherrack":2,"minecraft:dandelion":14},"minecraft:picked_up":{"minecraft:crafting_table":4,"minecraft:chicken":1,"minecraft:andesite":5,"minecraft:leather":7,"minecraft:wooden_pickaxe":1,"minecraft:gold_block":2,"minecraft:tuff":12,"minecraft:stone_brick_stairs":3,"minecraft:oak_log":11,"minecraft:yellow_bed":7,"minecraft:wooden_hoe":1,"minecraft:string":2,"minecraft:dirt":508,"minecraft:bone":1,"minecraft:stone_bricks":1,"minecraft:wheat_seeds":22,"minecraft:cobbled_deepslate":105,"minecraft:bell":1,"minecraft:stone_pickaxe":1,"minecraft:iron_ingot":3,"minecraft:beef":11,"minecraft:poppy":6,"minecraft:oak_planks":4,"minecraft:furnace":2,"minecraft:stick":12,"minecraft:raw_iron":3,"minecraft:composter":2,"minecraft:chiseled_stone_bricks":1,"minecraft:dandelion":14,"minecraft:dripstone_block":1,"minecraft:porkchop":48,"minecraft:pointed_dripstone":3,"minecraft:blast_furnace":2,"minecraft:diorite":2,"minecraft:white_bed":4,"minecraft:rotten_flesh":12,"minecraft:diamond":3,"minecraft:hay_block":29,"minecraft:granite":8,"minecraft:netherrack":4,"minecraft:iron_bars":2,"minecraft:mutton":2,"minecraft:coal":36,"minecraft:white_wool":3,"minecraft:cobblestone":183,"minecraft:oxeye_daisy":3},"minecraft:crafted":{"minecraft:cooked_beef":11,"minecraft:oak_planks":44,"minecraft:stone_shovel":4,"minecraft:cooked_porkchop":35,"minecraft:crafting_table":1,"minecraft:wooden_pickaxe":1,"minecraft:furnace":1,"minecraft:stone_axe":1,"minecraft:bread":87,"minecraft:air":0,"minecraft:wooden_hoe":1,"minecraft:iron_axe":1,"minecraft:stick":24,"minecraft:iron_ingot":3,"minecraft:iron_pickaxe":1,"minecraft:stone_pickaxe":1,"minecraft:chest":1,"minecraft:wheat":261}},"DataVersion":3337}