{"stats":{"minecraft:broken":{"minecraft:stone_axe":1,"minecraft:iron_pickaxe":1,"minecraft:stone_shovel":3},"minecraft:used":{"minecraft:oak_trapdoor":1,"minecraft:iron_bars":2,"minecraft:stone_pickaxe":52,"minecraft:stone_shovel":475,"minecraft:oak_planks":5,"minecraft:chest":1,"minecraft:wooden_pickaxe":3,"minecraft:composter":2,"minecraft:netherrack":2,"minecraft:white_wool":6,"minecraft:dirt":508,"minecraft:crafting_table":5,"minecraft:white_bed":4,"minecraft:dripstone_block":1,"minecraft:tuff":11,"minecraft:granite":11,"minecraft:wooden_hoe":30,"minecraft:chicken":1,"minecraft:iron_axe":79,"minecraft:bread":45,"minecraft:iron_pickaxe":253,"minecraft:stone_brick_stairs":2,"minecraft:stone_bricks":1,"minecraft:chiseled_stone_bricks":1,"minecraft:stone_axe":91,"minecraft:cobblestone":139,"minecraft:porkchop":4,"minecraft:furnace":3,"minecraft:cooked_porkchop":9,"minecraft:andesite":5,"minecraft:cobbled_deepslate":58,"minecraft:yellow_bed":7,"minecraft:pointed_dripstone":2},"minecraft:custom":{"minecraft:interact_with_furnace":25,"minecraft:mob_kills":49,"minecraft:interact_with_crafting_table":35,"minecraft:leave_game":5,"minecraft:time_since_death":102146,"minecraft:sleep_in_bed":6,"minecraft:time_since_rest":27552,"minecraft:sprint_one_cm":386183,"minecraft:damage_taken":2481,"minecraft:walk_one_cm":243270,"minecraft:drop":32,"minecraft:damage_dealt":7350,"minecraft:swim_one_cm":26634,"minecraft:fly_one_cm":726850,"minecraft:open_chest":34,"minecraft:crouch_one_cm":22048,"minecraft:play_time":102146,"minecraft:sneak_time":5727,"minecraft:walk_under_water_one_cm":2936,"minecraft:jump":3287,"minecraft:walk_on_water_one_cm":3908,"minecraft:total_world_time":102146,"minecraft:fall_one_cm":127424},"minecraft:killed":{"minecraft:pig":20,"minecraft:spider":1,"minecraft:iron_golem":1,"minecraft:creeper":1,"minecraft:sheep":2,"minecraft:skeleton":2,"minecraft:zombie":14,"minecraft:chicken":2,"minecraft:cow":6},"minecraft:mined":{"minecraft:tuff":12,"minecraft:white_bed":4,"minecraft:deepslate_diamond_ore":3,"minecraft:dandelion":3,"minecraft:crafting_table":4,"minecraft:granite":11,"minecraft:blast_furnace":2,"minecraft:grass_block":343,"minecraft:tall_grass":3,"minecraft:cobblestone":29,"minecraft:oak_planks":4,"minecraft:sugar_cane":6,"minecraft:composter":2,"minecraft:diorite":2,"minecraft:chiseled_stone_bricks":1,"minecraft:hay_block":29,"minecraft:furnace":2,"minecraft:iron_ore":3,"minecraft:cobbled_deepslate":14,"minecraft:andesite":5,"minecraft:yellow_bed":8,"minecraft:stone_brick_stairs":2,"minecraft:gold_block":2,"minecraft:bell":1,"minecraft:grass":93,"minecraft:coal_ore":13,"minecraft:pointed_dripstone":2,"minecraft:oak_log":25,"minecraft:iron_bars":2,"minecraft:dripstone_block":1,"minecraft:dirt":127,"minecraft:stone":105,"minecraft:stone_bricks":1,"minecraft:netherrack":2,"minecraft:white_wool":4,"minecraft:oak_leaves":6,"minecraft:deepslate":91},"minecraft:dropped":{"minecraft:wheat_seeds":5,"minecraft:rotten_flesh":15,"minecraft:stick":12,"minecraft:oxeye_daisy":3,"minecraft:poppy":6,"minecraft:dirt":2,"minecraft:wooden_hoe":2,"minecraft:stone_pickaxe":2,"minecraft:wooden_pickaxe":2,"minecraft:stone_brick_stairs":2,"minecraft:netherrack":2,"minecraft:dandelion":14},"minecraft:picked_up":{"minecraft:crafting_table":4,"minecraft:feather":2,"minecraft:chicken":2,"minecraft:andesite":5,"minecraft:leather":7,"minecraft:wooden_pickaxe":1,"minecraft:gold_block":2,"minecraft:tuff":12,"minecraft:stone_brick_stairs":5,"minecraft:oak_log":25,"minecraft:yellow_bed":8,"minecraft:gunpowder":1,"minecraft:wooden_hoe":1,"minecraft:string":2,"minecraft:dirt":512,"minecraft:bone":3,"minecraft:stone_bricks":1,"minecraft:wheat_seeds":22,"minecraft:cobbled_deepslate":105,"minecraft:bell":1,"minecraft:iron_ingot":3,"minecraft:beef":11,"minecraft:stone_pickaxe":1,"minecraft:poppy":6,"minecraft:sugar_cane":10,"minecraft:oak_planks":4,"minecraft:furnace":2,"minecraft:stick":12,"minecraft:raw_iron":3,"minecraft:composter":2,"minecraft:chiseled_stone_bricks":1,"minecraft:dandelion":14,"minecraft:dripstone_block":4,"minecraft:porkchop":52,"minecraft:blast_furnace":2,"minecraft:pointed_dripstone":8,"minecraft:diorite":2,"minecraft:white_bed":4,"minecraft:arrow":2,"minecraft:rotten_flesh":14,"minecraft:diamond":3,"minecraft:hay_block":29,"minecraft:granite":11,"minecraft:netherrack":5,"minecraft:mutton":2,"minecraft:iron_bars":2,"minecraft:coal":36,"minecraft:white_wool":5,"minecraft:cobblestone":191,"minecraft:oxeye_daisy":3},"minecraft:crafted":{"minecraft:cooked_beef":25,"minecraft:oak_planks":100,"minecraft:stone_shovel":5,"minecraft:cooked_porkchop":36,"minecraft:crafting_table":1,"minecraft:wooden_pickaxe":1,"minecraft:furnace":1,"minecraft:stone_axe":2,"minecraft:oak_trapdoor":2,"minecraft:bread":87,"minecraft:air":0,"minecraft:wooden_hoe":1,"minecraft:iron_axe":1,"minecraft:stick":24,"minecraft:iron_ingot":3,"minecraft:iron_pickaxe":1,"minecraft:stone_pickaxe":2,"minecraft:chest":1,"minecraft:wheat":261}},"DataVersion":3337}