{"stats":{"minecraft:used":{"minecraft:iron_bars":2,"minecraft:stone_pickaxe":40,"minecraft:iron_pickaxe":7,"minecraft:wooden_pickaxe":3,"minecraft:stone_bricks":1,"minecraft:chiseled_stone_bricks":1,"minecraft:stone_axe":53,"minecraft:dirt":4,"minecraft:cobblestone":12,"minecraft:crafting_table":2,"minecraft:furnace":2,"minecraft:cooked_porkchop":4},"minecraft:custom":{"minecraft:time_since_rest":16731,"minecraft:interact_with_furnace":12,"minecraft:sprint_one_cm":82028,"minecraft:damage_taken":206,"minecraft:walk_one_cm":19962,"minecraft:mob_kills":24,"minecraft:drop":2,"minecraft:damage_dealt":2300,"minecraft:swim_one_cm":1544,"minecraft:interact_with_crafting_table":10,"minecraft:fly_one_cm":178073,"minecraft:open_chest":2,"minecraft:crouch_one_cm":2375,"minecraft:play_time":16731,"minecraft:sneak_time":702,"minecraft:walk_under_water_one_cm":124,"minecraft:jump":716,"minecraft:leave_game":1,"minecraft:walk_on_water_one_cm":378,"minecraft:time_since_death":16731,"minecraft:total_world_time":16731,"minecraft:fall_one_cm":21184},"minecraft:killed":{"minecraft:sheep":2,"minecraft:pig":16,"minecraft:chicken":1,"minecraft:cow":5},"minecraft:mined":{"minecraft:furnace":2,"minecraft:iron_ore":3,"minecraft:crafting_table":2,"minecraft:gold_block":2,"minecraft:grass":5,"minecraft:grass_block":2,"minecraft:oak_log":11,"minecraft:coal_ore":13,"minecraft:iron_bars":2,"minecraft:dirt":2,"minecraft:tall_grass":1,"minecraft:stone":26,"minecraft:stone_bricks":1,"minecraft:oak_leaves":4,"minecraft:chiseled_stone_bricks":1},"minecraft:dropped":{"minecraft:wooden_pickaxe":2},"minecraft:picked_up":{"minecraft:crafting_table":2,"minecraft:raw_iron":3,"minecraft:chicken":1,"minecraft:chiseled_stone_bricks":1,"minecraft:leather":7,"minecraft:wooden_pickaxe":1,"minecraft:gold_block":2,"minecraft:porkchop":44,"minecraft:oak_log":11,"minecraft:dirt":4,"minecraft:stone_bricks":1,"minecraft:beef":9,"minecraft:mutton":2,"minecraft:iron_bars":2,"minecraft:coal":36,"minecraft:white_wool":2,"minecraft:cobblestone":26,"minecraft:furnace":2},"minecraft:crafted":{"minecraft:oak_planks":44,"minecraft:cooked_porkchop":7,"minecraft:crafting_table":1,"minecraft:stick":8,"minecraft:wooden_pickaxe":1,"minecraft:iron_ingot":3,"minecraft:iron_pickaxe":1,"minecraft:stone_pickaxe":1,"minecraft:furnace":1,"minecraft:stone_axe":1,"minecraft:air":0}},"DataVersion":3337}