{"stats":{"minecraft:broken":{"minecraft:stone_pickaxe":1,"minecraft:iron_pickaxe":1},"minecraft:used":{"minecraft:stone_sword":12,"minecraft:flint_and_steel":2,"minecraft:chest":2,"minecraft:shield":37,"minecraft:iron_sword":314,"minecraft:rotten_flesh":11,"minecraft:netherrack":145,"minecraft:torch":5,"minecraft:dirt":34,"minecraft:tuff":1,"minecraft:obsidian":4,"minecraft:lava_bucket":10,"minecraft:iron_axe":41,"minecraft:iron_boots":1,"minecraft:crimson_roots":2,"minecraft:crimson_planks":10,"minecraft:furnace":13,"minecraft:cooked_beef":1,"minecraft:golden_boots":1,"minecraft:cooked_mutton":4,"minecraft:water_bucket":29,"minecraft:diorite":11,"minecraft:stone_pickaxe":131,"minecraft:oak_planks":2,"minecraft:wooden_pickaxe":51,"minecraft:rail":1,"minecraft:crafting_table":11,"minecraft:crimson_trapdoor":10,"minecraft:white_bed":3,"minecraft:diamond_pickaxe":404,"minecraft:bread":23,"minecraft:iron_pickaxe":577,"minecraft:map":1,"minecraft:gravel":14,"minecraft:stone_axe":34,"minecraft:nether_wart_block":7,"minecraft:potion":1,"minecraft:cobblestone":46,"minecraft:cooked_porkchop":7,"minecraft:andesite":2,"minecraft:bucket":42},"minecraft:killed_by":{"minecraft:player":1,"minecraft:zombie":1},"minecraft:custom":{"minecraft:mob_kills":102,"minecraft:interact_with_crafting_table":46,"minecraft:leave_game":9,"minecraft:time_since_death":23929,"minecraft:climb_one_cm":233,"minecraft:sprint_one_cm":405178,"minecraft:walk_one_cm":216535,"minecraft:damage_blocked_by_shield":1230,"minecraft:drop":118,"minecraft:play_time":149306,"minecraft:deaths":4,"minecraft:sneak_time":14124,"minecraft:walk_under_water_one_cm":15618,"minecraft:jump":2288,"minecraft:walk_on_water_one_cm":22538,"minecraft:total_world_time":149306,"minecraft:interact_with_furnace":106,"minecraft:interact_with_cartography_table":1,"minecraft:sleep_in_bed":5,"minecraft:time_since_rest":23969,"minecraft:damage_taken":2941,"minecraft:damage_dealt":16521,"minecraft:swim_one_cm":52433,"minecraft:fly_one_cm":922574,"minecraft:open_chest":60,"minecraft:crouch_one_cm":36195,"minecraft:fall_one_cm":73435},"minecraft:killed":{"minecraft:cave_spider":1,"minecraft:zombified_piglin":48,"minecraft:spider":3,"minecraft:skeleton":8,"minecraft:piglin_brute":2,"minecraft:magma_cube":1,"minecraft:piglin":9,"minecraft:pig":4,"minecraft:zombie_villager":1,"minecraft:bat":2,"minecraft:hoglin":3,"minecraft:sheep":1,"minecraft:zombie":4,"minecraft:ghast":1,"minecraft:wither_skeleton":8,"minecraft:blaze":1,"minecraft:enderman":2,"minecraft:cow":1},"minecraft:mined":{"minecraft:nether_gold_ore":27,"minecraft:crying_obsidian":2,"minecraft:tuff":11,"minecraft:white_bed":3,"minecraft:mossy_cobblestone":2,"minecraft:deepslate_diamond_ore":49,"minecraft:obsidian":5,"minecraft:nether_bricks":3,"minecraft:granite":3,"minecraft:chiseled_polished_blackstone":3,"minecraft:crimson_trapdoor":2,"minecraft:grass_block":16,"minecraft:cracked_polished_blackstone_bricks":8,"minecraft:weeping_vines":1,"minecraft:gilded_blackstone":1,"minecraft:crimson_stem":30,"minecraft:spawner":2,"minecraft:hay_block":53,"minecraft:weeping_vines_plant":2,"minecraft:furnace":11,"minecraft:iron_ore":130,"minecraft:fire":7,"minecraft:andesite":3,"minecraft:gold_block":15,"minecraft:twisting_vines":2,"minecraft:pointed_dripstone":8,"minecraft:deepslate_iron_ore":15,"minecraft:stone":203,"minecraft:blackstone":80,"minecraft:twisting_vines_plant":1,"minecraft:basalt":1,"minecraft:crafting_table":9,"minecraft:nether_quartz_ore":10,"minecraft:copper_ore":1,"minecraft:cobblestone":8,"minecraft:lapis_ore":4,"minecraft:deepslate_gold_ore":19,"minecraft:oak_planks":12,"minecraft:diorite":8,"minecraft:nether_wart_block":8,"minecraft:birch_leaves":1,"minecraft:grass":1,"minecraft:oak_log":38,"minecraft:coal_ore":79,"minecraft:gravel":15,"minecraft:dripstone_block":21,"minecraft:dirt":22,"minecraft:cobweb":2,"minecraft:netherrack":148,"minecraft:gold_ore":8,"minecraft:oak_leaves":14,"minecraft:deepslate":247},"minecraft:picked_up":{"minecraft:crafting_table":10,"minecraft:coarse_dirt":1,"minecraft:wheat":1,"minecraft:splash_potion":1,"minecraft:wooden_pickaxe":2,"minecraft:gold_block":15,"minecraft:potion":1,"minecraft:enchanted_book":1,"minecraft:gilded_blackstone":1,"minecraft:crimson_trapdoor":2,"minecraft:nether_brick":2,"minecraft:golden_sword":3,"minecraft:string":7,"minecraft:raw_copper":5,"minecraft:compass":1,"minecraft:blackstone":136,"minecraft:gold_nugget":192,"minecraft:cobbled_deepslate":118,"minecraft:beef":5,"minecraft:iron_nugget":56,"minecraft:furnace":13,"minecraft:stick":8,"minecraft:raw_iron":199,"minecraft:porkchop":22,"minecraft:pointed_dripstone":26,"minecraft:diorite":14,"minecraft:stone_sword":1,"minecraft:weeping_vines":5,"minecraft:arrow":10,"minecraft:rotten_flesh":33,"minecraft:nether_bricks":4,"minecraft:hay_block":52,"minecraft:gold_ingot":34,"minecraft:blaze_rod":1,"minecraft:obsidian":6,"minecraft:mutton":4,"minecraft:rail":6,"minecraft:white_wool":4,"minecraft:cobblestone":248,"minecraft:basalt":3,"minecraft:crimson_stem":28,"minecraft:glow_ink_sac":6,"minecraft:andesite":3,"minecraft:leather":10,"minecraft:golden_leggings":1,"minecraft:birch_planks":12,"minecraft:flint":1,"minecraft:tuff":1,"minecraft:oak_log":38,"minecraft:nether_wart_block":7,"minecraft:gunpowder":2,"minecraft:lapis_lazuli":58,"minecraft:map":1,"minecraft:dirt":51,"minecraft:paper":8,"minecraft:twisting_vines":2,"minecraft:cooked_mutton":4,"minecraft:bone":17,"minecraft:bow":1,"minecraft:wheat_seeds":3,"minecraft:raw_gold":27,"minecraft:stone_pickaxe":1,"minecraft:iron_ingot":7,"minecraft:oak_planks":56,"minecraft:soul_sand":4,"minecraft:ghast_tear":1,"minecraft:chiseled_polished_blackstone":3,"minecraft:cooked_porkchop":7,"minecraft:quartz":27,"minecraft:dripstone_block":33,"minecraft:gravel":43,"minecraft:spruce_sapling":1,"minecraft:white_bed":3,"minecraft:crying_obsidian":7,"minecraft:spectral_arrow":29,"minecraft:spider_eye":1,"minecraft:diamond":49,"minecraft:cracked_polished_blackstone_bricks":8,"minecraft:granite":3,"minecraft:warped_roots":5,"minecraft:bread":2,"minecraft:oak_sapling":1,"minecraft:oak_leaves":13,"minecraft:netherrack":152,"minecraft:coal":151,"minecraft:crimson_roots":3,"minecraft:ender_pearl":3,"minecraft:diamond_pickaxe":1},"minecraft:dropped":{"minecraft:golden_boots":1,"minecraft:iron_ingot":1,"minecraft:porkchop":2,"minecraft:wheat_seeds":3,"minecraft:ender_pearl":3,"minecraft:glass_bottle":1,"minecraft:diamond":18,"minecraft:dripstone_block":4,"minecraft:leather":1,"minecraft:granite":3,"minecraft:rail":2,"minecraft:dirt":17,"minecraft:diorite":3,"minecraft:crimson_roots":1,"minecraft:gold_nugget":55,"minecraft:string":6,"minecraft:white_wool":1,"minecraft:spruce_sapling":1,"minecraft:gold_ingot":51,"minecraft:gravel":17,"minecraft:stone_axe":1,"minecraft:blackstone":57,"minecraft:blaze_rod":1,"minecraft:coarse_dirt":1,"minecraft:stone_sword":2,"minecraft:cobbled_deepslate":2,"minecraft:raw_copper":5,"minecraft:nether_brick":2,"minecraft:wheat":1,"minecraft:pointed_dripstone":2,"minecraft:diamond_pickaxe":1,"minecraft:andesite":1,"minecraft:golden_leggings":1,"minecraft:oak_sapling":1,"minecraft:golden_sword":1,"minecraft:spider_eye":1,"minecraft:basalt":1,"minecraft:arrow":1,"minecraft:wooden_pickaxe":4,"minecraft:stone_pickaxe":1,"minecraft:ghast_tear":1,"minecraft:crying_obsidian":1,"minecraft:quartz":17,"minecraft:netherrack":6},"minecraft:crafted":{"minecraft:oak_planks":64,"minecraft:crimson_trapdoor":8,"minecraft:furnace":3,"minecraft:flint_and_steel":1,"minecraft:diamond_helmet":1,"minecraft:diamond_leggings":1,"minecraft:iron_boots":3,"minecraft:iron_axe":3,"minecraft:stone_pickaxe":1,"minecraft:chest":2,"minecraft:diamond_boots":1,"minecraft:wheat":468,"minecraft:golden_boots":1,"minecraft:cooked_beef":1,"minecraft:crimson_planks":84,"minecraft:crafting_table":2,"minecraft:wooden_pickaxe":2,"minecraft:iron_helmet":3,"minecraft:iron_sword":3,"minecraft:bucket":3,"minecraft:stone_axe":1,"minecraft:bread":156,"minecraft:air":0,"minecraft:iron_chestplate":3,"minecraft:diamond_pickaxe":1,"minecraft:shield":3,"minecraft:stick":28,"minecraft:iron_ingot":121,"minecraft:iron_pickaxe":4,"minecraft:stone_sword":1,"minecraft:iron_leggings":3,"minecraft:gold_ingot":35,"minecraft:white_bed":1,"minecraft:torch":16,"minecraft:diamond_chestplate":1}},"DataVersion":3337}