{"stats":{"minecraft:broken":{"minecraft:stone_pickaxe":1,"minecraft:iron_pickaxe":1},"minecraft:used":{"minecraft:stone_sword":12,"minecraft:flint_and_steel":1,"minecraft:chest":2,"minecraft:shield":11,"minecraft:iron_sword":208,"minecraft:rotten_flesh":11,"minecraft:netherrack":145,"minecraft:torch":5,"minecraft:dirt":34,"minecraft:tuff":1,"minecraft:lava_bucket":10,"minecraft:iron_axe":41,"minecraft:iron_boots":1,"minecraft:crimson_roots":2,"minecraft:crimson_planks":10,"minecraft:furnace":13,"minecraft:cooked_beef":1,"minecraft:golden_boots":1,"minecraft:cooked_mutton":4,"minecraft:water_bucket":26,"minecraft:diorite":11,"minecraft:stone_pickaxe":131,"minecraft:oak_planks":2,"minecraft:wooden_pickaxe":51,"minecraft:rail":1,"minecraft:crafting_table":11,"minecraft:crimson_trapdoor":10,"minecraft:white_bed":3,"minecraft:diamond_pickaxe":289,"minecraft:bread":10,"minecraft:iron_pickaxe":577,"minecraft:map":1,"minecraft:gravel":14,"minecraft:stone_axe":34,"minecraft:nether_wart_block":7,"minecraft:cobblestone":44,"minecraft:cooked_porkchop":7,"minecraft:andesite":2,"minecraft:bucket":39},"minecraft:killed_by":{"minecraft:player":1,"minecraft:zombie":1},"minecraft:custom":{"minecraft:mob_kills":79,"minecraft:interact_with_crafting_table":44,"minecraft:leave_game":9,"minecraft:time_since_death":234,"minecraft:sprint_one_cm":371205,"minecraft:walk_one_cm":186329,"minecraft:damage_blocked_by_shield":370,"minecraft:drop":101,"minecraft:play_time":125611,"minecraft:deaths":4,"minecraft:sneak_time":13801,"minecraft:walk_under_water_one_cm":14992,"minecraft:jump":2128,"minecraft:walk_on_water_one_cm":21962,"minecraft:total_world_time":125611,"minecraft:interact_with_furnace":104,"minecraft:interact_with_cartography_table":1,"minecraft:sleep_in_bed":5,"minecraft:time_since_rest":274,"minecraft:damage_taken":2089,"minecraft:damage_dealt":10529,"minecraft:swim_one_cm":52433,"minecraft:fly_one_cm":364738,"minecraft:open_chest":28,"minecraft:crouch_one_cm":35623,"minecraft:fall_one_cm":54851},"minecraft:killed":{"minecraft:cave_spider":1,"minecraft:zombified_piglin":48,"minecraft:spider":3,"minecraft:skeleton":8,"minecraft:magma_cube":1,"minecraft:piglin":3,"minecraft:pig":4,"minecraft:zombie_villager":1,"minecraft:bat":2,"minecraft:hoglin":2,"minecraft:sheep":1,"minecraft:zombie":4,"minecraft:cow":1},"minecraft:mined":{"minecraft:nether_gold_ore":27,"minecraft:tuff":11,"minecraft:white_bed":3,"minecraft:mossy_cobblestone":2,"minecraft:deepslate_diamond_ore":49,"minecraft:obsidian":5,"minecraft:granite":3,"minecraft:crimson_trapdoor":2,"minecraft:grass_block":16,"minecraft:weeping_vines":1,"minecraft:crimson_stem":30,"minecraft:spawner":2,"minecraft:hay_block":53,"minecraft:weeping_vines_plant":2,"minecraft:furnace":11,"minecraft:iron_ore":130,"minecraft:fire":7,"minecraft:andesite":3,"minecraft:twisting_vines":2,"minecraft:pointed_dripstone":8,"minecraft:deepslate_iron_ore":15,"minecraft:stone":203,"minecraft:twisting_vines_plant":1,"minecraft:crafting_table":9,"minecraft:nether_quartz_ore":10,"minecraft:copper_ore":1,"minecraft:cobblestone":8,"minecraft:lapis_ore":4,"minecraft:deepslate_gold_ore":19,"minecraft:oak_planks":12,"minecraft:diorite":8,"minecraft:nether_wart_block":8,"minecraft:birch_leaves":1,"minecraft:grass":1,"minecraft:oak_log":38,"minecraft:coal_ore":79,"minecraft:gravel":15,"minecraft:dripstone_block":21,"minecraft:dirt":22,"minecraft:cobweb":2,"minecraft:netherrack":147,"minecraft:gold_ore":8,"minecraft:oak_leaves":14,"minecraft:deepslate":247},"minecraft:picked_up":{"minecraft:crafting_table":10,"minecraft:coarse_dirt":1,"minecraft:splash_potion":1,"minecraft:wooden_pickaxe":2,"minecraft:potion":1,"minecraft:enchanted_book":1,"minecraft:crimson_trapdoor":2,"minecraft:nether_brick":2,"minecraft:golden_sword":2,"minecraft:string":7,"minecraft:raw_copper":5,"minecraft:compass":1,"minecraft:blackstone":56,"minecraft:gold_nugget":189,"minecraft:cobbled_deepslate":118,"minecraft:beef":5,"minecraft:iron_nugget":56,"minecraft:furnace":13,"minecraft:stick":8,"minecraft:raw_iron":199,"minecraft:porkchop":18,"minecraft:pointed_dripstone":26,"minecraft:diorite":14,"minecraft:weeping_vines":5,"minecraft:arrow":5,"minecraft:rotten_flesh":33,"minecraft:hay_block":52,"minecraft:gold_ingot":34,"minecraft:obsidian":6,"minecraft:mutton":4,"minecraft:rail":6,"minecraft:white_wool":4,"minecraft:cobblestone":248,"minecraft:crimson_stem":28,"minecraft:glow_ink_sac":6,"minecraft:andesite":3,"minecraft:leather":9,"minecraft:birch_planks":12,"minecraft:flint":1,"minecraft:tuff":1,"minecraft:oak_log":38,"minecraft:nether_wart_block":7,"minecraft:lapis_lazuli":58,"minecraft:map":1,"minecraft:dirt":35,"minecraft:twisting_vines":2,"minecraft:cooked_mutton":4,"minecraft:bone":5,"minecraft:bow":1,"minecraft:raw_gold":27,"minecraft:stone_pickaxe":1,"minecraft:iron_ingot":7,"minecraft:oak_planks":56,"minecraft:soul_sand":4,"minecraft:cooked_porkchop":7,"minecraft:quartz":27,"minecraft:dripstone_block":33,"minecraft:gravel":43,"minecraft:spruce_sapling":1,"minecraft:white_bed":3,"minecraft:crying_obsidian":4,"minecraft:spectral_arrow":29,"minecraft:spider_eye":1,"minecraft:diamond":49,"minecraft:granite":3,"minecraft:bread":2,"minecraft:oak_sapling":1,"minecraft:netherrack":151,"minecraft:coal":149,"minecraft:crimson_roots":3},"minecraft:dropped":{"minecraft:golden_boots":1,"minecraft:iron_ingot":1,"minecraft:porkchop":2,"minecraft:diamond":18,"minecraft:dripstone_block":4,"minecraft:granite":3,"minecraft:rail":2,"minecraft:dirt":1,"minecraft:diorite":3,"minecraft:crimson_roots":1,"minecraft:gold_nugget":49,"minecraft:string":6,"minecraft:white_wool":1,"minecraft:spruce_sapling":1,"minecraft:gold_ingot":51,"minecraft:gravel":17,"minecraft:stone_axe":1,"minecraft:blackstone":41,"minecraft:coarse_dirt":1,"minecraft:stone_sword":1,"minecraft:cobbled_deepslate":2,"minecraft:raw_copper":5,"minecraft:nether_brick":2,"minecraft:pointed_dripstone":2,"minecraft:andesite":1,"minecraft:oak_sapling":1,"minecraft:spider_eye":1,"minecraft:arrow":1,"minecraft:wooden_pickaxe":4,"minecraft:stone_pickaxe":1,"minecraft:quartz":17,"minecraft:netherrack":6},"minecraft:crafted":{"minecraft:oak_planks":64,"minecraft:crimson_trapdoor":8,"minecraft:furnace":3,"minecraft:flint_and_steel":1,"minecraft:iron_boots":3,"minecraft:iron_axe":3,"minecraft:stone_pickaxe":1,"minecraft:chest":2,"minecraft:golden_boots":1,"minecraft:cooked_beef":1,"minecraft:crimson_planks":84,"minecraft:crafting_table":2,"minecraft:wooden_pickaxe":2,"minecraft:iron_helmet":3,"minecraft:iron_sword":3,"minecraft:bucket":3,"minecraft:stone_axe":1,"minecraft:air":0,"minecraft:iron_chestplate":3,"minecraft:diamond_pickaxe":1,"minecraft:shield":3,"minecraft:stick":28,"minecraft:iron_ingot":121,"minecraft:iron_pickaxe":4,"minecraft:stone_sword":1,"minecraft:iron_leggings":3,"minecraft:gold_ingot":31,"minecraft:white_bed":1,"minecraft:torch":16}},"DataVersion":3337}