{"stats":{"minecraft:broken":{"minecraft:stone_pickaxe":1},"minecraft:used":{"minecraft:stone_sword":12,"minecraft:stone_pickaxe":131,"minecraft:wooden_pickaxe":23,"minecraft:gravel":1,"minecraft:stone_axe":34,"minecraft:dirt":19,"minecraft:rail":1,"minecraft:crafting_table":2,"minecraft:furnace":3,"minecraft:andesite":2},"minecraft:custom":{"minecraft:time_since_rest":11028,"minecraft:interact_with_furnace":20,"minecraft:sprint_one_cm":34540,"minecraft:damage_taken":90,"minecraft:walk_one_cm":17387,"minecraft:mob_kills":2,"minecraft:drop":3,"minecraft:damage_dealt":320,"minecraft:swim_one_cm":328,"minecraft:interact_with_crafting_table":10,"minecraft:fly_one_cm":14553,"minecraft:open_chest":2,"minecraft:play_time":11028,"minecraft:crouch_one_cm":1297,"minecraft:sneak_time":675,"minecraft:walk_under_water_one_cm":15,"minecraft:jump":142,"minecraft:leave_game":1,"minecraft:time_since_death":11028,"minecraft:walk_on_water_one_cm":1006,"minecraft:total_world_time":11028,"minecraft:fall_one_cm":2987},"minecraft:killed":{"minecraft:spider":2},"minecraft:mined":{"minecraft:iron_ore":51,"minecraft:andesite":2,"minecraft:crafting_table":1,"minecraft:oak_log":38,"minecraft:grass_block":12,"minecraft:coal_ore":6,"minecraft:deepslate_iron_ore":2,"minecraft:gravel":1,"minecraft:dirt":11,"minecraft:cobweb":2,"minecraft:stone":79,"minecraft:oak_planks":1,"minecraft:diorite":1,"minecraft:oak_leaves":11,"minecraft:deepslate":1,"minecraft:spawner":2},"minecraft:dropped":{"minecraft:stone_sword":1,"minecraft:wooden_pickaxe":2},"minecraft:picked_up":{"minecraft:raw_iron":53,"minecraft:stick":2,"minecraft:crafting_table":1,"minecraft:andesite":2,"minecraft:wooden_pickaxe":1,"minecraft:gravel":1,"minecraft:oak_log":38,"minecraft:diorite":1,"minecraft:string":3,"minecraft:dirt":19,"minecraft:cobbled_deepslate":1,"minecraft:oak_sapling":1,"minecraft:coal":6,"minecraft:rail":1,"minecraft:cobblestone":72},"minecraft:crafted":{"minecraft:oak_planks":64,"minecraft:iron_boots":1,"minecraft:iron_chestplate":1,"minecraft:shield":1,"minecraft:crafting_table":1,"minecraft:iron_helmet":1,"minecraft:stick":12,"minecraft:iron_pickaxe":1,"minecraft:iron_ingot":36,"minecraft:wooden_pickaxe":1,"minecraft:stone_pickaxe":1,"minecraft:stone_sword":1,"minecraft:iron_sword":1,"minecraft:iron_leggings":1,"minecraft:furnace":3,"minecraft:stone_axe":1,"minecraft:air":0}},"DataVersion":3337}