{"stats":{"minecraft:broken":{"minecraft:stone_pickaxe":1,"minecraft:iron_pickaxe":1},"minecraft:used":{"minecraft:cooked_mutton":4,"minecraft:water_bucket":16,"minecraft:diorite":11,"minecraft:stone_sword":12,"minecraft:flint_and_steel":1,"minecraft:stone_pickaxe":131,"minecraft:oak_planks":2,"minecraft:chest":2,"minecraft:wooden_pickaxe":51,"minecraft:shield":3,"minecraft:iron_sword":35,"minecraft:netherrack":9,"minecraft:dirt":29,"minecraft:rail":1,"minecraft:crafting_table":9,"minecraft:white_bed":2,"minecraft:tuff":1,"minecraft:lava_bucket":10,"minecraft:iron_axe":8,"minecraft:bread":7,"minecraft:iron_pickaxe":343,"minecraft:map":1,"minecraft:iron_boots":1,"minecraft:gravel":14,"minecraft:stone_axe":34,"minecraft:cobblestone":9,"minecraft:furnace":7,"minecraft:bucket":29,"minecraft:andesite":2},"minecraft:killed_by":{"minecraft:zombie":1},"minecraft:custom":{"minecraft:interact_with_furnace":57,"minecraft:mob_kills":12,"minecraft:interact_with_crafting_table":26,"minecraft:leave_game":4,"minecraft:time_since_death":34783,"minecraft:sleep_in_bed":1,"minecraft:time_since_rest":17754,"minecraft:sprint_one_cm":204279,"minecraft:damage_taken":821,"minecraft:walk_one_cm":87442,"minecraft:damage_blocked_by_shield":100,"minecraft:drop":32,"minecraft:damage_dealt":2058,"minecraft:swim_one_cm":4522,"minecraft:fly_one_cm":112559,"minecraft:open_chest":5,"minecraft:play_time":57671,"minecraft:crouch_one_cm":17796,"minecraft:deaths":2,"minecraft:sneak_time":7362,"minecraft:walk_under_water_one_cm":7062,"minecraft:jump":986,"minecraft:walk_on_water_one_cm":7734,"minecraft:total_world_time":57671,"minecraft:fall_one_cm":27239},"minecraft:killed":{"minecraft:cave_spider":1,"minecraft:zombie_villager":1,"minecraft:spider":3,"minecraft:bat":2,"minecraft:skeleton":2,"minecraft:zombie":3},"minecraft:mined":{"minecraft:nether_gold_ore":6,"minecraft:tuff":1,"minecraft:white_bed":1,"minecraft:deepslate_diamond_ore":4,"minecraft:crafting_table":7,"minecraft:granite":1,"minecraft:grass_block":14,"minecraft:nether_quartz_ore":10,"minecraft:cobblestone":3,"minecraft:copper_ore":1,"minecraft:deepslate_gold_ore":16,"minecraft:lapis_ore":4,"minecraft:oak_planks":12,"minecraft:diorite":8,"minecraft:spawner":2,"minecraft:furnace":7,"minecraft:iron_ore":130,"minecraft:birch_leaves":1,"minecraft:andesite":3,"minecraft:pointed_dripstone":8,"minecraft:oak_log":38,"minecraft:coal_ore":69,"minecraft:deepslate_iron_ore":15,"minecraft:dripstone_block":21,"minecraft:gravel":15,"minecraft:dirt":19,"minecraft:cobweb":2,"minecraft:stone":139,"minecraft:netherrack":10,"minecraft:gold_ore":8,"minecraft:oak_leaves":14,"minecraft:deepslate":48},"minecraft:picked_up":{"minecraft:crafting_table":8,"minecraft:coarse_dirt":1,"minecraft:glow_ink_sac":6,"minecraft:andesite":3,"minecraft:leather":2,"minecraft:wooden_pickaxe":2,"minecraft:birch_planks":12,"minecraft:flint":1,"minecraft:tuff":1,"minecraft:oak_log":38,"minecraft:dirt":30,"minecraft:lapis_lazuli":58,"minecraft:map":1,"minecraft:string":7,"minecraft:raw_copper":5,"minecraft:cooked_mutton":4,"minecraft:compass":1,"minecraft:bow":1,"minecraft:gold_nugget":20,"minecraft:cobbled_deepslate":52,"minecraft:raw_gold":24,"minecraft:iron_ingot":6,"minecraft:beef":4,"minecraft:stone_pickaxe":1,"minecraft:oak_planks":56,"minecraft:furnace":9,"minecraft:stick":8,"minecraft:raw_iron":196,"minecraft:cooked_porkchop":7,"minecraft:quartz":10,"minecraft:dripstone_block":33,"minecraft:gravel":18,"minecraft:porkchop":1,"minecraft:pointed_dripstone":26,"minecraft:spruce_sapling":1,"minecraft:diorite":14,"minecraft:white_bed":1,"minecraft:spider_eye":1,"minecraft:arrow":3,"minecraft:rotten_flesh":6,"minecraft:diamond":4,"minecraft:granite":2,"minecraft:bread":2,"minecraft:netherrack":10,"minecraft:oak_sapling":1,"minecraft:crimson_roots":1,"minecraft:mutton":2,"minecraft:coal":99,"minecraft:white_wool":3,"minecraft:rail":6,"minecraft:cobblestone":178},"minecraft:dropped":{"minecraft:gravel":4,"minecraft:stone_axe":1,"minecraft:coarse_dirt":1,"minecraft:stone_sword":1,"minecraft:cobbled_deepslate":1,"minecraft:dripstone_block":4,"minecraft:pointed_dripstone":2,"minecraft:granite":2,"minecraft:rail":2,"minecraft:dirt":1,"minecraft:diorite":3,"minecraft:crimson_roots":1,"minecraft:andesite":1,"minecraft:oak_sapling":1,"minecraft:spider_eye":1,"minecraft:wooden_pickaxe":4,"minecraft:stone_pickaxe":1,"minecraft:string":6,"minecraft:spruce_sapling":1},"minecraft:crafted":{"minecraft:oak_planks":64,"minecraft:crafting_table":2,"minecraft:wooden_pickaxe":2,"minecraft:iron_helmet":2,"minecraft:iron_sword":2,"minecraft:furnace":3,"minecraft:bucket":3,"minecraft:stone_axe":1,"minecraft:air":0,"minecraft:flint_and_steel":1,"minecraft:iron_boots":2,"minecraft:iron_chestplate":2,"minecraft:shield":2,"minecraft:iron_axe":2,"minecraft:stick":16,"minecraft:iron_ingot":88,"minecraft:iron_pickaxe":3,"minecraft:stone_pickaxe":1,"minecraft:stone_sword":1,"minecraft:chest":2,"minecraft:iron_leggings":2,"minecraft:white_bed":1}},"DataVersion":3337}