{"stats":{"minecraft:broken":{"minecraft:stone_pickaxe":1},"minecraft:used":{"minecraft:stone_sword":12,"minecraft:stone_pickaxe":131,"minecraft:oak_planks":2,"minecraft:wooden_pickaxe":23,"minecraft:shield":1,"minecraft:iron_sword":17,"minecraft:dirt":29,"minecraft:rail":1,"minecraft:crafting_table":3,"minecraft:iron_axe":4,"minecraft:bread":5,"minecraft:iron_pickaxe":86,"minecraft:gravel":1,"minecraft:stone_axe":34,"minecraft:cobblestone":7,"minecraft:furnace":3,"minecraft:bucket":1,"minecraft:andesite":2},"minecraft:custom":{"minecraft:interact_with_furnace":25,"minecraft:mob_kills":6,"minecraft:interact_with_crafting_table":11,"minecraft:leave_game":2,"minecraft:time_since_death":5267,"minecraft:time_since_rest":5308,"minecraft:sprint_one_cm":69674,"minecraft:damage_taken":431,"minecraft:walk_one_cm":37201,"minecraft:damage_blocked_by_shield":30,"minecraft:drop":10,"minecraft:damage_dealt":1120,"minecraft:swim_one_cm":328,"minecraft:fly_one_cm":34305,"minecraft:open_chest":2,"minecraft:crouch_one_cm":4120,"minecraft:play_time":22396,"minecraft:deaths":1,"minecraft:sneak_time":2231,"minecraft:walk_under_water_one_cm":15,"minecraft:jump":340,"minecraft:walk_on_water_one_cm":1507,"minecraft:total_world_time":22396,"minecraft:fall_one_cm":9749},"minecraft:killed":{"minecraft:zombie_villager":1,"minecraft:spider":2,"minecraft:skeleton":2,"minecraft:zombie":1},"minecraft:mined":{"minecraft:crafting_table":3,"minecraft:grass_block":14,"minecraft:oak_planks":3,"minecraft:diorite":2,"minecraft:spawner":2,"minecraft:furnace":3,"minecraft:iron_ore":81,"minecraft:andesite":2,"minecraft:birch_leaves":1,"minecraft:oak_log":38,"minecraft:coal_ore":37,"minecraft:deepslate_iron_ore":2,"minecraft:gravel":1,"minecraft:dirt":19,"minecraft:cobweb":2,"minecraft:stone":100,"minecraft:oak_leaves":14,"minecraft:deepslate":1},"minecraft:dropped":{"minecraft:stone_axe":1,"minecraft:stone_sword":1,"minecraft:cobbled_deepslate":1,"minecraft:diorite":2,"minecraft:oak_sapling":1,"minecraft:wooden_pickaxe":2,"minecraft:string":2},"minecraft:picked_up":{"minecraft:crafting_table":3,"minecraft:andesite":2,"minecraft:wooden_pickaxe":1,"minecraft:oak_log":38,"minecraft:dirt":29,"minecraft:string":3,"minecraft:bow":1,"minecraft:cobbled_deepslate":1,"minecraft:iron_ingot":6,"minecraft:oak_planks":2,"minecraft:furnace":3,"minecraft:raw_iron":88,"minecraft:stick":2,"minecraft:gravel":1,"minecraft:diorite":2,"minecraft:arrow":3,"minecraft:rotten_flesh":2,"minecraft:oak_sapling":1,"minecraft:coal":37,"minecraft:rail":4,"minecraft:cobblestone":93},"minecraft:crafted":{"minecraft:oak_planks":64,"minecraft:crafting_table":1,"minecraft:wooden_pickaxe":1,"minecraft:iron_helmet":1,"minecraft:iron_sword":1,"minecraft:furnace":3,"minecraft:bucket":1,"minecraft:stone_axe":1,"minecraft:air":0,"minecraft:iron_boots":1,"minecraft:iron_chestplate":1,"minecraft:shield":1,"minecraft:iron_axe":1,"minecraft:stick":12,"minecraft:iron_ingot":42,"minecraft:iron_pickaxe":1,"minecraft:stone_pickaxe":1,"minecraft:stone_sword":1,"minecraft:iron_leggings":1}},"DataVersion":3337}