{"stats":{"minecraft:killed":{"minecraft:spider":2,"minecraft:creeper":1,"minecraft:sheep":2,"minecraft:zombie":6,"minecraft:chicken":4,"minecraft:cow":4},"minecraft:mined":{"minecraft:crafting_table":4,"minecraft:grass_block":8,"minecraft:tall_grass":2,"minecraft:spruce_leaves":7,"minecraft:sugar_cane":4,"minecraft:furnace":5,"minecraft:iron_ore":21,"minecraft:spruce_log":16,"minecraft:andesite":15,"minecraft:grass":3,"minecraft:coal_ore":6,"minecraft:gravel":25,"minecraft:dirt":12,"minecraft:stone":113,"minecraft:gold_ore":5},"minecraft:dropped":{"minecraft:gravel":16,"minecraft:stone_sword":2,"minecraft:feather":3,"minecraft:rotten_flesh":1,"minecraft:wooden_pickaxe":1,"minecraft:stone_pickaxe":2,"minecraft:spruce_sapling":3},"minecraft:picked_up":{"minecraft:crafting_table":3,"minecraft:feather":3,"minecraft:cooked_beef":12,"minecraft:chicken":4,"minecraft:andesite":15,"minecraft:leather":3,"minecraft:flint":2,"minecraft:dirt":14,"minecraft:string":2,"minecraft:cooked_mutton":5,"minecraft:raw_gold":5,"minecraft:iron_ingot":2,"minecraft:stone_pickaxe":1,"minecraft:sugar_cane":9,"minecraft:egg":1,"minecraft:furnace":4,"minecraft:stick":4,"minecraft:raw_iron":27,"minecraft:cooked_porkchop":3,"minecraft:gravel":21,"minecraft:porkchop":3,"minecraft:spruce_sapling":3,"minecraft:spruce_log":16,"minecraft:spider_eye":1,"minecraft:stone_sword":1,"minecraft:rotten_flesh":5,"minecraft:coal":14,"minecraft:white_wool":3,"minecraft:cobblestone":112},"minecraft:custom":{"minecraft:interact_with_furnace":23,"minecraft:mob_kills":20,"minecraft:interact_with_crafting_table":12,"minecraft:leave_game":5,"minecraft:time_since_death":2358,"minecraft:time_since_rest":2383,"minecraft:sprint_one_cm":56968,"minecraft:damage_taken":1345,"minecraft:walk_one_cm":40946,"minecraft:damage_blocked_by_shield":545,"minecraft:drop":13,"minecraft:damage_dealt":2679,"minecraft:swim_one_cm":1517,"minecraft:fly_one_cm":639559,"minecraft:crouch_one_cm":1515,"minecraft:play_time":26798,"minecraft:deaths":1,"minecraft:sneak_time":720,"minecraft:walk_under_water_one_cm":2196,"minecraft:jump":246,"minecraft:walk_on_water_one_cm":5871,"minecraft:total_world_time":26798,"minecraft:fall_one_cm":16809},"minecraft:used":{"minecraft:cooked_mutton":5,"minecraft:stone_pickaxe":99,"minecraft:wooden_pickaxe":13,"minecraft:shield":43,"minecraft:iron_sword":66,"minecraft:cooked_chicken":3,"minecraft:rotten_flesh":4,"minecraft:dirt":5,"minecraft:crafting_table":4,"minecraft:milk_bucket":2,"minecraft:lava_bucket":26,"minecraft:iron_pickaxe":73,"minecraft:gravel":4,"minecraft:furnace":5,"minecraft:bucket":26,"minecraft:andesite":7,"minecraft:egg":1,"minecraft:cooked_beef":4},"minecraft:killed_by":{"minecraft:player":1},"minecraft:crafted":{"minecraft:crafting_table":2,"minecraft:spruce_planks":64,"minecraft:wooden_pickaxe":1,"minecraft:cooked_chicken":3,"minecraft:iron_sword":1,"minecraft:furnace":3,"minecraft:bucket":1,"minecraft:air":0,"minecraft:shield":1,"minecraft:stick":8,"minecraft:iron_ingot":20,"minecraft:iron_pickaxe":1,"minecraft:stone_pickaxe":1,"minecraft:stone_sword":1}},"DataVersion":3337}