{"stats":{"minecraft:broken":{"minecraft:stone_pickaxe":1,"minecraft:iron_pickaxe":1},"minecraft:used":{"minecraft:stone_sword":12,"minecraft:flint_and_steel":1,"minecraft:chest":2,"minecraft:shield":8,"minecraft:iron_sword":176,"minecraft:rotten_flesh":4,"minecraft:netherrack":145,"minecraft:dirt":29,"minecraft:tuff":1,"minecraft:lava_bucket":10,"minecraft:iron_axe":41,"minecraft:iron_boots":1,"minecraft:crimson_roots":2,"minecraft:crimson_planks":10,"minecraft:furnace":11,"minecraft:golden_boots":1,"minecraft:cooked_mutton":4,"minecraft:water_bucket":21,"minecraft:diorite":11,"minecraft:stone_pickaxe":131,"minecraft:oak_planks":2,"minecraft:wooden_pickaxe":51,"minecraft:rail":1,"minecraft:crafting_table":11,"minecraft:crimson_trapdoor":10,"minecraft:white_bed":3,"minecraft:diamond_pickaxe":237,"minecraft:bread":7,"minecraft:iron_pickaxe":507,"minecraft:map":1,"minecraft:gravel":14,"minecraft:stone_axe":34,"minecraft:nether_wart_block":7,"minecraft:cobblestone":23,"minecraft:cooked_porkchop":5,"minecraft:andesite":2,"minecraft:bucket":34},"minecraft:killed_by":{"minecraft:zombie":1},"minecraft:custom":{"minecraft:mob_kills":67,"minecraft:interact_with_crafting_table":44,"minecraft:leave_game":5,"minecraft:time_since_death":37534,"minecraft:sprint_one_cm":300728,"minecraft:walk_one_cm":161489,"minecraft:damage_blocked_by_shield":285,"minecraft:drop":92,"minecraft:play_time":102197,"minecraft:deaths":3,"minecraft:sneak_time":13000,"minecraft:walk_under_water_one_cm":8669,"minecraft:jump":1640,"minecraft:walk_on_water_one_cm":11879,"minecraft:total_world_time":102197,"minecraft:interact_with_furnace":95,"minecraft:sleep_in_bed":2,"minecraft:time_since_rest":34965,"minecraft:damage_taken":1543,"minecraft:damage_dealt":8715,"minecraft:fly_one_cm":193709,"minecraft:swim_one_cm":7290,"minecraft:open_chest":25,"minecraft:crouch_one_cm":33778,"minecraft:fall_one_cm":41018},"minecraft:killed":{"minecraft:cave_spider":1,"minecraft:zombified_piglin":48,"minecraft:spider":3,"minecraft:skeleton":2,"minecraft:magma_cube":1,"minecraft:piglin":3,"minecraft:zombie_villager":1,"minecraft:bat":2,"minecraft:hoglin":2,"minecraft:zombie":4},"minecraft:mined":{"minecraft:nether_gold_ore":27,"minecraft:tuff":11,"minecraft:white_bed":3,"minecraft:deepslate_diamond_ore":49,"minecraft:obsidian":5,"minecraft:granite":1,"minecraft:crimson_trapdoor":2,"minecraft:grass_block":14,"minecraft:weeping_vines":1,"minecraft:crimson_stem":30,"minecraft:spawner":2,"minecraft:weeping_vines_plant":2,"minecraft:furnace":11,"minecraft:iron_ore":130,"minecraft:fire":7,"minecraft:andesite":3,"minecraft:twisting_vines":2,"minecraft:pointed_dripstone":8,"minecraft:deepslate_iron_ore":15,"minecraft:stone":139,"minecraft:twisting_vines_plant":1,"minecraft:crafting_table":9,"minecraft:nether_quartz_ore":10,"minecraft:copper_ore":1,"minecraft:cobblestone":5,"minecraft:lapis_ore":4,"minecraft:deepslate_gold_ore":19,"minecraft:oak_planks":12,"minecraft:diorite":8,"minecraft:nether_wart_block":8,"minecraft:birch_leaves":1,"minecraft:oak_log":38,"minecraft:coal_ore":69,"minecraft:gravel":15,"minecraft:dripstone_block":21,"minecraft:dirt":19,"minecraft:cobweb":2,"minecraft:netherrack":147,"minecraft:gold_ore":8,"minecraft:oak_leaves":14,"minecraft:deepslate":219},"minecraft:picked_up":{"minecraft:crafting_table":10,"minecraft:coarse_dirt":1,"minecraft:splash_potion":1,"minecraft:wooden_pickaxe":2,"minecraft:potion":1,"minecraft:enchanted_book":1,"minecraft:crimson_trapdoor":2,"minecraft:nether_brick":2,"minecraft:golden_sword":2,"minecraft:string":7,"minecraft:raw_copper":5,"minecraft:compass":1,"minecraft:blackstone":56,"minecraft:gold_nugget":189,"minecraft:cobbled_deepslate":117,"minecraft:beef":4,"minecraft:iron_nugget":56,"minecraft:furnace":13,"minecraft:stick":8,"minecraft:raw_iron":199,"minecraft:porkchop":7,"minecraft:pointed_dripstone":26,"minecraft:diorite":14,"minecraft:weeping_vines":5,"minecraft:arrow":3,"minecraft:rotten_flesh":33,"minecraft:gold_ingot":34,"minecraft:obsidian":6,"minecraft:mutton":2,"minecraft:rail":6,"minecraft:white_wool":3,"minecraft:cobblestone":180,"minecraft:glow_ink_sac":6,"minecraft:crimson_stem":28,"minecraft:andesite":3,"minecraft:leather":9,"minecraft:birch_planks":12,"minecraft:flint":1,"minecraft:tuff":1,"minecraft:oak_log":38,"minecraft:nether_wart_block":7,"minecraft:lapis_lazuli":58,"minecraft:map":1,"minecraft:dirt":30,"minecraft:twisting_vines":2,"minecraft:cooked_mutton":4,"minecraft:bow":1,"minecraft:raw_gold":27,"minecraft:stone_pickaxe":1,"minecraft:iron_ingot":7,"minecraft:oak_planks":56,"minecraft:soul_sand":4,"minecraft:cooked_porkchop":7,"minecraft:quartz":27,"minecraft:gravel":43,"minecraft:dripstone_block":33,"minecraft:spruce_sapling":1,"minecraft:white_bed":3,"minecraft:spectral_arrow":29,"minecraft:crying_obsidian":4,"minecraft:spider_eye":1,"minecraft:diamond":49,"minecraft:granite":2,"minecraft:bread":2,"minecraft:oak_sapling":1,"minecraft:netherrack":151,"minecraft:coal":139,"minecraft:crimson_roots":3},"minecraft:dropped":{"minecraft:iron_ingot":1,"minecraft:dripstone_block":4,"minecraft:granite":2,"minecraft:rail":2,"minecraft:dirt":1,"minecraft:diorite":3,"minecraft:crimson_roots":1,"minecraft:gold_nugget":49,"minecraft:string":6,"minecraft:spruce_sapling":1,"minecraft:gold_ingot":51,"minecraft:gravel":17,"minecraft:blackstone":41,"minecraft:stone_axe":1,"minecraft:coarse_dirt":1,"minecraft:stone_sword":1,"minecraft:cobbled_deepslate":1,"minecraft:raw_copper":5,"minecraft:nether_brick":2,"minecraft:pointed_dripstone":2,"minecraft:andesite":1,"minecraft:oak_sapling":1,"minecraft:spider_eye":1,"minecraft:wooden_pickaxe":4,"minecraft:stone_pickaxe":1,"minecraft:quartz":17},"minecraft:crafted":{"minecraft:oak_planks":64,"minecraft:crimson_trapdoor":8,"minecraft:furnace":3,"minecraft:flint_and_steel":1,"minecraft:iron_boots":3,"minecraft:iron_axe":3,"minecraft:stone_pickaxe":1,"minecraft:chest":2,"minecraft:golden_boots":1,"minecraft:crimson_planks":84,"minecraft:crafting_table":2,"minecraft:wooden_pickaxe":2,"minecraft:iron_helmet":3,"minecraft:iron_sword":3,"minecraft:bucket":3,"minecraft:stone_axe":1,"minecraft:air":0,"minecraft:iron_chestplate":3,"minecraft:diamond_pickaxe":1,"minecraft:shield":3,"minecraft:stick":24,"minecraft:iron_ingot":121,"minecraft:iron_pickaxe":4,"minecraft:stone_sword":1,"minecraft:iron_leggings":3,"minecraft:gold_ingot":31,"minecraft:white_bed":1}},"DataVersion":3337}