{"stats":{"minecraft:broken":{"minecraft:stone_pickaxe":1},"minecraft:used":{"minecraft:cooked_mutton":1,"minecraft:diorite":6,"minecraft:stone_sword":12,"minecraft:stone_pickaxe":131,"minecraft:oak_planks":2,"minecraft:wooden_pickaxe":51,"minecraft:shield":1,"minecraft:iron_sword":17,"minecraft:dirt":29,"minecraft:rail":1,"minecraft:crafting_table":5,"minecraft:iron_axe":4,"minecraft:bread":5,"minecraft:map":1,"minecraft:iron_pickaxe":101,"minecraft:gravel":1,"minecraft:stone_axe":34,"minecraft:cobblestone":7,"minecraft:furnace":5,"minecraft:bucket":1,"minecraft:andesite":2},"minecraft:killed_by":{"minecraft:zombie":1},"minecraft:custom":{"minecraft:interact_with_furnace":42,"minecraft:mob_kills":6,"minecraft:interact_with_crafting_table":18,"minecraft:leave_game":3,"minecraft:time_since_death":10921,"minecraft:time_since_rest":10954,"minecraft:sprint_one_cm":107223,"minecraft:damage_taken":651,"minecraft:walk_one_cm":48269,"minecraft:damage_blocked_by_shield":30,"minecraft:drop":18,"minecraft:damage_dealt":1120,"minecraft:swim_one_cm":4296,"minecraft:fly_one_cm":67931,"minecraft:open_chest":2,"minecraft:crouch_one_cm":5246,"minecraft:play_time":33809,"minecraft:deaths":2,"minecraft:sneak_time":3032,"minecraft:walk_under_water_one_cm":1187,"minecraft:jump":579,"minecraft:walk_on_water_one_cm":1960,"minecraft:total_world_time":33809,"minecraft:fall_one_cm":12874},"minecraft:killed":{"minecraft:zombie_villager":1,"minecraft:spider":2,"minecraft:skeleton":2,"minecraft:zombie":1},"minecraft:mined":{"minecraft:crafting_table":3,"minecraft:grass_block":14,"minecraft:oak_planks":12,"minecraft:diorite":8,"minecraft:spawner":2,"minecraft:furnace":5,"minecraft:iron_ore":89,"minecraft:andesite":3,"minecraft:birch_leaves":1,"minecraft:oak_log":38,"minecraft:coal_ore":37,"minecraft:deepslate_iron_ore":2,"minecraft:gravel":1,"minecraft:dirt":19,"minecraft:cobweb":2,"minecraft:stone":122,"minecraft:gold_ore":3,"minecraft:oak_leaves":14,"minecraft:deepslate":1},"minecraft:dropped":{"minecraft:stone_axe":1,"minecraft:coarse_dirt":1,"minecraft:stone_sword":1,"minecraft:cobbled_deepslate":1,"minecraft:rail":1,"minecraft:dirt":1,"minecraft:diorite":2,"minecraft:andesite":1,"minecraft:oak_sapling":1,"minecraft:stone_pickaxe":1,"minecraft:wooden_pickaxe":4,"minecraft:string":2,"minecraft:spruce_sapling":1},"minecraft:picked_up":{"minecraft:crafting_table":4,"minecraft:coarse_dirt":1,"minecraft:andesite":3,"minecraft:leather":2,"minecraft:wooden_pickaxe":2,"minecraft:birch_planks":12,"minecraft:oak_log":38,"minecraft:dirt":30,"minecraft:lapis_lazuli":35,"minecraft:map":1,"minecraft:string":3,"minecraft:cooked_mutton":4,"minecraft:compass":1,"minecraft:bow":1,"minecraft:cobbled_deepslate":1,"minecraft:raw_gold":3,"minecraft:iron_ingot":6,"minecraft:beef":4,"minecraft:stone_pickaxe":1,"minecraft:oak_planks":56,"minecraft:furnace":7,"minecraft:stick":8,"minecraft:raw_iron":122,"minecraft:cooked_porkchop":7,"minecraft:gravel":1,"minecraft:porkchop":1,"minecraft:spruce_sapling":1,"minecraft:diorite":14,"minecraft:arrow":3,"minecraft:rotten_flesh":2,"minecraft:bread":2,"minecraft:oak_sapling":1,"minecraft:mutton":2,"minecraft:coal":39,"minecraft:white_wool":3,"minecraft:rail":5,"minecraft:cobblestone":159},"minecraft:crafted":{"minecraft:oak_planks":64,"minecraft:crafting_table":2,"minecraft:wooden_pickaxe":2,"minecraft:iron_helmet":1,"minecraft:iron_sword":2,"minecraft:furnace":3,"minecraft:bucket":1,"minecraft:stone_axe":1,"minecraft:air":0,"minecraft:iron_boots":1,"minecraft:iron_chestplate":1,"minecraft:shield":2,"minecraft:iron_axe":2,"minecraft:stick":16,"minecraft:iron_ingot":58,"minecraft:iron_pickaxe":2,"minecraft:stone_pickaxe":1,"minecraft:stone_sword":1,"minecraft:iron_leggings":1}},"DataVersion":3337}