{"stats":{"minecraft:broken":{"minecraft:stone_pickaxe":1},"minecraft:used":{"minecraft:cooked_mutton":2,"minecraft:water_bucket":3,"minecraft:diorite":11,"minecraft:stone_sword":12,"minecraft:stone_pickaxe":131,"minecraft:oak_planks":2,"minecraft:wooden_pickaxe":51,"minecraft:shield":2,"minecraft:iron_sword":30,"minecraft:dirt":29,"minecraft:rail":1,"minecraft:crafting_table":8,"minecraft:white_bed":1,"minecraft:iron_axe":8,"minecraft:bread":6,"minecraft:iron_pickaxe":242,"minecraft:map":1,"minecraft:iron_boots":1,"minecraft:gravel":1,"minecraft:stone_axe":34,"minecraft:cobblestone":7,"minecraft:furnace":7,"minecraft:bucket":6,"minecraft:andesite":2},"minecraft:killed_by":{"minecraft:zombie":1},"minecraft:custom":{"minecraft:interact_with_furnace":57,"minecraft:mob_kills":11,"minecraft:interact_with_crafting_table":24,"minecraft:leave_game":4,"minecraft:time_since_death":22783,"minecraft:sleep_in_bed":1,"minecraft:time_since_rest":5754,"minecraft:sprint_one_cm":166338,"minecraft:damage_taken":788,"minecraft:walk_one_cm":71488,"minecraft:damage_blocked_by_shield":55,"minecraft:drop":30,"minecraft:damage_dealt":1770,"minecraft:swim_one_cm":4391,"minecraft:fly_one_cm":82321,"minecraft:open_chest":2,"minecraft:play_time":45671,"minecraft:crouch_one_cm":10483,"minecraft:deaths":2,"minecraft:sneak_time":4659,"minecraft:walk_under_water_one_cm":1785,"minecraft:jump":775,"minecraft:walk_on_water_one_cm":3206,"minecraft:total_world_time":45671,"minecraft:fall_one_cm":21796},"minecraft:killed":{"minecraft:cave_spider":1,"minecraft:zombie_villager":1,"minecraft:spider":3,"minecraft:bat":2,"minecraft:skeleton":2,"minecraft:zombie":2},"minecraft:mined":{"minecraft:tuff":1,"minecraft:white_bed":1,"minecraft:crafting_table":7,"minecraft:granite":1,"minecraft:grass_block":14,"minecraft:copper_ore":1,"minecraft:lapis_ore":4,"minecraft:oak_planks":12,"minecraft:diorite":8,"minecraft:spawner":2,"minecraft:furnace":7,"minecraft:iron_ore":130,"minecraft:birch_leaves":1,"minecraft:andesite":3,"minecraft:pointed_dripstone":8,"minecraft:oak_log":38,"minecraft:coal_ore":69,"minecraft:deepslate_iron_ore":10,"minecraft:dripstone_block":21,"minecraft:gravel":1,"minecraft:dirt":19,"minecraft:cobweb":2,"minecraft:stone":139,"minecraft:gold_ore":8,"minecraft:oak_leaves":14,"minecraft:deepslate":1},"minecraft:dropped":{"minecraft:stone_axe":1,"minecraft:coarse_dirt":1,"minecraft:stone_sword":1,"minecraft:cobbled_deepslate":1,"minecraft:dripstone_block":4,"minecraft:pointed_dripstone":2,"minecraft:granite":2,"minecraft:rail":2,"minecraft:dirt":1,"minecraft:diorite":3,"minecraft:andesite":1,"minecraft:oak_sapling":1,"minecraft:spider_eye":1,"minecraft:wooden_pickaxe":4,"minecraft:stone_pickaxe":1,"minecraft:string":6,"minecraft:spruce_sapling":1},"minecraft:picked_up":{"minecraft:crafting_table":8,"minecraft:coarse_dirt":1,"minecraft:glow_ink_sac":6,"minecraft:andesite":3,"minecraft:leather":2,"minecraft:wooden_pickaxe":2,"minecraft:birch_planks":12,"minecraft:tuff":1,"minecraft:oak_log":38,"minecraft:dirt":30,"minecraft:lapis_lazuli":58,"minecraft:map":1,"minecraft:string":7,"minecraft:raw_copper":5,"minecraft:cooked_mutton":4,"minecraft:compass":1,"minecraft:bow":1,"minecraft:cobbled_deepslate":3,"minecraft:raw_gold":8,"minecraft:iron_ingot":6,"minecraft:beef":4,"minecraft:stone_pickaxe":1,"minecraft:oak_planks":56,"minecraft:furnace":9,"minecraft:stick":8,"minecraft:raw_iron":190,"minecraft:cooked_porkchop":7,"minecraft:dripstone_block":33,"minecraft:gravel":1,"minecraft:porkchop":1,"minecraft:pointed_dripstone":26,"minecraft:spruce_sapling":1,"minecraft:diorite":14,"minecraft:white_bed":1,"minecraft:spider_eye":1,"minecraft:arrow":3,"minecraft:rotten_flesh":4,"minecraft:granite":2,"minecraft:bread":2,"minecraft:oak_sapling":1,"minecraft:mutton":2,"minecraft:coal":99,"minecraft:white_wool":3,"minecraft:rail":6,"minecraft:cobblestone":176},"minecraft:crafted":{"minecraft:oak_planks":64,"minecraft:crafting_table":2,"minecraft:wooden_pickaxe":2,"minecraft:iron_helmet":2,"minecraft:iron_sword":2,"minecraft:furnace":3,"minecraft:bucket":3,"minecraft:stone_axe":1,"minecraft:air":0,"minecraft:iron_boots":2,"minecraft:iron_chestplate":2,"minecraft:shield":2,"minecraft:iron_axe":2,"minecraft:stick":16,"minecraft:iron_ingot":88,"minecraft:iron_pickaxe":2,"minecraft:stone_pickaxe":1,"minecraft:stone_sword":1,"minecraft:iron_leggings":2,"minecraft:white_bed":1}},"DataVersion":3337}