{"stats":{"minecraft:broken":{"minecraft:stone_pickaxe":1,"minecraft:iron_pickaxe":1},"minecraft:used":{"minecraft:stone_sword":12,"minecraft:flint_and_steel":1,"minecraft:chest":2,"minecraft:shield":8,"minecraft:iron_sword":57,"minecraft:rotten_flesh":4,"minecraft:netherrack":13,"minecraft:dirt":29,"minecraft:tuff":1,"minecraft:lava_bucket":10,"minecraft:iron_axe":25,"minecraft:iron_boots":1,"minecraft:crimson_roots":2,"minecraft:crimson_planks":10,"minecraft:furnace":11,"minecraft:golden_boots":1,"minecraft:cooked_mutton":4,"minecraft:water_bucket":19,"minecraft:diorite":11,"minecraft:stone_pickaxe":131,"minecraft:oak_planks":2,"minecraft:wooden_pickaxe":51,"minecraft:rail":1,"minecraft:crafting_table":9,"minecraft:white_bed":3,"minecraft:diamond_pickaxe":8,"minecraft:bread":7,"minecraft:iron_pickaxe":367,"minecraft:map":1,"minecraft:gravel":14,"minecraft:stone_axe":34,"minecraft:nether_wart_block":7,"minecraft:cobblestone":22,"minecraft:andesite":2,"minecraft:bucket":32},"minecraft:killed_by":{"minecraft:zombie":1},"minecraft:custom":{"minecraft:mob_kills":16,"minecraft:interact_with_crafting_table":41,"minecraft:leave_game":5,"minecraft:time_since_death":8821,"minecraft:sprint_one_cm":236956,"minecraft:walk_one_cm":114562,"minecraft:damage_blocked_by_shield":285,"minecraft:drop":37,"minecraft:play_time":73484,"minecraft:deaths":3,"minecraft:sneak_time":9417,"minecraft:walk_under_water_one_cm":7062,"minecraft:jump":1209,"minecraft:walk_on_water_one_cm":8352,"minecraft:total_world_time":73484,"minecraft:interact_with_furnace":95,"minecraft:sleep_in_bed":2,"minecraft:time_since_rest":6252,"minecraft:damage_taken":1082,"minecraft:damage_dealt":3108,"minecraft:fly_one_cm":135774,"minecraft:swim_one_cm":4522,"minecraft:open_chest":22,"minecraft:crouch_one_cm":22996,"minecraft:fall_one_cm":36513},"minecraft:killed":{"minecraft:cave_spider":1,"minecraft:spider":3,"minecraft:skeleton":2,"minecraft:piglin":2,"minecraft:zombie_villager":1,"minecraft:bat":2,"minecraft:hoglin":2,"minecraft:zombie":3},"minecraft:mined":{"minecraft:nether_gold_ore":14,"minecraft:tuff":1,"minecraft:white_bed":2,"minecraft:deepslate_diamond_ore":4,"minecraft:obsidian":5,"minecraft:granite":1,"minecraft:grass_block":14,"minecraft:weeping_vines":1,"minecraft:crimson_stem":16,"minecraft:spawner":2,"minecraft:weeping_vines_plant":2,"minecraft:furnace":11,"minecraft:iron_ore":130,"minecraft:andesite":3,"minecraft:twisting_vines":2,"minecraft:pointed_dripstone":8,"minecraft:deepslate_iron_ore":15,"minecraft:stone":139,"minecraft:twisting_vines_plant":1,"minecraft:crafting_table":8,"minecraft:nether_quartz_ore":10,"minecraft:copper_ore":1,"minecraft:cobblestone":4,"minecraft:lapis_ore":4,"minecraft:deepslate_gold_ore":16,"minecraft:oak_planks":12,"minecraft:diorite":8,"minecraft:nether_wart_block":8,"minecraft:birch_leaves":1,"minecraft:coal_ore":69,"minecraft:oak_log":38,"minecraft:dirt":19,"minecraft:gravel":15,"minecraft:dripstone_block":21,"minecraft:cobweb":2,"minecraft:netherrack":23,"minecraft:gold_ore":8,"minecraft:oak_leaves":14,"minecraft:deepslate":49},"minecraft:dropped":{"minecraft:dripstone_block":4,"minecraft:granite":2,"minecraft:rail":2,"minecraft:dirt":1,"minecraft:diorite":3,"minecraft:crimson_roots":1,"minecraft:string":6,"minecraft:spruce_sapling":1,"minecraft:gravel":4,"minecraft:stone_axe":1,"minecraft:coarse_dirt":1,"minecraft:stone_sword":1,"minecraft:cobbled_deepslate":1,"minecraft:raw_copper":5,"minecraft:pointed_dripstone":2,"minecraft:andesite":1,"minecraft:oak_sapling":1,"minecraft:spider_eye":1,"minecraft:stone_pickaxe":1,"minecraft:wooden_pickaxe":4},"minecraft:picked_up":{"minecraft:coarse_dirt":1,"minecraft:crafting_table":9,"minecraft:wooden_pickaxe":2,"minecraft:string":7,"minecraft:raw_copper":5,"minecraft:compass":1,"minecraft:gold_nugget":53,"minecraft:cobbled_deepslate":53,"minecraft:beef":4,"minecraft:furnace":13,"minecraft:raw_iron":199,"minecraft:stick":8,"minecraft:porkchop":7,"minecraft:pointed_dripstone":26,"minecraft:diorite":14,"minecraft:weeping_vines":5,"minecraft:arrow":3,"minecraft:rotten_flesh":6,"minecraft:gold_ingot":2,"minecraft:obsidian":4,"minecraft:mutton":2,"minecraft:rail":6,"minecraft:white_wool":3,"minecraft:cobblestone":179,"minecraft:glow_ink_sac":6,"minecraft:crimson_stem":15,"minecraft:andesite":3,"minecraft:leather":2,"minecraft:birch_planks":12,"minecraft:flint":1,"minecraft:tuff":1,"minecraft:oak_log":38,"minecraft:nether_wart_block":7,"minecraft:map":1,"minecraft:lapis_lazuli":58,"minecraft:dirt":30,"minecraft:twisting_vines":2,"minecraft:cooked_mutton":4,"minecraft:bow":1,"minecraft:raw_gold":24,"minecraft:stone_pickaxe":1,"minecraft:iron_ingot":7,"minecraft:oak_planks":56,"minecraft:cooked_porkchop":7,"minecraft:quartz":10,"minecraft:gravel":18,"minecraft:dripstone_block":33,"minecraft:spruce_sapling":1,"minecraft:white_bed":2,"minecraft:spider_eye":1,"minecraft:diamond":4,"minecraft:granite":2,"minecraft:bread":2,"minecraft:oak_sapling":1,"minecraft:netherrack":17,"minecraft:coal":139,"minecraft:crimson_roots":3},"minecraft:crafted":{"minecraft:oak_planks":64,"minecraft:furnace":3,"minecraft:flint_and_steel":1,"minecraft:iron_boots":3,"minecraft:iron_axe":3,"minecraft:stone_pickaxe":1,"minecraft:chest":2,"minecraft:golden_boots":1,"minecraft:crimson_planks":32,"minecraft:crafting_table":2,"minecraft:wooden_pickaxe":2,"minecraft:iron_helmet":3,"minecraft:iron_sword":3,"minecraft:bucket":3,"minecraft:stone_axe":1,"minecraft:air":0,"minecraft:iron_chestplate":3,"minecraft:diamond_pickaxe":1,"minecraft:shield":3,"minecraft:stick":24,"minecraft:iron_ingot":121,"minecraft:iron_pickaxe":4,"minecraft:stone_sword":1,"minecraft:gold_ingot":22,"minecraft:iron_leggings":3,"minecraft:white_bed":1}},"DataVersion":3337}