{"stats":{"minecraft:used":{"minecraft:cooked_mutton":5,"minecraft:stone_sword":130,"minecraft:stone_pickaxe":22,"minecraft:oak_planks":25,"minecraft:shield":3,"minecraft:chest":1,"minecraft:wooden_pickaxe":24,"minecraft:white_wool":4,"minecraft:dirt":13,"minecraft:mutton":10,"minecraft:crafting_table":5,"minecraft:obsidian":3,"minecraft:wooden_axe":18,"minecraft:black_wool":1,"minecraft:bread":11,"minecraft:brown_wool":1,"minecraft:iron_pickaxe":18,"minecraft:light_gray_wool":1,"minecraft:cobblestone":2,"minecraft:furnace":3,"minecraft:yellow_bed":1},"minecraft:custom":{"minecraft:interact_with_furnace":10,"minecraft:mob_kills":34,"minecraft:interact_with_crafting_table":17,"minecraft:leave_game":4,"minecraft:time_since_death":47018,"minecraft:sleep_in_bed":1,"minecraft:time_since_rest":22171,"minecraft:sprint_one_cm":115596,"minecraft:damage_taken":1120,"minecraft:walk_one_cm":88240,"minecraft:damage_blocked_by_shield":50,"minecraft:drop":6,"minecraft:damage_dealt":4360,"minecraft:swim_one_cm":2488,"minecraft:fly_one_cm":236925,"minecraft:open_chest":10,"minecraft:crouch_one_cm":4239,"minecraft:play_time":47018,"minecraft:sneak_time":1828,"minecraft:walk_under_water_one_cm":6160,"minecraft:jump":1002,"minecraft:walk_on_water_one_cm":8756,"minecraft:total_world_time":47018,"minecraft:fall_one_cm":32763},"minecraft:killed":{"minecraft:spider":1,"minecraft:sheep":16,"minecraft:skeleton":3,"minecraft:zombie":8,"minecraft:cow":6},"minecraft:mined":{"minecraft:deepslate_diamond_ore":4,"minecraft:crafting_table":3,"minecraft:grass_block":5,"minecraft:tall_grass":2,"minecraft:cobblestone":1,"minecraft:furnace":2,"minecraft:iron_ore":5,"minecraft:birch_leaves":1,"minecraft:yellow_bed":1,"minecraft:grass":16,"minecraft:pointed_dripstone":1,"minecraft:oak_log":20,"minecraft:deepslate_iron_ore":5,"minecraft:dripstone_block":10,"minecraft:sunflower":4,"minecraft:dirt":8,"minecraft:stone":13,"minecraft:white_wool":3,"minecraft:oak_leaves":7,"minecraft:deepslate":12},"minecraft:dropped":{"minecraft:rotten_flesh":2,"minecraft:gray_wool":1,"minecraft:wooden_axe":1,"minecraft:sunflower":1,"minecraft:stone_pickaxe":1,"minecraft:wooden_pickaxe":1},"minecraft:picked_up":{"minecraft:crafting_table":3,"minecraft:brown_wool":1,"minecraft:leather":7,"minecraft:oak_log":20,"minecraft:yellow_bed":1,"minecraft:string":2,"minecraft:dirt":13,"minecraft:bone":3,"minecraft:bow":2,"minecraft:cobbled_deepslate":12,"minecraft:iron_ingot":3,"minecraft:stone_pickaxe":1,"minecraft:beef":14,"minecraft:light_gray_wool":1,"minecraft:oak_planks":16,"minecraft:furnace":2,"minecraft:raw_iron":10,"minecraft:dripstone_block":10,"minecraft:pointed_dripstone":1,"minecraft:arrow":1,"minecraft:rotten_flesh":7,"minecraft:diamond":5,"minecraft:gray_wool":1,"minecraft:black_wool":1,"minecraft:mutton":22,"minecraft:white_wool":15,"minecraft:cobblestone":14,"minecraft:sunflower":1},"minecraft:crafted":{"minecraft:oak_planks":80,"minecraft:crafting_table":3,"minecraft:wooden_pickaxe":1,"minecraft:furnace":2,"minecraft:cooked_mutton":5,"minecraft:air":0,"minecraft:shield":1,"minecraft:stick":16,"minecraft:iron_ingot":7,"minecraft:iron_pickaxe":1,"minecraft:stone_pickaxe":1,"minecraft:wooden_axe":2,"minecraft:stone_sword":1,"minecraft:chest":1}},"DataVersion":3337}