{"stats":{"minecraft:used":{"minecraft:sweet_berries":10},"minecraft:custom":{"minecraft:jump":137,"minecraft:time_since_rest":10743,"minecraft:walk_on_water_one_cm":6596,"minecraft:sprint_one_cm":12992,"minecraft:play_time":10743,"minecraft:damage_taken":240,"minecraft:time_since_death":10743,"minecraft:walk_one_cm":7089,"minecraft:sneak_time":86,"minecraft:total_world_time":10743,"minecraft:walk_under_water_one_cm":5255,"minecraft:swim_one_cm":42022,"minecraft:fall_one_cm":3792,"minecraft:fly_one_cm":26238},"minecraft:mined":{"minecraft:large_fern":1,"minecraft:sweet_berry_bush":11,"minecraft:packed_ice":8},"minecraft:picked_up":{"minecraft:sweet_berries":22}},"DataVersion":3337}