{"stats":{"minecraft:used":{"minecraft:spruce_boat":1,"minecraft:oak_fence":1,"minecraft:bread":6,"minecraft:white_wool":2,"minecraft:salmon":4,"minecraft:light_gray_wool":1,"minecraft:dirt":28,"minecraft:mutton":4,"minecraft:sweet_berries":22,"minecraft:oak_sapling":1,"minecraft:dandelion":1},"minecraft:custom":{"minecraft:time_since_rest":14589,"minecraft:sprint_one_cm":128226,"minecraft:damage_taken":789,"minecraft:walk_one_cm":72615,"minecraft:mob_kills":6,"minecraft:drop":2,"minecraft:damage_dealt":592,"minecraft:swim_one_cm":160715,"minecraft:talked_to_villager":1,"minecraft:interact_with_crafting_table":2,"minecraft:fly_one_cm":227738,"minecraft:crouch_one_cm":401,"minecraft:play_time":46731,"minecraft:deaths":1,"minecraft:sneak_time":495,"minecraft:walk_under_water_one_cm":31362,"minecraft:boat_one_cm":99617,"minecraft:jump":1325,"minecraft:leave_game":1,"minecraft:time_since_death":14383,"minecraft:walk_on_water_one_cm":24303,"minecraft:sleep_in_bed":1,"minecraft:total_world_time":46731,"minecraft:fall_one_cm":30276},"minecraft:killed":{"minecraft:sheep":3,"minecraft:salmon":4},"minecraft:mined":{"minecraft:large_fern":2,"minecraft:hay_block":15,"minecraft:sweet_berry_bush":11,"minecraft:dandelion":2,"minecraft:powder_snow":7,"minecraft:grass":11,"minecraft:grass_block":12,"minecraft:dirt":18,"minecraft:packed_ice":8,"minecraft:tall_grass":1,"minecraft:spruce_leaves":7,"minecraft:oak_leaves":14,"minecraft:fern":2},"minecraft:dropped":{"minecraft:wheat_seeds":1,"minecraft:stick":1},"minecraft:picked_up":{"minecraft:stick":1,"minecraft:sweet_berries":22,"minecraft:salmon":4,"minecraft:oak_fence":1,"minecraft:dandelion":1,"minecraft:dirt":28,"minecraft:spruce_boat":1,"minecraft:wheat_seeds":1,"minecraft:hay_block":15,"minecraft:light_gray_wool":1,"minecraft:oak_sapling":1,"minecraft:mutton":5,"minecraft:white_wool":2},"minecraft:crafted":{"minecraft:bread":45,"minecraft:wheat":135}},"DataVersion":3337}