{"stats":{"minecraft:broken":{"minecraft:golden_axe":1},"minecraft:used":{"minecraft:cooked_mutton":21,"minecraft:water_bucket":1,"minecraft:stone_sword":175,"minecraft:birch_planks":29,"minecraft:stone_pickaxe":51,"minecraft:poppy":1,"minecraft:oak_planks":78,"minecraft:chest":1,"minecraft:wooden_pickaxe":65,"minecraft:shield":3,"minecraft:bell":1,"minecraft:white_wool":6,"minecraft:torch":2,"minecraft:dirt":16,"minecraft:mutton":10,"minecraft:crafting_table":6,"minecraft:blast_furnace":2,"minecraft:white_bed":1,"minecraft:obsidian":3,"minecraft:wooden_axe":18,"minecraft:black_wool":1,"minecraft:string":2,"minecraft:iron_pickaxe":57,"minecraft:bread":11,"minecraft:brown_wool":1,"minecraft:barrel":3,"minecraft:light_gray_wool":1,"minecraft:stone_axe":6,"minecraft:cobblestone":2,"minecraft:beef":3,"minecraft:oak_sapling":1,"minecraft:porkchop":5,"minecraft:furnace":4,"minecraft:cooked_porkchop":5,"minecraft:bucket":2,"minecraft:yellow_bed":1,"minecraft:cooked_beef":2,"minecraft:golden_axe":69,"minecraft:cobbled_deepslate":43,"minecraft:potato":11},"minecraft:killed_by":{"minecraft:zombie":1,"minecraft:iron_golem":1},"minecraft:custom":{"minecraft:interact_with_furnace":16,"minecraft:mob_kills":53,"minecraft:interact_with_crafting_table":31,"minecraft:bell_ring":75,"minecraft:leave_game":6,"minecraft:time_since_death":2633,"minecraft:sleep_in_bed":4,"minecraft:time_since_rest":2677,"minecraft:sprint_one_cm":263015,"minecraft:damage_taken":3956,"minecraft:walk_one_cm":229787,"minecraft:damage_blocked_by_shield":50,"minecraft:drop":15,"minecraft:damage_dealt":9628,"minecraft:swim_one_cm":20486,"minecraft:talked_to_villager":2,"minecraft:fly_one_cm":488085,"minecraft:open_chest":24,"minecraft:crouch_one_cm":17398,"minecraft:play_time":106025,"minecraft:sneak_time":8595,"minecraft:deaths":4,"minecraft:walk_under_water_one_cm":10219,"minecraft:jump":2812,"minecraft:walk_on_water_one_cm":23824,"minecraft:total_world_time":106025,"minecraft:fall_one_cm":82354},"minecraft:killed":{"minecraft:wolf":1,"minecraft:pig":2,"minecraft:spider":2,"minecraft:iron_golem":1,"minecraft:creeper":1,"minecraft:sheep":16,"minecraft:skeleton":8,"minecraft:zombie":14,"minecraft:cow":8},"minecraft:mined":{"minecraft:white_bed":2,"minecraft:deepslate_diamond_ore":5,"minecraft:crafting_table":4,"minecraft:grass_block":11,"minecraft:tall_grass":2,"minecraft:cobblestone":1,"minecraft:oak_planks":33,"minecraft:seagrass":1,"minecraft:tall_seagrass":2,"minecraft:birch_planks":8,"minecraft:furnace":3,"minecraft:barrel":2,"minecraft:birch_log":10,"minecraft:iron_ore":7,"minecraft:birch_leaves":5,"minecraft:yellow_bed":1,"minecraft:grass":46,"minecraft:pointed_dripstone":1,"minecraft:oak_log":32,"minecraft:coal_ore":11,"minecraft:deepslate_iron_ore":16,"minecraft:gravel":1,"minecraft:sunflower":4,"minecraft:dripstone_block":11,"minecraft:dirt":17,"minecraft:stone":29,"minecraft:white_wool":4,"minecraft:oak_leaves":14,"minecraft:deepslate":49},"minecraft:dropped":{"minecraft:water_bucket":2,"minecraft:wheat_seeds":3,"minecraft:rotten_flesh":10,"minecraft:poppy":1,"minecraft:gray_wool":1,"minecraft:wooden_axe":1,"minecraft:oak_sapling":1,"minecraft:sunflower":1,"minecraft:wooden_pickaxe":1,"minecraft:stone_pickaxe":1},"minecraft:picked_up":{"minecraft:birch_log":10,"minecraft:crafting_table":4,"minecraft:cooked_beef":2,"minecraft:water_bucket":1,"minecraft:brown_wool":1,"minecraft:leather":7,"minecraft:birch_planks":9,"minecraft:oak_log":31,"minecraft:yellow_bed":1,"minecraft:gunpowder":2,"minecraft:dirt":28,"minecraft:string":746,"minecraft:bone":10,"minecraft:bow":2,"minecraft:wheat_seeds":4,"minecraft:cobbled_deepslate":58,"minecraft:iron_ingot":9,"minecraft:beef":17,"minecraft:stone_pickaxe":1,"minecraft:poppy":2,"minecraft:light_gray_wool":1,"minecraft:oak_planks":39,"minecraft:furnace":3,"minecraft:raw_iron":28,"minecraft:dripstone_block":12,"minecraft:porkchop":5,"minecraft:sand":5,"minecraft:pointed_dripstone":4,"minecraft:white_bed":1,"minecraft:barrel":2,"minecraft:arrow":4,"minecraft:rotten_flesh":15,"minecraft:diamond":6,"minecraft:gray_wool":1,"minecraft:oak_sapling":2,"minecraft:black_wool":1,"minecraft:mutton":22,"minecraft:coal":16,"minecraft:white_wool":17,"minecraft:cobblestone":34,"minecraft:sunflower":1},"minecraft:crafted":{"minecraft:oak_planks":124,"minecraft:barrel":1,"minecraft:crafting_table":4,"minecraft:wooden_pickaxe":2,"minecraft:birch_slab":6,"minecraft:furnace":3,"minecraft:bucket":1,"minecraft:birch_planks":40,"minecraft:stone_axe":1,"minecraft:cooked_mutton":21,"minecraft:air":0,"minecraft:shield":2,"minecraft:stick":40,"minecraft:iron_ingot":10,"minecraft:iron_pickaxe":2,"minecraft:stone_pickaxe":3,"minecraft:wooden_axe":2,"minecraft:stone_sword":2,"minecraft:chest":1,"minecraft:torch":20}},"DataVersion":3337}