{"stats":{"minecraft:used":{"minecraft:spruce_boat":1,"minecraft:oak_fence":1,"minecraft:bread":6,"minecraft:white_wool":1,"minecraft:light_gray_wool":1,"minecraft:dirt":6,"minecraft:mutton":3,"minecraft:sweet_berries":22,"minecraft:oak_sapling":1,"minecraft:dandelion":1},"minecraft:custom":{"minecraft:time_since_rest":2601,"minecraft:sprint_one_cm":83392,"minecraft:damage_taken":664,"minecraft:walk_one_cm":39600,"minecraft:mob_kills":1,"minecraft:drop":2,"minecraft:damage_dealt":353,"minecraft:interact_with_crafting_table":2,"minecraft:swim_one_cm":141356,"minecraft:talked_to_villager":1,"minecraft:fly_one_cm":160267,"minecraft:crouch_one_cm":275,"minecraft:play_time":34743,"minecraft:deaths":1,"minecraft:sneak_time":346,"minecraft:walk_under_water_one_cm":15635,"minecraft:boat_one_cm":99617,"minecraft:jump":867,"minecraft:walk_on_water_one_cm":17287,"minecraft:time_since_death":2395,"minecraft:sleep_in_bed":1,"minecraft:total_world_time":34743,"minecraft:fall_one_cm":20069},"minecraft:killed":{"minecraft:sheep":2},"minecraft:mined":{"minecraft:large_fern":1,"minecraft:hay_block":15,"minecraft:sweet_berry_bush":11,"minecraft:dandelion":2,"minecraft:powder_snow":4,"minecraft:grass":9,"minecraft:grass_block":1,"minecraft:dirt":5,"minecraft:packed_ice":8,"minecraft:tall_grass":1,"minecraft:spruce_leaves":6,"minecraft:oak_leaves":12,"minecraft:fern":2},"minecraft:dropped":{"minecraft:wheat_seeds":1,"minecraft:stick":1},"minecraft:picked_up":{"minecraft:stick":1,"minecraft:sweet_berries":22,"minecraft:oak_fence":1,"minecraft:dandelion":1,"minecraft:dirt":6,"minecraft:spruce_boat":1,"minecraft:wheat_seeds":1,"minecraft:hay_block":15,"minecraft:light_gray_wool":1,"minecraft:oak_sapling":1,"minecraft:mutton":3,"minecraft:white_wool":1},"minecraft:crafted":{"minecraft:bread":45,"minecraft:wheat":135}},"DataVersion":3337}