{"stats":{"minecraft:killed":{"minecraft:spider":2,"minecraft:magma_cube":1,"minecraft:pig":3,"minecraft:salmon":4,"minecraft:iron_golem":1,"minecraft:creeper":1,"minecraft:sheep":7,"minecraft:cow":1},"minecraft:mined":{"minecraft:tuff":11,"minecraft:mossy_cobblestone":3,"minecraft:brewing_stand":1,"minecraft:obsidian":11,"minecraft:granite":10,"minecraft:grass_block":19,"minecraft:spruce_leaves":7,"minecraft:large_fern":2,"minecraft:hay_block":41,"minecraft:polished_blackstone_bricks":3,"minecraft:glowstone":1,"minecraft:carrots":51,"minecraft:furnace":2,"minecraft:iron_ore":21,"minecraft:barrel":3,"minecraft:cobbled_deepslate":7,"minecraft:andesite":11,"minecraft:bookshelf":5,"minecraft:pointed_dripstone":4,"minecraft:dirt_path":2,"minecraft:cobblestone_slab":20,"minecraft:deepslate_iron_ore":5,"minecraft:oak_stairs":12,"minecraft:packed_ice":8,"minecraft:stone":358,"minecraft:white_wool":1,"minecraft:tripwire":20,"minecraft:oak_slab":2,"minecraft:glass_pane":2,"minecraft:basalt":21,"minecraft:dandelion":3,"minecraft:powder_snow":35,"minecraft:cornflower":1,"minecraft:torch":1,"minecraft:crafting_table":1,"minecraft:lectern":132,"minecraft:copper_ore":7,"minecraft:tall_grass":10,"minecraft:cobblestone":115,"minecraft:deepslate_gold_ore":2,"minecraft:oak_planks":14,"minecraft:wall_torch":2,"minecraft:diorite":13,"minecraft:deepslate_copper_ore":2,"minecraft:birch_planks":15,"minecraft:birch_log":15,"minecraft:sweet_berry_bush":11,"minecraft:birch_leaves":2,"minecraft:yellow_bed":3,"minecraft:grass":63,"minecraft:coal_ore":22,"minecraft:oak_log":1,"minecraft:dripstone_block":4,"minecraft:dirt":28,"minecraft:oak_leaves":23,"minecraft:deepslate":172,"minecraft:fern":2},"minecraft:dropped":{"minecraft:enchanted_book":1,"minecraft:iron_ingot":12,"minecraft:bread":471,"minecraft:iron_sword":15,"minecraft:birch_planks":234,"minecraft:porkchop":4,"minecraft:wheat_seeds":21,"minecraft:lapis_lazuli":812,"minecraft:cooked_beef":187,"minecraft:glow_ink_sac":1,"minecraft:mossy_cobblestone":4,"minecraft:diamond":134,"minecraft:crafting_table":26,"minecraft:cooked_porkchop":117,"minecraft:cobblestone":98,"minecraft:book":811,"minecraft:leather":70,"minecraft:apple":12,"minecraft:chainmail_helmet":49,"minecraft:coal":36,"minecraft:emerald":84,"minecraft:stick":9,"minecraft:dirt":42,"minecraft:torch":62,"minecraft:cornflower":42,"minecraft:mutton":8,"minecraft:oak_stairs":10,"minecraft:iron_axe":26,"minecraft:iron_pickaxe":13,"minecraft:chainmail_leggings":14,"minecraft:string":392,"minecraft:white_wool":4,"minecraft:cauldron":1,"minecraft:redstone":4,"minecraft:oak_door":1,"minecraft:stone_axe":7,"minecraft:sugar_cane":104,"minecraft:stone_sword":1,"minecraft:cobbled_deepslate":2855,"minecraft:tuff":1,"minecraft:wheat":1,"minecraft:obsidian":28,"minecraft:raw_iron":33,"minecraft:stone_shovel":1,"minecraft:beetroot":14,"minecraft:grindstone":10,"minecraft:iron_boots":7,"minecraft:oak_planks":14,"minecraft:cooked_mutton":36,"minecraft:flint_and_steel":13,"minecraft:potato":19,"minecraft:spruce_boat":5,"minecraft:shield":11,"minecraft:birch_trapdoor":8,"minecraft:spruce_planks":64,"minecraft:diamond_pickaxe":12,"minecraft:iron_chestplate":1,"minecraft:andesite":1,"minecraft:beetroot_seeds":7,"minecraft:yellow_bed":26,"minecraft:chainmail_boots":43,"minecraft:basalt":4,"minecraft:stone_pickaxe":26,"minecraft:raw_gold":72,"minecraft:nautilus_shell":9},"minecraft:picked_up":{"minecraft:iron_chestplate":1,"minecraft:crafting_table":27,"minecraft:wheat":38,"minecraft:chainmail_boots":44,"minecraft:diamond_sword":4,"minecraft:oak_stairs":10,"minecraft:brewing_stand":1,"minecraft:shield":11,"minecraft:cornflower":44,"minecraft:string":17909,"minecraft:iron_axe":29,"minecraft:flint_and_steel":13,"minecraft:beetroot":16,"minecraft:diamond_leggings":1,"minecraft:cartography_table":1,"minecraft:cobbled_deepslate":2670,"minecraft:spruce_planks":64,"minecraft:beef":2,"minecraft:cobblestone_slab":31,"minecraft:poppy":2,"minecraft:iron_pickaxe":18,"minecraft:light_gray_wool":1,"minecraft:lectern":139,"minecraft:sugar_cane":107,"minecraft:birch_sapling":1,"minecraft:iron_boots":7,"minecraft:furnace":2,"minecraft:stick":18,"minecraft:raw_iron":48,"minecraft:jukebox":2,"minecraft:oak_door":1,"minecraft:birch_trapdoor":9,"minecraft:oak_fence":1,"minecraft:torch":69,"minecraft:porkchop":11,"minecraft:polished_blackstone_bricks":1,"minecraft:pointed_dripstone":11,"minecraft:music_disc_pigstep":7,"minecraft:carrot":197,"minecraft:redstone":4,"minecraft:cauldron":1,"minecraft:stone_sword":1,"minecraft:stone_shovel":1,"minecraft:rotten_flesh":8,"minecraft:diamond_chestplate":1,"minecraft:beetroot_seeds":11,"minecraft:diamond_boots":1,"minecraft:hay_block":40,"minecraft:gold_ingot":84,"minecraft:obsidian":45,"minecraft:mutton":20,"minecraft:white_wool":21,"minecraft:cobblestone":433,"minecraft:nautilus_shell":9,"minecraft:birch_log":15,"minecraft:cooked_beef":204,"minecraft:basalt":21,"minecraft:andesite":11,"minecraft:water_bucket":1,"minecraft:glow_ink_sac":1,"minecraft:salmon":4,"minecraft:leather":82,"minecraft:potato":40,"minecraft:birch_planks":280,"minecraft:tuff":67,"minecraft:oak_log":1,"minecraft:yellow_bed":29,"minecraft:gunpowder":2,"minecraft:lapis_lazuli":859,"minecraft:dirt":151,"minecraft:paper":15,"minecraft:cooked_mutton":36,"minecraft:apple":20,"minecraft:wheat_seeds":30,"minecraft:raw_gold":72,"minecraft:grindstone":10,"minecraft:iron_ingot":16,"minecraft:stone_pickaxe":26,"minecraft:diamond_helmet":1,"minecraft:glowstone_dust":5,"minecraft:iron_sword":17,"minecraft:stone_hoe":1,"minecraft:oak_planks":35,"minecraft:book":879,"minecraft:oak_slab":2,"minecraft:cooked_porkchop":117,"minecraft:sweet_berries":22,"minecraft:dandelion":1,"minecraft:dripstone_block":3,"minecraft:white_bed":1,"minecraft:spider_eye":2,"minecraft:barrel":3,"minecraft:mossy_cobblestone":4,"minecraft:diamond":134,"minecraft:stone_axe":28,"minecraft:spruce_boat":7,"minecraft:chainmail_leggings":16,"minecraft:iron_helmet":1,"minecraft:granite":10,"minecraft:golden_apple":3,"minecraft:chainmail_helmet":49,"minecraft:emerald":124,"minecraft:bread":691,"minecraft:oak_sapling":6,"minecraft:coal":62,"minecraft:diamond_pickaxe":14},"minecraft:custom":{"minecraft:interact_with_anvil":6,"minecraft:mob_kills":19,"minecraft:interact_with_crafting_table":23,"minecraft:open_barrel":39,"minecraft:leave_game":19,"minecraft:time_since_death":59622,"minecraft:sprint_one_cm":545012,"minecraft:walk_one_cm":589123,"minecraft:drop":616,"minecraft:talked_to_villager":437,"minecraft:play_time":309627,"minecraft:sneak_time":17957,"minecraft:deaths":6,"minecraft:walk_under_water_one_cm":36909,"minecraft:boat_one_cm":99617,"minecraft:jump":4999,"minecraft:walk_on_water_one_cm":38692,"minecraft:total_world_time":309627,"minecraft:interact_with_furnace":10,"minecraft:play_record":5,"minecraft:traded_with_villager":513,"minecraft:sleep_in_bed":15,"minecraft:time_since_rest":37801,"minecraft:damage_absorbed":40,"minecraft:damage_taken":6625,"minecraft:damage_dealt":5042,"minecraft:player_kills":3,"minecraft:swim_one_cm":178559,"minecraft:fly_one_cm":743906,"minecraft:open_chest":166,"minecraft:crouch_one_cm":51809,"minecraft:fall_one_cm":119613},"minecraft:used":{"minecraft:oak_fence":1,"minecraft:polished_basalt":16,"minecraft:chest":2,"minecraft:iron_chestplate":1,"minecraft:torch":3,"minecraft:mutton":8,"minecraft:dirt":36,"minecraft:brewing_stand":1,"minecraft:anvil":1,"minecraft:carrot":56,"minecraft:tuff":3,"minecraft:granite":10,"minecraft:obsidian":11,"minecraft:spruce_boat":1,"minecraft:bookshelf":5,"minecraft:music_disc_pigstep":5,"minecraft:iron_axe":200,"minecraft:glowstone":9,"minecraft:basalt":1,"minecraft:barrel":3,"minecraft:light_gray_wool":1,"minecraft:beef":2,"minecraft:sweet_berries":22,"minecraft:oak_sapling":1,"minecraft:furnace":2,"minecraft:cooked_beef":3,"minecraft:cobbled_deepslate":2,"minecraft:pointed_dripstone":5,"minecraft:birch_planks":88,"minecraft:oak_planks":1,"minecraft:cobblestone_slab":62,"minecraft:polished_blackstone_bricks":1,"minecraft:golden_apple":3,"minecraft:white_wool":5,"minecraft:salmon":4,"minecraft:oak_slab":3,"minecraft:crafting_table":3,"minecraft:white_bed":1,"minecraft:dripstone_block":3,"minecraft:diamond_pickaxe":689,"minecraft:apple":2,"minecraft:bread":86,"minecraft:iron_pickaxe":164,"minecraft:string":23,"minecraft:lectern":139,"minecraft:diamond_sword":92,"minecraft:cobblestone":216,"minecraft:porkchop":5,"minecraft:cooked_porkchop":5,"minecraft:andesite":10,"minecraft:yellow_bed":1,"minecraft:dandelion":1,"minecraft:jukebox":2,"minecraft:experience_bottle":9},"minecraft:killed_by":{"minecraft:player":5},"minecraft:crafted":{"minecraft:cookie":126,"minecraft:oak_planks":4,"minecraft:cobblestone_slab":18,"minecraft:experience_bottle":9,"minecraft:bookshelf":7,"minecraft:diamond_helmet":1,"minecraft:diamond_leggings":1,"minecraft:iron_axe":1,"minecraft:polished_basalt":16,"minecraft:chest":2,"minecraft:diamond_boots":1,"minecraft:wheat":360,"minecraft:cooked_beef":3,"minecraft:emerald":431,"minecraft:crafting_table":1,"minecraft:birch_planks":60,"minecraft:glowstone":14,"minecraft:enchanted_book":10,"minecraft:bread":246,"minecraft:air":0,"minecraft:apple":56,"minecraft:lectern":2,"minecraft:white_wool":16,"minecraft:diamond_pickaxe":1,"minecraft:stick":8,"minecraft:iron_ingot":7,"minecraft:iron_pickaxe":2,"minecraft:anvil":1,"minecraft:diamond_chestplate":1}},"DataVersion":3337}