{"stats":{"minecraft:broken":{"minecraft:golden_axe":1},"minecraft:used":{"minecraft:cooked_mutton":10,"minecraft:water_bucket":1,"minecraft:stone_sword":130,"minecraft:birch_planks":8,"minecraft:stone_pickaxe":22,"minecraft:poppy":1,"minecraft:oak_planks":70,"minecraft:wooden_pickaxe":24,"minecraft:chest":1,"minecraft:shield":3,"minecraft:bell":1,"minecraft:white_wool":5,"minecraft:dirt":15,"minecraft:mutton":10,"minecraft:crafting_table":5,"minecraft:blast_furnace":2,"minecraft:white_bed":1,"minecraft:obsidian":3,"minecraft:wooden_axe":18,"minecraft:black_wool":1,"minecraft:bread":11,"minecraft:brown_wool":1,"minecraft:iron_pickaxe":18,"minecraft:light_gray_wool":1,"minecraft:cobblestone":2,"minecraft:beef":3,"minecraft:oak_sapling":1,"minecraft:furnace":3,"minecraft:porkchop":5,"minecraft:bucket":2,"minecraft:yellow_bed":1,"minecraft:golden_axe":69},"minecraft:custom":{"minecraft:interact_with_furnace":14,"minecraft:mob_kills":41,"minecraft:interact_with_crafting_table":19,"minecraft:bell_ring":75,"minecraft:leave_game":4,"minecraft:time_since_death":22903,"minecraft:sleep_in_bed":3,"minecraft:time_since_rest":3467,"minecraft:sprint_one_cm":203469,"minecraft:damage_taken":1590,"minecraft:walk_one_cm":141726,"minecraft:damage_blocked_by_shield":50,"minecraft:drop":11,"minecraft:damage_dealt":6167,"minecraft:talked_to_villager":1,"minecraft:swim_one_cm":16421,"minecraft:fly_one_cm":402880,"minecraft:open_chest":13,"minecraft:crouch_one_cm":7564,"minecraft:play_time":70202,"minecraft:deaths":1,"minecraft:sneak_time":3657,"minecraft:walk_under_water_one_cm":8049,"minecraft:jump":1849,"minecraft:walk_on_water_one_cm":14012,"minecraft:total_world_time":70202,"minecraft:fall_one_cm":56321},"minecraft:killed":{"minecraft:pig":2,"minecraft:spider":1,"minecraft:iron_golem":1,"minecraft:creeper":1,"minecraft:sheep":16,"minecraft:skeleton":3,"minecraft:zombie":8,"minecraft:cow":8},"minecraft:mined":{"minecraft:white_bed":1,"minecraft:deepslate_diamond_ore":4,"minecraft:crafting_table":3,"minecraft:grass_block":5,"minecraft:tall_grass":2,"minecraft:cobblestone":1,"minecraft:oak_planks":32,"minecraft:birch_planks":2,"minecraft:seagrass":1,"minecraft:tall_seagrass":2,"minecraft:furnace":2,"minecraft:birch_log":10,"minecraft:iron_ore":5,"minecraft:birch_leaves":5,"minecraft:yellow_bed":1,"minecraft:grass":37,"minecraft:pointed_dripstone":1,"minecraft:oak_log":32,"minecraft:deepslate_iron_ore":5,"minecraft:sunflower":4,"minecraft:dripstone_block":10,"minecraft:dirt":10,"minecraft:stone":13,"minecraft:white_wool":4,"minecraft:oak_leaves":14,"minecraft:deepslate":12},"minecraft:dropped":{"minecraft:wheat_seeds":3,"minecraft:rotten_flesh":3,"minecraft:poppy":1,"minecraft:gray_wool":1,"minecraft:wooden_axe":1,"minecraft:oak_sapling":1,"minecraft:sunflower":1,"minecraft:wooden_pickaxe":1,"minecraft:stone_pickaxe":1},"minecraft:picked_up":{"minecraft:birch_log":10,"minecraft:crafting_table":3,"minecraft:brown_wool":1,"minecraft:leather":7,"minecraft:birch_planks":2,"minecraft:oak_log":31,"minecraft:yellow_bed":1,"minecraft:gunpowder":2,"minecraft:dirt":15,"minecraft:string":2,"minecraft:bone":5,"minecraft:bow":2,"minecraft:wheat_seeds":3,"minecraft:cobbled_deepslate":12,"minecraft:stone_pickaxe":1,"minecraft:beef":17,"minecraft:iron_ingot":7,"minecraft:poppy":2,"minecraft:light_gray_wool":1,"minecraft:oak_planks":37,"minecraft:furnace":2,"minecraft:raw_iron":10,"minecraft:sand":5,"minecraft:dripstone_block":10,"minecraft:porkchop":5,"minecraft:pointed_dripstone":1,"minecraft:white_bed":1,"minecraft:rotten_flesh":8,"minecraft:arrow":1,"minecraft:diamond":5,"minecraft:gray_wool":1,"minecraft:oak_sapling":2,"minecraft:black_wool":1,"minecraft:mutton":22,"minecraft:white_wool":16,"minecraft:cobblestone":18,"minecraft:sunflower":1},"minecraft:crafted":{"minecraft:oak_planks":124,"minecraft:crafting_table":3,"minecraft:wooden_pickaxe":1,"minecraft:furnace":2,"minecraft:bucket":1,"minecraft:birch_planks":40,"minecraft:cooked_mutton":21,"minecraft:air":0,"minecraft:shield":1,"minecraft:stick":16,"minecraft:iron_ingot":7,"minecraft:iron_pickaxe":1,"minecraft:stone_pickaxe":1,"minecraft:wooden_axe":2,"minecraft:stone_sword":1,"minecraft:chest":1}},"DataVersion":3337}