{"stats":{"minecraft:used":{"minecraft:cooked_mutton":5,"minecraft:stone_sword":130,"minecraft:stone_pickaxe":22,"minecraft:oak_planks":25,"minecraft:wooden_pickaxe":24,"minecraft:chest":1,"minecraft:shield":3,"minecraft:white_wool":4,"minecraft:dirt":13,"minecraft:mutton":10,"minecraft:crafting_table":5,"minecraft:obsidian":3,"minecraft:wooden_axe":18,"minecraft:black_wool":1,"minecraft:bread":11,"minecraft:brown_wool":1,"minecraft:iron_pickaxe":18,"minecraft:light_gray_wool":1,"minecraft:cobblestone":2,"minecraft:beef":3,"minecraft:oak_sapling":1,"minecraft:furnace":3,"minecraft:porkchop":5,"minecraft:yellow_bed":1},"minecraft:custom":{"minecraft:interact_with_furnace":10,"minecraft:mob_kills":38,"minecraft:interact_with_crafting_table":17,"minecraft:leave_game":4,"minecraft:time_since_death":10903,"minecraft:sleep_in_bed":1,"minecraft:time_since_rest":11125,"minecraft:sprint_one_cm":163423,"minecraft:damage_taken":1250,"minecraft:walk_one_cm":108405,"minecraft:damage_blocked_by_shield":50,"minecraft:drop":9,"minecraft:damage_dealt":4765,"minecraft:swim_one_cm":16421,"minecraft:fly_one_cm":355959,"minecraft:open_chest":10,"minecraft:crouch_one_cm":4239,"minecraft:play_time":58202,"minecraft:deaths":1,"minecraft:sneak_time":1852,"minecraft:walk_under_water_one_cm":6825,"minecraft:jump":1545,"minecraft:walk_on_water_one_cm":12958,"minecraft:total_world_time":58202,"minecraft:fall_one_cm":49742},"minecraft:killed":{"minecraft:pig":2,"minecraft:spider":1,"minecraft:sheep":16,"minecraft:skeleton":3,"minecraft:zombie":8,"minecraft:cow":8},"minecraft:mined":{"minecraft:deepslate_diamond_ore":4,"minecraft:crafting_table":3,"minecraft:grass_block":5,"minecraft:tall_grass":2,"minecraft:cobblestone":1,"minecraft:seagrass":1,"minecraft:tall_seagrass":2,"minecraft:furnace":2,"minecraft:iron_ore":5,"minecraft:birch_leaves":3,"minecraft:yellow_bed":1,"minecraft:grass":31,"minecraft:pointed_dripstone":1,"minecraft:oak_log":20,"minecraft:deepslate_iron_ore":5,"minecraft:sunflower":4,"minecraft:dripstone_block":10,"minecraft:dirt":8,"minecraft:stone":13,"minecraft:white_wool":3,"minecraft:oak_leaves":13,"minecraft:deepslate":12},"minecraft:dropped":{"minecraft:wheat_seeds":3,"minecraft:rotten_flesh":2,"minecraft:gray_wool":1,"minecraft:wooden_axe":1,"minecraft:oak_sapling":1,"minecraft:sunflower":1,"minecraft:wooden_pickaxe":1,"minecraft:stone_pickaxe":1},"minecraft:picked_up":{"minecraft:crafting_table":3,"minecraft:brown_wool":1,"minecraft:leather":7,"minecraft:oak_log":20,"minecraft:yellow_bed":1,"minecraft:dirt":13,"minecraft:string":2,"minecraft:bone":3,"minecraft:bow":2,"minecraft:wheat_seeds":3,"minecraft:cobbled_deepslate":12,"minecraft:stone_pickaxe":1,"minecraft:beef":17,"minecraft:iron_ingot":3,"minecraft:light_gray_wool":1,"minecraft:oak_planks":16,"minecraft:furnace":2,"minecraft:raw_iron":10,"minecraft:dripstone_block":10,"minecraft:porkchop":5,"minecraft:pointed_dripstone":1,"minecraft:rotten_flesh":7,"minecraft:arrow":1,"minecraft:diamond":5,"minecraft:gray_wool":1,"minecraft:oak_sapling":2,"minecraft:black_wool":1,"minecraft:mutton":22,"minecraft:white_wool":15,"minecraft:cobblestone":14,"minecraft:sunflower":1},"minecraft:crafted":{"minecraft:oak_planks":80,"minecraft:crafting_table":3,"minecraft:wooden_pickaxe":1,"minecraft:furnace":2,"minecraft:cooked_mutton":5,"minecraft:air":0,"minecraft:shield":1,"minecraft:stick":16,"minecraft:iron_ingot":7,"minecraft:iron_pickaxe":1,"minecraft:stone_pickaxe":1,"minecraft:wooden_axe":2,"minecraft:stone_sword":1,"minecraft:chest":1}},"DataVersion":3337}