{"stats":{"minecraft:used":{"minecraft:wooden_axe":17,"minecraft:stone_sword":39,"minecraft:brown_wool":1,"minecraft:wooden_pickaxe":24,"minecraft:light_gray_wool":1,"minecraft:mutton":1,"minecraft:crafting_table":2},"minecraft:custom":{"minecraft:time_since_rest":18454,"minecraft:sprint_one_cm":32646,"minecraft:walk_one_cm":29395,"minecraft:mob_kills":13,"minecraft:drop":2,"minecraft:damage_dealt":1100,"minecraft:swim_one_cm":1999,"minecraft:interact_with_crafting_table":3,"minecraft:fly_one_cm":29253,"minecraft:crouch_one_cm":122,"minecraft:play_time":18454,"minecraft:sneak_time":107,"minecraft:walk_under_water_one_cm":331,"minecraft:jump":176,"minecraft:leave_game":3,"minecraft:walk_on_water_one_cm":717,"minecraft:time_since_death":18454,"minecraft:total_world_time":18454,"minecraft:fall_one_cm":3522},"minecraft:killed":{"minecraft:sheep":10,"minecraft:cow":3},"minecraft:mined":{"minecraft:birch_leaves":1,"minecraft:crafting_table":1,"minecraft:grass":9,"minecraft:grass_block":3,"minecraft:oak_log":20,"minecraft:dirt":8,"minecraft:tall_grass":1,"minecraft:stone":13,"minecraft:oak_leaves":6},"minecraft:dropped":{"minecraft:wooden_axe":1,"minecraft:wooden_pickaxe":1},"minecraft:picked_up":{"minecraft:crafting_table":1,"minecraft:leather":3,"minecraft:brown_wool":1,"minecraft:oak_log":20,"minecraft:dirt":11,"minecraft:beef":7,"minecraft:gray_wool":1,"minecraft:light_gray_wool":1,"minecraft:black_wool":1,"minecraft:mutton":14,"minecraft:white_wool":6,"minecraft:cobblestone":13},"minecraft:crafted":{"minecraft:oak_planks":80,"minecraft:crafting_table":1,"minecraft:stick":12,"minecraft:wooden_pickaxe":1,"minecraft:stone_pickaxe":1,"minecraft:wooden_axe":1,"minecraft:stone_sword":1}},"DataVersion":3337}