{"stats":{"minecraft:broken":{"minecraft:golden_axe":1},"minecraft:used":{"minecraft:stone_sword":175,"minecraft:poppy":1,"minecraft:chest":1,"minecraft:shield":3,"minecraft:bell":1,"minecraft:torch":2,"minecraft:dirt":16,"minecraft:mutton":10,"minecraft:obsidian":3,"minecraft:wooden_axe":18,"minecraft:iron_axe":65,"minecraft:barrel":9,"minecraft:light_gray_wool":1,"minecraft:beef":3,"minecraft:oak_sapling":1,"minecraft:furnace":4,"minecraft:cooked_beef":2,"minecraft:potato":26,"minecraft:cobbled_deepslate":43,"minecraft:golden_axe":69,"minecraft:cooked_mutton":21,"minecraft:water_bucket":1,"minecraft:birch_planks":29,"minecraft:stone_pickaxe":65,"minecraft:oak_planks":88,"minecraft:wooden_pickaxe":65,"minecraft:white_wool":6,"minecraft:sand":5,"minecraft:oak_slab":8,"minecraft:crafting_table":6,"minecraft:blast_furnace":3,"minecraft:white_bed":1,"minecraft:shears":3,"minecraft:black_wool":1,"minecraft:apple":3,"minecraft:bread":16,"minecraft:birch_slab":1,"minecraft:string":5,"minecraft:brown_wool":1,"minecraft:iron_pickaxe":57,"minecraft:stone_axe":35,"minecraft:diamond_sword":7,"minecraft:cobblestone":57,"minecraft:porkchop":5,"minecraft:cooked_porkchop":5,"minecraft:bucket":2,"minecraft:yellow_bed":1},"minecraft:killed_by":{"minecraft:iron_golem":1,"minecraft:zombie":1},"minecraft:custom":{"minecraft:mob_kills":63,"minecraft:interact_with_crafting_table":43,"minecraft:open_barrel":2,"minecraft:bell_ring":75,"minecraft:leave_game":7,"minecraft:time_since_death":26555,"minecraft:sprint_one_cm":322001,"minecraft:walk_one_cm":295791,"minecraft:damage_blocked_by_shield":50,"minecraft:drop":24,"minecraft:talked_to_villager":28,"minecraft:play_time":129947,"minecraft:deaths":4,"minecraft:sneak_time":9596,"minecraft:walk_under_water_one_cm":10219,"minecraft:jump":3129,"minecraft:interact_with_blast_furnace":22,"minecraft:walk_on_water_one_cm":24637,"minecraft:enchant_item":4,"minecraft:total_world_time":129947,"minecraft:interact_with_furnace":28,"minecraft:traded_with_villager":143,"minecraft:sleep_in_bed":7,"minecraft:time_since_rest":15857,"minecraft:damage_taken":4015,"minecraft:damage_dealt":10800,"minecraft:swim_one_cm":20486,"minecraft:fly_one_cm":558422,"minecraft:open_chest":59,"minecraft:crouch_one_cm":22829,"minecraft:fall_one_cm":86919},"minecraft:killed":{"minecraft:spider":3,"minecraft:skeleton":8,"minecraft:wolf":1,"minecraft:pig":4,"minecraft:iron_golem":1,"minecraft:creeper":1,"minecraft:sheep":20,"minecraft:zombie":16,"minecraft:cow":8},"minecraft:mined":{"minecraft:white_bed":2,"minecraft:deepslate_diamond_ore":5,"minecraft:grass_block":11,"minecraft:tall_seagrass":2,"minecraft:furnace":3,"minecraft:iron_ore":7,"minecraft:barrel":7,"minecraft:pointed_dripstone":1,"minecraft:deepslate_iron_ore":16,"minecraft:stripped_oak_log":24,"minecraft:stone":29,"minecraft:white_wool":4,"minecraft:tripwire":1,"minecraft:oak_fence":15,"minecraft:crafting_table":4,"minecraft:blast_furnace":1,"minecraft:chest":1,"minecraft:tall_grass":3,"minecraft:cobblestone":14,"minecraft:oak_planks":45,"minecraft:seagrass":1,"minecraft:birch_planks":8,"minecraft:birch_log":10,"minecraft:birch_leaves":5,"minecraft:yellow_bed":1,"minecraft:grass":46,"minecraft:oak_log":54,"minecraft:coal_ore":11,"minecraft:oak_fence_gate":3,"minecraft:dripstone_block":11,"minecraft:sunflower":4,"minecraft:gravel":1,"minecraft:sand":5,"minecraft:dirt":17,"minecraft:oak_leaves":15,"minecraft:deepslate":49},"minecraft:picked_up":{"minecraft:crafting_table":4,"minecraft:wooden_pickaxe":1,"minecraft:string":3836,"minecraft:cobbled_deepslate":58,"minecraft:beef":17,"minecraft:poppy":5,"minecraft:light_gray_wool":1,"minecraft:chest":1,"minecraft:furnace":3,"minecraft:raw_iron":48,"minecraft:oak_fence":13,"minecraft:porkchop":7,"minecraft:pointed_dripstone":7,"minecraft:rotten_flesh":18,"minecraft:arrow":4,"minecraft:mutton":28,"minecraft:white_wool":21,"minecraft:cobblestone":46,"minecraft:stripped_oak_log":24,"minecraft:birch_log":10,"minecraft:cooked_beef":2,"minecraft:water_bucket":1,"minecraft:birch_slab":1,"minecraft:andesite":2,"minecraft:brown_wool":1,"minecraft:leather":7,"minecraft:birch_planks":9,"minecraft:oak_log":54,"minecraft:yellow_bed":1,"minecraft:gunpowder":2,"minecraft:dirt":28,"minecraft:bone":10,"minecraft:bow":2,"minecraft:wheat_seeds":5,"minecraft:stone_pickaxe":2,"minecraft:iron_ingot":12,"minecraft:oak_fence_gate":3,"minecraft:oak_planks":51,"minecraft:iron_sword":1,"minecraft:dandelion":2,"minecraft:gravel":1,"minecraft:dripstone_block":12,"minecraft:sand":10,"minecraft:blast_furnace":1,"minecraft:white_bed":1,"minecraft:barrel":7,"minecraft:diamond":8,"minecraft:gray_wool":1,"minecraft:oak_sapling":4,"minecraft:netherrack":1,"minecraft:black_wool":1,"minecraft:coal":16,"minecraft:sunflower":1},"minecraft:dropped":{"minecraft:water_bucket":2,"minecraft:wheat_seeds":3,"minecraft:oak_fence":13,"minecraft:stick":1,"minecraft:gray_wool":1,"minecraft:wooden_axe":1,"minecraft:iron_leggings":1,"minecraft:sunflower":1,"minecraft:dandelion":1,"minecraft:pointed_dripstone":3,"minecraft:rotten_flesh":11,"minecraft:poppy":3,"minecraft:oak_fence_gate":3,"minecraft:oak_sapling":3,"minecraft:wooden_pickaxe":1,"minecraft:stone_pickaxe":1},"minecraft:crafted":{"minecraft:oak_planks":312,"minecraft:barrel":2,"minecraft:birch_slab":6,"minecraft:furnace":3,"minecraft:cooked_mutton":21,"minecraft:iron_boots":1,"minecraft:iron_axe":1,"minecraft:stone_pickaxe":3,"minecraft:chest":1,"minecraft:oak_slab":18,"minecraft:diamond_sword":1,"minecraft:emerald":112,"minecraft:crafting_table":4,"minecraft:wooden_pickaxe":2,"minecraft:bucket":1,"minecraft:birch_planks":40,"minecraft:stone_axe":1,"minecraft:bread":96,"minecraft:air":0,"minecraft:iron_chestplate":1,"minecraft:shield":2,"minecraft:stick":44,"minecraft:iron_ingot":25,"minecraft:iron_pickaxe":2,"minecraft:wooden_axe":2,"minecraft:stone_sword":2,"minecraft:iron_leggings":15,"minecraft:torch":20,"minecraft:shears":1}},"DataVersion":3337}