{"stats":{"minecraft:used":{"minecraft:wooden_axe":5,"minecraft:crafting_table":1},"minecraft:custom":{"minecraft:jump":6,"minecraft:time_since_rest":7509,"minecraft:sprint_one_cm":3451,"minecraft:leave_game":3,"minecraft:play_time":7509,"minecraft:time_since_death":7509,"minecraft:walk_one_cm":5329,"minecraft:total_world_time":7509,"minecraft:interact_with_crafting_table":1,"minecraft:fly_one_cm":327},"minecraft:mined":{"minecraft:oak_log":10,"minecraft:oak_leaves":1,"minecraft:crafting_table":1},"minecraft:picked_up":{"minecraft:crafting_table":1,"minecraft:oak_log":10},"minecraft:crafted":{"minecraft:crafting_table":1,"minecraft:oak_planks":40,"minecraft:stick":4,"minecraft:wooden_axe":1}},"DataVersion":3337}