{"stats":{"minecraft:killed":{"minecraft:shulker":3,"minecraft:skeleton":2,"minecraft:silverfish":1,"minecraft:pig":15,"minecraft:iron_golem":3,"minecraft:creeper":2,"minecraft:sheep":6,"minecraft:donkey":1,"minecraft:zombie":11,"minecraft:cow":4,"minecraft:enderman":55},"minecraft:dropped":{"minecraft:glass_bottle":1,"minecraft:ender_pearl":6,"minecraft:cracked_stone_bricks":1,"minecraft:purpur_stairs":1,"minecraft:dragon_breath":1,"minecraft:birch_slab":6,"minecraft:emerald":26,"minecraft:flint":3,"minecraft:dirt":162,"minecraft:cornflower":5,"minecraft:bone":4,"minecraft:gravel":25,"minecraft:stone_axe":3,"minecraft:netherite_sword":1,"minecraft:rotten_flesh":25,"minecraft:diamond_shovel":1,"minecraft:end_stone":15,"minecraft:poppy":2,"minecraft:basalt":4,"minecraft:arrow":2,"minecraft:beef":2,"minecraft:stone_brick_stairs":1,"minecraft:enchanted_book":2,"minecraft:iron_ingot":15,"minecraft:bread":95,"minecraft:netherite_pickaxe":1,"minecraft:wheat_seeds":5,"minecraft:poisonous_potato":2,"minecraft:netherite_axe":1,"minecraft:netherite_helmet":1,"minecraft:cobblestone":24,"minecraft:chainmail_helmet":1,"minecraft:diorite":10,"minecraft:potion":1,"minecraft:iron_leggings":2,"minecraft:iron_axe":1,"minecraft:string":132,"minecraft:dandelion":6,"minecraft:purpur_pillar":1,"minecraft:soul_soil":11,"minecraft:raw_copper":26,"minecraft:tuff":6,"minecraft:stone_shovel":1,"minecraft:raw_iron":8,"minecraft:iron_boots":3,"minecraft:nether_bricks":1,"minecraft:netherite_leggings":1,"minecraft:diamond_sword":2,"minecraft:potato":1,"minecraft:cobblestone_slab":4,"minecraft:spruce_boat":1,"minecraft:bow":1},"minecraft:mined":{"minecraft:dragon_wall_head":1,"minecraft:spruce_planks":1,"minecraft:cobblestone_stairs":4,"minecraft:brewing_stand":1,"minecraft:obsidian":1,"minecraft:grass_block":12,"minecraft:nether_wart":2,"minecraft:oxeye_daisy":2,"minecraft:iron_ore":13,"minecraft:fire":4,"minecraft:barrel":14,"minecraft:pointed_dripstone":2,"minecraft:dirt_path":6,"minecraft:iron_bars":1,"minecraft:tripwire":10,"minecraft:purpur_stairs":1,"minecraft:torch":4,"minecraft:cobblestone":56,"minecraft:grindstone":4,"minecraft:sugar_cane":53,"minecraft:oak_planks":4,"minecraft:wall_torch":5,"minecraft:birch_log":50,"minecraft:grass":20,"minecraft:oak_log":25,"minecraft:dirt":71,"minecraft:netherrack":7,"minecraft:oak_leaves":1,"minecraft:deepslate":2,"minecraft:tuff":2,"minecraft:end_stone":81,"minecraft:spruce_leaves":23,"minecraft:large_fern":2,"minecraft:spruce_sapling":1,"minecraft:bookshelf":7,"minecraft:deepslate_iron_ore":2,"minecraft:cobblestone_slab":7,"minecraft:chorus_plant":14,"minecraft:stone":179,"minecraft:glass_pane":1,"minecraft:basalt":4,"minecraft:dandelion":2,"minecraft:crafting_table":1,"minecraft:cornflower":1,"minecraft:tall_grass":3,"minecraft:diorite":11,"minecraft:blue_bed":2,"minecraft:birch_planks":1,"minecraft:cobblestone_wall":3,"minecraft:sweet_berry_bush":5,"minecraft:birch_leaves":3,"minecraft:coal_ore":27,"minecraft:end_rod":1,"minecraft:gravel":32,"minecraft:cracked_stone_bricks":1,"minecraft:fern":2},"minecraft:picked_up":{"minecraft:shulker_shell":1,"minecraft:diamond_sword":10,"minecraft:potion":2,"minecraft:stone_brick_stairs":1,"minecraft:brewing_stand":1,"minecraft:string":5174,"minecraft:soul_soil":11,"minecraft:raw_copper":26,"minecraft:iron_leggings":1,"minecraft:diamond_leggings":4,"minecraft:cobbled_deepslate":3,"minecraft:cobblestone_slab":7,"minecraft:ender_eye":1,"minecraft:iron_pickaxe":3,"minecraft:iron_boots":6,"minecraft:stick":78,"minecraft:torch":209,"minecraft:purpur_pillar":1,"minecraft:porkchop":18,"minecraft:pointed_dripstone":3,"minecraft:diorite":10,"minecraft:rotten_flesh":25,"minecraft:glowstone":1,"minecraft:end_rod":1,"minecraft:obsidian":2,"minecraft:cobblestone":353,"minecraft:birch_log":49,"minecraft:water_bucket":5,"minecraft:potato":2,"minecraft:flint":4,"minecraft:tuff":8,"minecraft:lapis_lazuli":49,"minecraft:netherite_leggings":1,"minecraft:dirt":763,"minecraft:name_tag":1,"minecraft:bone":5,"minecraft:bow":2,"minecraft:wheat_seeds":6,"minecraft:raw_gold":5,"minecraft:bell":1,"minecraft:grindstone":4,"minecraft:netherite_axe":1,"minecraft:diamond_helmet":4,"minecraft:oak_planks":4,"minecraft:cooked_porkchop":26,"minecraft:poisonous_potato":2,"minecraft:barrel":15,"minecraft:spruce_boat":21,"minecraft:netherite_helmet":1,"minecraft:granite":2,"minecraft:bread":187,"minecraft:emerald":114,"minecraft:chainmail_helmet":3,"minecraft:chorus_fruit":95,"minecraft:netherrack":160,"minecraft:diamond_pickaxe":8,"minecraft:crafting_table":2,"minecraft:nether_wart":8,"minecraft:dragon_head":1,"minecraft:shield":5,"minecraft:dragon_breath":1,"minecraft:cornflower":6,"minecraft:elytra":3,"minecraft:iron_axe":4,"minecraft:flint_and_steel":5,"minecraft:iron_shovel":1,"minecraft:cracked_stone_bricks":1,"minecraft:netherite_sword":1,"minecraft:beef":7,"minecraft:oak_boat":56,"minecraft:poppy":5,"minecraft:sugar_cane":103,"minecraft:diamond_hoe":5,"minecraft:raw_iron":29,"minecraft:end_stone":87,"minecraft:carrot":35,"minecraft:netherite_pickaxe":1,"minecraft:arrow":4,"minecraft:diamond_chestplate":4,"minecraft:nether_bricks":1,"minecraft:diamond_boots":4,"minecraft:saddle":1,"minecraft:gold_ingot":4,"minecraft:mutton":10,"minecraft:white_wool":262,"minecraft:oxeye_daisy":1,"minecraft:basalt":4,"minecraft:leather":3,"minecraft:birch_planks":161,"minecraft:purpur_stairs":1,"minecraft:oak_log":25,"minecraft:ancient_debris":5,"minecraft:gunpowder":11,"minecraft:cobblestone_wall":3,"minecraft:cobblestone_stairs":4,"minecraft:blue_bed":2,"minecraft:paper":64,"minecraft:apple":49,"minecraft:iron_ingot":16,"minecraft:glass_bottle":2,"minecraft:book":29,"minecraft:sweet_berries":10,"minecraft:dandelion":6,"minecraft:gravel":25,"minecraft:spruce_sapling":4,"minecraft:firework_rocket":33,"minecraft:diamond_shovel":8,"minecraft:stone_axe":3,"minecraft:chainmail_leggings":3,"minecraft:iron_helmet":2,"minecraft:diamond_axe":4,"minecraft:baked_potato":1,"minecraft:coal":44,"minecraft:ender_pearl":107},"minecraft:broken":{"minecraft:shield":1},"minecraft:custom":{"minecraft:interact_with_crafting_table":24,"minecraft:open_barrel":52,"minecraft:open_shulker_box":4,"minecraft:bell_ring":181,"minecraft:leave_game":21,"minecraft:time_since_death":7130,"minecraft:sprint_one_cm":1167548,"minecraft:damage_blocked_by_shield":1690,"minecraft:drop":210,"minecraft:talked_to_villager":216,"minecraft:play_time":269454,"minecraft:deaths":9,"minecraft:jump":8468,"minecraft:interact_with_brewingstand":1,"minecraft:walk_on_water_one_cm":21986,"minecraft:enchant_item":1,"minecraft:interact_with_furnace":19,"minecraft:traded_with_villager":783,"minecraft:sleep_in_bed":10,"minecraft:open_enderchest":10,"minecraft:damage_dealt":35852,"minecraft:crouch_one_cm":19179,"minecraft:interact_with_smithing_table":3,"minecraft:mob_kills":122,"minecraft:interact_with_anvil":12,"minecraft:inspect_hopper":20,"minecraft:climb_one_cm":216,"minecraft:walk_one_cm":370178,"minecraft:sneak_time":7114,"minecraft:walk_under_water_one_cm":4864,"minecraft:boat_one_cm":63128,"minecraft:total_world_time":269454,"minecraft:interact_with_grindstone":2,"minecraft:time_since_rest":7173,"minecraft:damage_taken":11140,"minecraft:swim_one_cm":15087,"minecraft:fly_one_cm":2107102,"minecraft:open_chest":209,"minecraft:aviate_one_cm":765822,"minecraft:fall_one_cm":248767},"minecraft:used":{"minecraft:iron_shovel":48,"minecraft:diamond_hoe":4,"minecraft:elytra":15,"minecraft:shield":51,"minecraft:iron_sword":5,"minecraft:nether_wart":8,"minecraft:bell":2,"minecraft:mutton":10,"minecraft:carrot":29,"minecraft:obsidian":1,"minecraft:spruce_boat":18,"minecraft:lava_bucket":1,"minecraft:bow":1,"minecraft:sweet_berries":10,"minecraft:potato":1,"minecraft:diamond_boots":4,"minecraft:chorus_fruit":89,"minecraft:oak_planks":93,"minecraft:ender_pearl":96,"minecraft:blue_bed":2,"minecraft:diamond_axe":72,"minecraft:end_stone":72,"minecraft:lever":2,"minecraft:firework_rocket":11,"minecraft:bread":85,"minecraft:string":10,"minecraft:diamond_sword":414,"minecraft:grindstone":1,"minecraft:oak_boat":57,"minecraft:netherite_sword":3,"minecraft:stone_sword":23,"minecraft:flint_and_steel":6,"minecraft:stone_shovel":10,"minecraft:spruce_planks":59,"minecraft:stone_hoe":16,"minecraft:netherrack":166,"minecraft:torch":155,"minecraft:brewing_stand":1,"minecraft:dirt":310,"minecraft:cobblestone_wall":9,"minecraft:diamond_helmet":3,"minecraft:bookshelf":7,"minecraft:iron_axe":25,"minecraft:iron_boots":2,"minecraft:barrel":20,"minecraft:diamond_chestplate":12,"minecraft:beef":5,"minecraft:cobbled_deepslate":1,"minecraft:iron_leggings":1,"minecraft:pointed_dripstone":3,"minecraft:water_bucket":100,"minecraft:cobblestone_stairs":16,"minecraft:birch_planks":14,"minecraft:glass_bottle":1,"minecraft:baked_potato":1,"minecraft:cobblestone_slab":10,"minecraft:crafting_table":2,"minecraft:white_bed":2,"minecraft:ender_eye":1,"minecraft:diamond_pickaxe":419,"minecraft:apple":17,"minecraft:diamond_shovel":70,"minecraft:spruce_sapling":1,"minecraft:stone_axe":41,"minecraft:cobblestone":203,"minecraft:cooked_porkchop":25,"minecraft:porkchop":18,"minecraft:bucket":102,"minecraft:diamond_leggings":2},"minecraft:killed_by":{"minecraft:player":8},"minecraft:crafted":{"minecraft:oak_planks":100,"minecraft:chainmail_helmet":1,"minecraft:cobblestone_slab":18,"minecraft:barrel":6,"minecraft:birch_slab":18,"minecraft:cobblestone_stairs":12,"minecraft:lever":2,"minecraft:diamond_shovel":2,"minecraft:bookshelf":7,"minecraft:diamond_helmet":1,"minecraft:diamond_leggings":1,"minecraft:bow":1,"minecraft:emerald":688,"minecraft:diamond_axe":1,"minecraft:crafting_table":1,"minecraft:birch_planks":196,"minecraft:iron_chestplate":1,"minecraft:paper":81,"minecraft:diamond_pickaxe":1,"minecraft:shield":1,"minecraft:stick":124,"minecraft:iron_ingot":9,"minecraft:gold_ingot":5,"minecraft:netherite_ingot":1,"minecraft:redstone":8,"minecraft:diamond_hoe":2,"minecraft:flint_and_steel":2,"minecraft:iron_axe":1,"minecraft:cobblestone_wall":6,"minecraft:diamond_boots":1,"minecraft:spruce_boat":1,"minecraft:netherite_scrap":5,"minecraft:chainmail_leggings":1,"minecraft:bucket":1,"minecraft:glowstone":12,"minecraft:enchanted_book":17,"minecraft:bread":186,"minecraft:air":0,"minecraft:oak_boat":1,"minecraft:white_wool":17,"minecraft:iron_shovel":1,"minecraft:white_bed":2,"minecraft:torch":256,"minecraft:lapis_lazuli":13,"minecraft:diamond_chestplate":1,"minecraft:firework_rocket":33}},"DataVersion":3337}