{"stats":{"minecraft:killed":{"minecraft:skeleton":1,"minecraft:silverfish":1,"minecraft:pig":14,"minecraft:iron_golem":3,"minecraft:creeper":2,"minecraft:sheep":6,"minecraft:zombie":3,"minecraft:donkey":1,"minecraft:enderman":40,"minecraft:cow":4},"minecraft:mined":{"minecraft:tuff":2,"minecraft:spruce_planks":1,"minecraft:cobblestone_stairs":4,"minecraft:end_stone":18,"minecraft:brewing_stand":1,"minecraft:obsidian":1,"minecraft:grass_block":12,"minecraft:spruce_leaves":23,"minecraft:oxeye_daisy":2,"minecraft:nether_wart":2,"minecraft:large_fern":2,"minecraft:spruce_sapling":1,"minecraft:iron_ore":8,"minecraft:fire":4,"minecraft:barrel":14,"minecraft:iron_bars":1,"minecraft:bookshelf":4,"minecraft:pointed_dripstone":2,"minecraft:cobblestone_slab":7,"minecraft:dirt_path":6,"minecraft:chorus_plant":9,"minecraft:stone":175,"minecraft:tripwire":9,"minecraft:glass_pane":1,"minecraft:basalt":4,"minecraft:dandelion":2,"minecraft:crafting_table":1,"minecraft:torch":3,"minecraft:tall_grass":3,"minecraft:cobblestone":55,"minecraft:grindstone":4,"minecraft:sugar_cane":10,"minecraft:oak_planks":2,"minecraft:wall_torch":5,"minecraft:diorite":11,"minecraft:blue_bed":2,"minecraft:birch_planks":1,"minecraft:cobblestone_wall":3,"minecraft:birch_log":36,"minecraft:sweet_berry_bush":5,"minecraft:birch_leaves":2,"minecraft:grass":20,"minecraft:oak_log":25,"minecraft:coal_ore":16,"minecraft:gravel":32,"minecraft:dirt":67,"minecraft:cracked_stone_bricks":1,"minecraft:netherrack":7,"minecraft:oak_leaves":1,"minecraft:fern":2},"minecraft:dropped":{"minecraft:enchanted_book":2,"minecraft:iron_ingot":15,"minecraft:bread":95,"minecraft:netherite_pickaxe":1,"minecraft:wheat_seeds":5,"minecraft:ender_pearl":6,"minecraft:glass_bottle":1,"minecraft:netherite_axe":1,"minecraft:netherite_helmet":1,"minecraft:cobblestone":24,"minecraft:cracked_stone_bricks":1,"minecraft:chainmail_helmet":1,"minecraft:dragon_breath":1,"minecraft:birch_slab":6,"minecraft:flint":3,"minecraft:emerald":26,"minecraft:dirt":7,"minecraft:diorite":10,"minecraft:cornflower":5,"minecraft:potion":1,"minecraft:iron_leggings":2,"minecraft:iron_axe":1,"minecraft:string":132,"minecraft:dandelion":5,"minecraft:gravel":25,"minecraft:stone_axe":3,"minecraft:soul_soil":11,"minecraft:raw_copper":26,"minecraft:netherite_sword":1,"minecraft:tuff":6,"minecraft:stone_shovel":1,"minecraft:raw_iron":8,"minecraft:rotten_flesh":2,"minecraft:iron_boots":3,"minecraft:end_stone":6,"minecraft:nether_bricks":1,"minecraft:netherite_leggings":1,"minecraft:poppy":2,"minecraft:cobblestone_slab":4,"minecraft:spruce_boat":1,"minecraft:basalt":4,"minecraft:bow":1,"minecraft:beef":2,"minecraft:stone_brick_stairs":1},"minecraft:picked_up":{"minecraft:crafting_table":2,"minecraft:nether_wart":8,"minecraft:diamond_sword":6,"minecraft:potion":2,"minecraft:stone_brick_stairs":1,"minecraft:brewing_stand":1,"minecraft:dragon_breath":1,"minecraft:shield":5,"minecraft:cornflower":5,"minecraft:string":4864,"minecraft:soul_soil":11,"minecraft:raw_copper":26,"minecraft:iron_axe":4,"minecraft:flint_and_steel":3,"minecraft:iron_leggings":1,"minecraft:iron_shovel":1,"minecraft:cracked_stone_bricks":1,"minecraft:diamond_leggings":2,"minecraft:cobbled_deepslate":1,"minecraft:netherite_sword":1,"minecraft:beef":7,"minecraft:oak_boat":46,"minecraft:cobblestone_slab":7,"minecraft:ender_eye":1,"minecraft:poppy":5,"minecraft:iron_pickaxe":3,"minecraft:sugar_cane":22,"minecraft:diamond_hoe":4,"minecraft:iron_boots":6,"minecraft:stick":29,"minecraft:raw_iron":10,"minecraft:end_stone":24,"minecraft:purpur_pillar":1,"minecraft:torch":193,"minecraft:porkchop":18,"minecraft:pointed_dripstone":3,"minecraft:diorite":10,"minecraft:carrot":35,"minecraft:netherite_pickaxe":1,"minecraft:arrow":1,"minecraft:rotten_flesh":2,"minecraft:diamond_chestplate":2,"minecraft:nether_bricks":1,"minecraft:diamond_boots":2,"minecraft:glowstone":1,"minecraft:obsidian":2,"minecraft:mutton":10,"minecraft:white_wool":262,"minecraft:cobblestone":350,"minecraft:oxeye_daisy":1,"minecraft:birch_log":35,"minecraft:basalt":4,"minecraft:water_bucket":3,"minecraft:leather":3,"minecraft:potato":1,"minecraft:birch_planks":115,"minecraft:flint":4,"minecraft:tuff":8,"minecraft:oak_log":25,"minecraft:cobblestone_wall":3,"minecraft:cobblestone_stairs":4,"minecraft:lapis_lazuli":49,"minecraft:netherite_leggings":1,"minecraft:dirt":276,"minecraft:blue_bed":2,"minecraft:bow":1,"minecraft:wheat_seeds":6,"minecraft:bell":1,"minecraft:iron_ingot":16,"minecraft:grindstone":4,"minecraft:netherite_axe":1,"minecraft:diamond_helmet":2,"minecraft:glass_bottle":2,"minecraft:oak_planks":2,"minecraft:book":16,"minecraft:cooked_porkchop":22,"minecraft:sweet_berries":10,"minecraft:dandelion":5,"minecraft:gravel":25,"minecraft:spruce_sapling":4,"minecraft:barrel":15,"minecraft:diamond_shovel":5,"minecraft:spruce_boat":21,"minecraft:stone_axe":3,"minecraft:netherite_helmet":1,"minecraft:chainmail_leggings":3,"minecraft:iron_helmet":2,"minecraft:granite":2,"minecraft:diamond_axe":2,"minecraft:emerald":105,"minecraft:bread":187,"minecraft:chainmail_helmet":3,"minecraft:chorus_fruit":50,"minecraft:netherrack":160,"minecraft:coal":21,"minecraft:ender_pearl":75,"minecraft:diamond_pickaxe":6},"minecraft:broken":{"minecraft:shield":1},"minecraft:custom":{"minecraft:interact_with_smithing_table":1,"minecraft:interact_with_anvil":7,"minecraft:mob_kills":88,"minecraft:inspect_hopper":16,"minecraft:interact_with_crafting_table":21,"minecraft:open_barrel":47,"minecraft:bell_ring":181,"minecraft:leave_game":15,"minecraft:time_since_death":63018,"minecraft:sprint_one_cm":882322,"minecraft:walk_one_cm":287721,"minecraft:damage_blocked_by_shield":1690,"minecraft:drop":183,"minecraft:talked_to_villager":168,"minecraft:play_time":206183,"minecraft:sneak_time":5898,"minecraft:deaths":7,"minecraft:walk_under_water_one_cm":4793,"minecraft:boat_one_cm":63128,"minecraft:jump":6673,"minecraft:walk_on_water_one_cm":19507,"minecraft:enchant_item":1,"minecraft:total_world_time":206183,"minecraft:interact_with_furnace":8,"minecraft:traded_with_villager":589,"minecraft:interact_with_grindstone":1,"minecraft:sleep_in_bed":9,"minecraft:time_since_rest":63043,"minecraft:open_enderchest":2,"minecraft:damage_taken":8314,"minecraft:damage_dealt":26185,"minecraft:swim_one_cm":15087,"minecraft:fly_one_cm":1582435,"minecraft:open_chest":177,"minecraft:crouch_one_cm":11781,"minecraft:fall_one_cm":201413},"minecraft:used":{"minecraft:iron_shovel":48,"minecraft:stone_sword":23,"minecraft:flint_and_steel":5,"minecraft:stone_shovel":10,"minecraft:diamond_hoe":3,"minecraft:spruce_planks":59,"minecraft:shield":51,"minecraft:iron_sword":5,"minecraft:nether_wart":8,"minecraft:bell":2,"minecraft:stone_hoe":16,"minecraft:netherrack":166,"minecraft:torch":102,"minecraft:brewing_stand":1,"minecraft:dirt":185,"minecraft:mutton":10,"minecraft:cobblestone_wall":9,"minecraft:carrot":29,"minecraft:obsidian":1,"minecraft:spruce_boat":18,"minecraft:lava_bucket":1,"minecraft:bookshelf":4,"minecraft:iron_axe":25,"minecraft:iron_boots":2,"minecraft:barrel":20,"minecraft:bow":1,"minecraft:beef":5,"minecraft:sweet_berries":10,"minecraft:potato":1,"minecraft:pointed_dripstone":3,"minecraft:iron_leggings":1,"minecraft:water_bucket":95,"minecraft:diamond_boots":3,"minecraft:cobblestone_stairs":16,"minecraft:birch_planks":14,"minecraft:glass_bottle":1,"minecraft:chorus_fruit":21,"minecraft:ender_pearl":60,"minecraft:oak_planks":90,"minecraft:blue_bed":2,"minecraft:diamond_axe":44,"minecraft:cobblestone_slab":10,"minecraft:crafting_table":2,"minecraft:white_bed":2,"minecraft:end_stone":8,"minecraft:ender_eye":1,"minecraft:lever":2,"minecraft:diamond_pickaxe":329,"minecraft:diamond_shovel":68,"minecraft:bread":85,"minecraft:string":9,"minecraft:spruce_sapling":1,"minecraft:stone_axe":41,"minecraft:diamond_sword":288,"minecraft:cobblestone":195,"minecraft:cooked_porkchop":22,"minecraft:porkchop":18,"minecraft:grindstone":1,"minecraft:bucket":96,"minecraft:oak_boat":46,"minecraft:diamond_leggings":1},"minecraft:killed_by":{"minecraft:player":6},"minecraft:crafted":{"minecraft:oak_planks":100,"minecraft:chainmail_helmet":1,"minecraft:redstone":8,"minecraft:cobblestone_slab":18,"minecraft:barrel":6,"minecraft:diamond_hoe":2,"minecraft:birch_slab":18,"minecraft:cobblestone_stairs":12,"minecraft:lever":2,"minecraft:diamond_shovel":2,"minecraft:bookshelf":4,"minecraft:flint_and_steel":2,"minecraft:bow":1,"minecraft:diamond_helmet":1,"minecraft:diamond_leggings":1,"minecraft:iron_axe":1,"minecraft:cobblestone_wall":6,"minecraft:diamond_boots":1,"minecraft:spruce_boat":1,"minecraft:chainmail_leggings":1,"minecraft:emerald":512,"minecraft:diamond_axe":1,"minecraft:crafting_table":1,"minecraft:bucket":1,"minecraft:birch_planks":140,"minecraft:enchanted_book":11,"minecraft:glowstone":12,"minecraft:bread":132,"minecraft:air":0,"minecraft:oak_boat":1,"minecraft:white_wool":17,"minecraft:iron_chestplate":1,"minecraft:diamond_pickaxe":1,"minecraft:shield":1,"minecraft:stick":68,"minecraft:iron_ingot":9,"minecraft:iron_shovel":1,"minecraft:white_bed":2,"minecraft:torch":164,"minecraft:lapis_lazuli":13,"minecraft:diamond_chestplate":1}},"DataVersion":3337}