{"stats":{"minecraft:killed":{"minecraft:pig":2,"minecraft:spider":2,"minecraft:sheep":10,"minecraft:skeleton":3,"minecraft:zombie":3,"minecraft:chicken":4},"minecraft:dropped":{"minecraft:stone_sword":3,"minecraft:feather":8,"minecraft:rotten_flesh":6,"minecraft:dirt":1,"minecraft:peony":1,"minecraft:spider_eye":4,"minecraft:stone_pickaxe":1,"minecraft:arrow":4,"minecraft:wooden_pickaxe":1,"minecraft:string":4},"minecraft:mined":{"minecraft:spruce_planks":1,"minecraft:crafting_table":5,"minecraft:granite":11,"minecraft:grass_block":7,"minecraft:cobblestone":2,"minecraft:spruce_leaves":12,"minecraft:oak_planks":5,"minecraft:diorite":6,"minecraft:large_fern":1,"minecraft:furnace":6,"minecraft:iron_ore":6,"minecraft:sweet_berry_bush":23,"minecraft:spruce_log":15,"minecraft:birch_leaves":1,"minecraft:peony":1,"minecraft:grass":5,"minecraft:oak_log":9,"minecraft:coal_ore":41,"minecraft:dirt":4,"minecraft:stone":101,"minecraft:oak_leaves":8,"minecraft:fern":1},"minecraft:picked_up":{"minecraft:crafting_table":5,"minecraft:feather":8,"minecraft:chicken":4,"minecraft:oak_log":9,"minecraft:dirt":10,"minecraft:string":4,"minecraft:bone":4,"minecraft:bow":1,"minecraft:spruce_planks":1,"minecraft:light_gray_wool":1,"minecraft:oak_planks":4,"minecraft:egg":1,"minecraft:furnace":6,"minecraft:stick":4,"minecraft:raw_iron":7,"minecraft:cooked_porkchop":1,"minecraft:sweet_berries":42,"minecraft:porkchop":4,"minecraft:spruce_sapling":1,"minecraft:diorite":6,"minecraft:spruce_log":15,"minecraft:spider_eye":4,"minecraft:stone_sword":1,"minecraft:arrow":8,"minecraft:rotten_flesh":7,"minecraft:spruce_boat":1,"minecraft:peony":1,"minecraft:granite":11,"minecraft:mutton":26,"minecraft:coal":157,"minecraft:white_wool":9,"minecraft:cobblestone":103},"minecraft:custom":{"minecraft:interact_with_furnace":39,"minecraft:mob_kills":25,"minecraft:interact_with_crafting_table":10,"minecraft:leave_game":5,"minecraft:time_since_death":39073,"minecraft:time_since_rest":39073,"minecraft:sprint_one_cm":105820,"minecraft:damage_taken":1275,"minecraft:walk_one_cm":58733,"minecraft:damage_blocked_by_shield":125,"minecraft:drop":20,"minecraft:damage_dealt":3076,"minecraft:fly_one_cm":134960,"minecraft:crouch_one_cm":11832,"minecraft:play_time":39073,"minecraft:sneak_time":5348,"minecraft:walk_under_water_one_cm":86,"minecraft:boat_one_cm":28944,"minecraft:jump":967,"minecraft:walk_on_water_one_cm":7517,"minecraft:total_world_time":39073,"minecraft:fall_one_cm":32226},"minecraft:broken":{"minecraft:stone_pickaxe":1},"minecraft:used":{"minecraft:cooked_mutton":15,"minecraft:stone_sword":47,"minecraft:stone_pickaxe":164,"minecraft:oak_planks":32,"minecraft:shield":8,"minecraft:spruce_planks":19,"minecraft:wooden_pickaxe":11,"minecraft:iron_sword":10,"minecraft:cooked_chicken":3,"minecraft:dirt":6,"minecraft:crafting_table":5,"minecraft:spruce_boat":1,"minecraft:iron_pickaxe":2,"minecraft:spruce_sapling":1,"minecraft:stone_axe":44,"minecraft:cobblestone":40,"minecraft:sweet_berries":8,"minecraft:furnace":6,"minecraft:porkchop":1,"minecraft:egg":1},"minecraft:crafted":{"minecraft:oak_planks":36,"minecraft:cooked_porkchop":2,"minecraft:crafting_table":1,"minecraft:spruce_planks":60,"minecraft:cooked_chicken":4,"minecraft:wooden_pickaxe":1,"minecraft:iron_sword":1,"minecraft:furnace":2,"minecraft:stone_axe":1,"minecraft:cooked_mutton":16,"minecraft:air":0,"minecraft:shield":1,"minecraft:stick":60,"minecraft:iron_ingot":6,"minecraft:iron_pickaxe":1,"minecraft:stone_pickaxe":2,"minecraft:stone_sword":2,"minecraft:spruce_boat":1}},"DataVersion":3337}