{"stats":{"minecraft:used":{"minecraft:wooden_axe":11,"minecraft:stone_pickaxe":47,"minecraft:iron_pickaxe":14,"minecraft:wooden_pickaxe":15,"minecraft:stone_axe":2,"minecraft:dirt":5,"minecraft:crafting_table":3,"minecraft:furnace":1},"minecraft:custom":{"minecraft:time_since_rest":6673,"minecraft:interact_with_furnace":5,"minecraft:sprint_one_cm":23000,"minecraft:damage_taken":40,"minecraft:walk_one_cm":7557,"minecraft:drop":13,"minecraft:interact_with_crafting_table":4,"minecraft:fly_one_cm":9599,"minecraft:crouch_one_cm":2882,"minecraft:play_time":6673,"minecraft:sneak_time":1357,"minecraft:jump":97,"minecraft:time_since_death":6673,"minecraft:total_world_time":6673,"minecraft:fall_one_cm":2070},"minecraft:mined":{"minecraft:furnace":1,"minecraft:iron_ore":7,"minecraft:andesite":4,"minecraft:crafting_table":3,"minecraft:grass":2,"minecraft:coal_ore":22,"minecraft:oak_log":8,"minecraft:dirt":6,"minecraft:stone":38,"minecraft:diorite":1,"minecraft:oak_leaves":7},"minecraft:dropped":{"minecraft:dirt":2,"minecraft:wheat_seeds":1,"minecraft:diorite":2,"minecraft:wooden_axe":3,"minecraft:oak_sapling":1,"minecraft:stone_pickaxe":1,"minecraft:wooden_pickaxe":3},"minecraft:picked_up":{"minecraft:wooden_axe":2,"minecraft:raw_iron":7,"minecraft:crafting_table":3,"minecraft:andesite":4,"minecraft:wooden_pickaxe":2,"minecraft:oak_log":8,"minecraft:diorite":2,"minecraft:dirt":7,"minecraft:wheat_seeds":1,"minecraft:oak_sapling":1,"minecraft:coal":22,"minecraft:cobblestone":38,"minecraft:furnace":1},"minecraft:crafted":{"minecraft:oak_planks":32,"minecraft:crafting_table":1,"minecraft:stick":12,"minecraft:iron_pickaxe":1,"minecraft:iron_ingot":6,"minecraft:wooden_pickaxe":1,"minecraft:stone_pickaxe":1,"minecraft:wooden_axe":1,"minecraft:stone_sword":1,"minecraft:furnace":1,"minecraft:stone_axe":1,"minecraft:air":0}},"DataVersion":3337}