{"stats":{"minecraft:used":{"minecraft:calcite":2,"minecraft:oak_fence":1,"minecraft:cooked_mutton":2,"minecraft:diorite":4,"minecraft:amethyst_block":2,"minecraft:stone_sword":9,"minecraft:stone_pickaxe":50,"minecraft:wooden_pickaxe":15,"minecraft:torch":3,"minecraft:dirt":14,"minecraft:crafting_table":4,"minecraft:shears":65,"minecraft:granite":5,"minecraft:wooden_axe":11,"minecraft:iron_pickaxe":245,"minecraft:gravel":4,"minecraft:smooth_basalt":4,"minecraft:stone_axe":30,"minecraft:cobblestone":66,"minecraft:furnace":2,"minecraft:andesite":4,"minecraft:cooked_beef":1,"minecraft:cobbled_deepslate":17,"minecraft:pointed_dripstone":2,"minecraft:cobweb":5},"minecraft:custom":{"minecraft:interact_with_furnace":15,"minecraft:mob_kills":5,"minecraft:interact_with_crafting_table":10,"minecraft:leave_game":1,"minecraft:time_since_death":11931,"minecraft:time_since_rest":11958,"minecraft:sprint_one_cm":118872,"minecraft:damage_taken":1095,"minecraft:walk_one_cm":44814,"minecraft:drop":13,"minecraft:damage_dealt":932,"minecraft:fly_one_cm":24660,"minecraft:crouch_one_cm":14199,"minecraft:play_time":29915,"minecraft:deaths":3,"minecraft:sneak_time":5369,"minecraft:walk_under_water_one_cm":417,"minecraft:jump":437,"minecraft:walk_on_water_one_cm":1087,"minecraft:total_world_time":29915,"minecraft:fall_one_cm":27377},"minecraft:killed":{"minecraft:creeper":1,"minecraft:zombie":4},"minecraft:mined":{"minecraft:diamond_ore":10,"minecraft:amethyst_cluster":2,"minecraft:oak_fence":1,"minecraft:crafting_table":5,"minecraft:granite":21,"minecraft:grass_block":1,"minecraft:calcite":2,"minecraft:cobblestone":5,"minecraft:oak_planks":1,"minecraft:diorite":5,"minecraft:wall_torch":1,"minecraft:amethyst_block":2,"minecraft:furnace":4,"minecraft:iron_ore":45,"minecraft:andesite":12,"minecraft:grass":6,"minecraft:oak_log":19,"minecraft:pointed_dripstone":6,"minecraft:coal_ore":22,"minecraft:gravel":4,"minecraft:dirt":14,"minecraft:cobweb":51,"minecraft:smooth_basalt":4,"minecraft:stone":158,"minecraft:oak_leaves":25,"minecraft:deepslate":1},"minecraft:dropped":{"minecraft:wheat_seeds":1,"minecraft:dirt":2,"minecraft:diorite":2,"minecraft:wooden_axe":3,"minecraft:oak_sapling":1,"minecraft:wooden_pickaxe":3,"minecraft:stone_pickaxe":1},"minecraft:picked_up":{"minecraft:wooden_axe":2,"minecraft:crafting_table":5,"minecraft:andesite":11,"minecraft:wooden_pickaxe":2,"minecraft:potato":1,"minecraft:oak_log":19,"minecraft:amethyst_block":6,"minecraft:dirt":16,"minecraft:wheat_seeds":2,"minecraft:cobbled_deepslate":17,"minecraft:stone_pickaxe":3,"minecraft:cobweb":151,"minecraft:calcite":6,"minecraft:iron_pickaxe":2,"minecraft:oak_planks":1,"minecraft:furnace":4,"minecraft:raw_iron":45,"minecraft:smooth_basalt":4,"minecraft:oak_fence":1,"minecraft:torch":13,"minecraft:gravel":9,"minecraft:porkchop":1,"minecraft:amethyst_shard":24,"minecraft:pointed_dripstone":8,"minecraft:diorite":6,"minecraft:rotten_flesh":1,"minecraft:diamond":36,"minecraft:stone_axe":2,"minecraft:granite":21,"minecraft:oak_sapling":2,"minecraft:oak_leaves":13,"minecraft:coal":42,"minecraft:rail":10,"minecraft:cobblestone":173},"minecraft:crafted":{"minecraft:cooked_beef":3,"minecraft:oak_planks":32,"minecraft:crafting_table":1,"minecraft:wooden_pickaxe":1,"minecraft:iron_helmet":1,"minecraft:furnace":1,"minecraft:stone_axe":1,"minecraft:cooked_mutton":2,"minecraft:air":0,"minecraft:iron_boots":1,"minecraft:iron_chestplate":1,"minecraft:stick":16,"minecraft:iron_ingot":38,"minecraft:iron_pickaxe":1,"minecraft:stone_pickaxe":1,"minecraft:wooden_axe":1,"minecraft:stone_sword":1,"minecraft:iron_leggings":1,"minecraft:torch":12,"minecraft:shears":2}},"DataVersion":3337}