{"stats":{"minecraft:used":{"minecraft:calcite":2,"minecraft:wheat_seeds":1,"minecraft:oak_fence":1,"minecraft:cooked_mutton":2,"minecraft:diorite":4,"minecraft:amethyst_block":2,"minecraft:stone_sword":9,"minecraft:stone_pickaxe":50,"minecraft:oak_planks":1,"minecraft:cartography_table":4,"minecraft:wooden_pickaxe":15,"minecraft:iron_sword":38,"minecraft:composter":1,"minecraft:torch":3,"minecraft:dirt":14,"minecraft:crafting_table":5,"minecraft:blast_furnace":1,"minecraft:shears":68,"minecraft:granite":5,"minecraft:wooden_axe":11,"minecraft:iron_pickaxe":249,"minecraft:gravel":4,"minecraft:smooth_basalt":4,"minecraft:stone_axe":62,"minecraft:cobblestone":66,"minecraft:sweet_berries":7,"minecraft:furnace":3,"minecraft:andesite":4,"minecraft:cooked_beef":3,"minecraft:cobbled_deepslate":17,"minecraft:pointed_dripstone":2,"minecraft:cobweb":8},"minecraft:custom":{"minecraft:interact_with_smithing_table":1,"minecraft:interact_with_furnace":17,"minecraft:mob_kills":25,"minecraft:interact_with_cartography_table":1,"minecraft:interact_with_crafting_table":13,"minecraft:leave_game":1,"minecraft:time_since_death":23931,"minecraft:sleep_in_bed":2,"minecraft:time_since_rest":3935,"minecraft:sprint_one_cm":186815,"minecraft:damage_taken":1195,"minecraft:walk_one_cm":57247,"minecraft:drop":31,"minecraft:damage_dealt":2572,"minecraft:talked_to_villager":11,"minecraft:swim_one_cm":4413,"minecraft:fly_one_cm":124031,"minecraft:open_chest":3,"minecraft:crouch_one_cm":14999,"minecraft:play_time":41915,"minecraft:deaths":3,"minecraft:sneak_time":5702,"minecraft:walk_under_water_one_cm":520,"minecraft:jump":839,"minecraft:interact_with_blast_furnace":2,"minecraft:walk_on_water_one_cm":2141,"minecraft:total_world_time":41915,"minecraft:fall_one_cm":36097},"minecraft:killed":{"minecraft:pig":10,"minecraft:creeper":1,"minecraft:sheep":6,"minecraft:zombie":4,"minecraft:chicken":4},"minecraft:mined":{"minecraft:diamond_ore":10,"minecraft:white_bed":2,"minecraft:amethyst_cluster":2,"minecraft:oak_fence":1,"minecraft:crafting_table":6,"minecraft:granite":21,"minecraft:blast_furnace":2,"minecraft:grass_block":1,"minecraft:calcite":2,"minecraft:cobblestone":5,"minecraft:sugar_cane":4,"minecraft:composter":1,"minecraft:oak_planks":4,"minecraft:cartography_table":4,"minecraft:diorite":5,"minecraft:wall_torch":1,"minecraft:amethyst_block":2,"minecraft:furnace":5,"minecraft:wheat":1,"minecraft:iron_ore":45,"minecraft:sweet_berry_bush":13,"minecraft:andesite":12,"minecraft:grass":9,"minecraft:oak_log":32,"minecraft:pointed_dripstone":6,"minecraft:coal_ore":22,"minecraft:gravel":4,"minecraft:dirt":14,"minecraft:cobweb":54,"minecraft:smooth_basalt":4,"minecraft:stone":158,"minecraft:fern":2,"minecraft:oak_leaves":25,"minecraft:deepslate":1,"minecraft:smithing_table":1},"minecraft:dropped":{"minecraft:stone_axe":1,"minecraft:wheat_seeds":4,"minecraft:pointed_dripstone":4,"minecraft:feather":8,"minecraft:rotten_flesh":1,"minecraft:fern":1,"minecraft:stick":3,"minecraft:dirt":2,"minecraft:potato":1,"minecraft:hay_block":1,"minecraft:diorite":2,"minecraft:wooden_axe":3,"minecraft:oak_sapling":2,"minecraft:wooden_pickaxe":3,"minecraft:stone_pickaxe":1,"minecraft:iron_pickaxe":1,"minecraft:paper":2,"minecraft:string":1,"minecraft:egg":2},"minecraft:picked_up":{"minecraft:wooden_axe":2,"minecraft:crafting_table":6,"minecraft:feather":8,"minecraft:chicken":4,"minecraft:andesite":11,"minecraft:smithing_table":1,"minecraft:fern":1,"minecraft:wooden_pickaxe":2,"minecraft:potato":1,"minecraft:oak_log":32,"minecraft:amethyst_block":6,"minecraft:string":1,"minecraft:dirt":16,"minecraft:paper":2,"minecraft:wheat_seeds":6,"minecraft:cartography_table":4,"minecraft:cobbled_deepslate":17,"minecraft:stone_pickaxe":3,"minecraft:cobweb":153,"minecraft:sugar_cane":8,"minecraft:calcite":6,"minecraft:iron_pickaxe":2,"minecraft:oak_planks":4,"minecraft:egg":2,"minecraft:furnace":5,"minecraft:raw_iron":45,"minecraft:smooth_basalt":4,"minecraft:sweet_berries":52,"minecraft:composter":1,"minecraft:oak_fence":1,"minecraft:torch":13,"minecraft:gravel":9,"minecraft:porkchop":23,"minecraft:amethyst_shard":24,"minecraft:blast_furnace":2,"minecraft:pointed_dripstone":8,"minecraft:diorite":6,"minecraft:white_bed":2,"minecraft:rotten_flesh":1,"minecraft:diamond":36,"minecraft:stone_axe":2,"minecraft:hay_block":1,"minecraft:granite":21,"minecraft:black_wool":3,"minecraft:mutton":10,"minecraft:white_wool":9,"minecraft:oak_sapling":3,"minecraft:oak_leaves":13,"minecraft:coal":53,"minecraft:rail":10,"minecraft:cobblestone":173},"minecraft:crafted":{"minecraft:cooked_beef":3,"minecraft:oak_planks":128,"minecraft:cooked_porkchop":1,"minecraft:crafting_table":1,"minecraft:wooden_pickaxe":1,"minecraft:iron_helmet":1,"minecraft:iron_sword":1,"minecraft:furnace":1,"minecraft:stone_axe":2,"minecraft:cooked_mutton":2,"minecraft:air":0,"minecraft:iron_boots":1,"minecraft:iron_chestplate":1,"minecraft:stick":24,"minecraft:iron_ingot":38,"minecraft:iron_pickaxe":2,"minecraft:stone_pickaxe":1,"minecraft:wooden_axe":1,"minecraft:stone_sword":1,"minecraft:iron_leggings":1,"minecraft:torch":12,"minecraft:shears":2}},"DataVersion":3337}