{"stats":{"minecraft:used":{"minecraft:oak_fence":1,"minecraft:stone_sword":9,"minecraft:stone_pickaxe":47,"minecraft:wooden_pickaxe":15,"minecraft:torch":3,"minecraft:dirt":5,"minecraft:crafting_table":3,"minecraft:shears":51,"minecraft:granite":5,"minecraft:wooden_axe":11,"minecraft:iron_pickaxe":147,"minecraft:smooth_basalt":4,"minecraft:stone_axe":3,"minecraft:cobblestone":36,"minecraft:furnace":2,"minecraft:andesite":4,"minecraft:pointed_dripstone":2,"minecraft:cobweb":1},"minecraft:custom":{"minecraft:interact_with_furnace":7,"minecraft:mob_kills":2,"minecraft:interact_with_crafting_table":5,"minecraft:leave_game":1,"minecraft:time_since_death":2094,"minecraft:time_since_rest":2121,"minecraft:sprint_one_cm":82267,"minecraft:damage_taken":685,"minecraft:walk_one_cm":33771,"minecraft:drop":13,"minecraft:damage_dealt":379,"minecraft:fly_one_cm":18493,"minecraft:crouch_one_cm":8930,"minecraft:play_time":17915,"minecraft:deaths":2,"minecraft:sneak_time":3248,"minecraft:jump":286,"minecraft:walk_on_water_one_cm":604,"minecraft:total_world_time":17915,"minecraft:fall_one_cm":19769},"minecraft:killed":{"minecraft:zombie":2},"minecraft:mined":{"minecraft:diamond_ore":4,"minecraft:amethyst_cluster":2,"minecraft:oak_fence":1,"minecraft:crafting_table":3,"minecraft:granite":9,"minecraft:calcite":2,"minecraft:cobblestone":2,"minecraft:oak_planks":1,"minecraft:diorite":1,"minecraft:wall_torch":1,"minecraft:amethyst_block":2,"minecraft:furnace":1,"minecraft:iron_ore":38,"minecraft:andesite":10,"minecraft:grass":6,"minecraft:oak_log":8,"minecraft:pointed_dripstone":3,"minecraft:coal_ore":22,"minecraft:gravel":4,"minecraft:dirt":6,"minecraft:cobweb":51,"minecraft:smooth_basalt":4,"minecraft:stone":107,"minecraft:oak_leaves":7},"minecraft:dropped":{"minecraft:wheat_seeds":1,"minecraft:dirt":2,"minecraft:diorite":2,"minecraft:wooden_axe":3,"minecraft:oak_sapling":1,"minecraft:wooden_pickaxe":3,"minecraft:stone_pickaxe":1},"minecraft:picked_up":{"minecraft:wooden_axe":2,"minecraft:crafting_table":3,"minecraft:andesite":10,"minecraft:wooden_pickaxe":2,"minecraft:oak_log":8,"minecraft:amethyst_block":2,"minecraft:dirt":7,"minecraft:wheat_seeds":2,"minecraft:stone_pickaxe":1,"minecraft:cobweb":51,"minecraft:calcite":2,"minecraft:oak_planks":1,"minecraft:furnace":1,"minecraft:raw_iron":38,"minecraft:smooth_basalt":4,"minecraft:oak_fence":1,"minecraft:torch":2,"minecraft:gravel":5,"minecraft:amethyst_shard":8,"minecraft:pointed_dripstone":3,"minecraft:diorite":2,"minecraft:diamond":4,"minecraft:granite":9,"minecraft:oak_sapling":1,"minecraft:coal":22,"minecraft:rail":3,"minecraft:cobblestone":109},"minecraft:crafted":{"minecraft:oak_planks":32,"minecraft:crafting_table":1,"minecraft:wooden_pickaxe":1,"minecraft:furnace":1,"minecraft:stone_axe":1,"minecraft:air":0,"minecraft:stick":16,"minecraft:iron_ingot":6,"minecraft:iron_pickaxe":1,"minecraft:stone_pickaxe":1,"minecraft:wooden_axe":1,"minecraft:stone_sword":1,"minecraft:torch":12,"minecraft:shears":1}},"DataVersion":3337}